Date,Location,Latitude,Longitude,SST (°C),pH Level,Bleaching Severity,Species Observed,Marine Heatwave
1/1/2010,Maldives,25.62268716,69.32964249,26.92346722,8.081973167,None,101,FALSE
1/8/2010,Red Sea,6.432709574,92.46803641,26.74503202,8.063280853,High,122,FALSE
1/15/2010,Maldives,-2.724145361,63.7116303,29.4836576,7.989939093,Low,119,FALSE
1/22/2010,Caribbean Sea,0.757664875,-4.444301462,25.87325022,7.963200666,Medium,135,TRUE
1/29/2010,Maldives,4.916324665,164.9313802,28.88853363,7.91948506,None,113,FALSE
2/5/2010,Galápagos,8.768521136,2.274750206,29.14959163,8.070991411,Medium,64,FALSE
2/12/2010,South China Sea,39.49329457,-138.5324907,29.89830341,8.039396743,Medium,130,FALSE
2/19/2010,Great Barrier Reef,13.51297743,-22.27967956,28.05364814,7.984334197,Medium,126,FALSE
2/26/2010,Red Sea,4.331265101,86.72110177,29.5579392,8.114351791,Medium,144,FALSE
3/5/2010,South China Sea,-2.613573651,41.795023,29.62199082,8.031555252,Low,115,FALSE
3/12/2010,Red Sea,7.518719683,-56.60314779,30.66137305,8.114394419,Low,154,FALSE
3/19/2010,Hawaiian Islands,18.89916343,114.0891407,26.70792498,8.088151412,None,133,FALSE
3/26/2010,Hawaiian Islands,5.291623908,49.41391152,27.13914921,7.934943635,Low,130,FALSE
4/2/2010,Caribbean Sea,26.31800181,74.46082093,29.6279733,7.953330508,None,82,FALSE
4/9/2010,Maldives,23.82378275,41.31976959,27.82428543,8.119449541,High,103,FALSE
4/16/2010,Maldives,-2.548889959,-75.11987474,25.45923422,8.040230611,Medium,69,TRUE
4/23/2010,Hawaiian Islands,25.36541682,68.65711769,27.50004049,8.118854659,High,66,FALSE
4/30/2010,Galápagos,30.40216401,-39.06521165,31.26620991,8.09014665,None,131,FALSE
5/7/2010,Hawaiian Islands,-4.462158872,36.57034682,29.24133247,8.001956441,High,136,FALSE
5/14/2010,Caribbean Sea,24.31660203,-5.572156916,30.46811024,8.022987098,Low,94,FALSE
5/21/2010,Caribbean Sea,8.676806512,89.74944601,28.95154092,8.085742847,None,66,FALSE
5/28/2010,Red Sea,27.23506893,-57.26591327,25.58426209,8.146180454,None,74,FALSE
6/4/2010,South China Sea,18.92064224,-54.7394668,26.5802217,8.02783781,None,164,TRUE
6/11/2010,South China Sea,18.0931456,-116.4013893,29.10601704,8.094997994,Medium,152,FALSE
6/18/2010,South China Sea,25.68476323,88.56162182,27.56167514,7.958188357,Medium,75,FALSE
6/25/2010,Hawaiian Islands,17.57345189,24.01849123,28.16397471,7.962447078,High,142,FALSE
7/2/2010,Caribbean Sea,3.552272447,42.57626714,28.26207282,8.068470088,None,121,FALSE
7/9/2010,Caribbean Sea,-16.55514813,201.139982,28.15369678,8.162737816,Medium,152,FALSE
7/16/2010,Hawaiian Islands,-7.1659658,-103.4320707,28.18713429,8.067208466,None,163,TRUE
7/23/2010,Great Barrier Reef,20.27801539,55.37612493,26.59312541,7.998237473,Medium,111,FALSE
7/30/2010,Hawaiian Islands,29.4733526,-176.9025428,28.44570651,8.060118755,High,109,FALSE
8/6/2010,Caribbean Sea,-15.44267132,141.0965776,28.51334733,8.091210592,High,145,FALSE
8/13/2010,Galápagos,6.854317427,148.3464622,27.09979976,8.110574742,None,114,FALSE
8/20/2010,Galápagos,11.84026175,40.76186592,28.20811362,8.027239162,None,90,FALSE
8/27/2010,Caribbean Sea,-11.92279534,0.537298854,29.47499878,8.082837821,Low,94,FALSE
9/3/2010,Red Sea,8.695119735,61.78857976,25.53707672,7.907244536,High,94,FALSE
9/10/2010,South China Sea,-7.888991247,40.83137278,28.27004316,7.982644679,Low,162,FALSE
9/17/2010,Caribbean Sea,-14.66927295,-87.10451917,27.75625768,8.034478143,High,166,FALSE
9/24/2010,South China Sea,5.590848723,-245.9011153,30.77068241,8.048725334,None,169,FALSE
10/1/2010,Red Sea,21.75437789,135.9165178,29.59810198,8.008481222,Low,110,FALSE
10/8/2010,Maldives,7.767785283,-232.5242035,29.96180223,8.161711224,Low,153,FALSE
10/15/2010,Galápagos,22.13978875,-15.95471406,31.15423289,8.023912093,High,88,FALSE
10/22/2010,South China Sea,5.252221911,21.66655634,28.15026552,8.063704324,High,115,FALSE
10/29/2010,Great Barrier Reef,2.102329575,5.566699443,27.45202015,7.986864296,Medium,125,FALSE
11/5/2010,Red Sea,7.188554704,31.35566373,25.61958826,8.035963617,None,56,FALSE
11/12/2010,South China Sea,-0.28665598,-168.8292138,30.06778465,8.02654212,Low,54,FALSE
11/19/2010,Hawaiian Islands,-1.686074111,-30.13527449,26.85767223,7.943975616,High,154,FALSE
11/26/2010,Hawaiian Islands,24.28972386,129.1934581,27.08124261,8.08268459,High,138,TRUE
12/3/2010,Great Barrier Reef,20.5020602,-37.92606557,28.21589356,8.192367128,High,73,FALSE
12/10/2010,Hawaiian Islands,-1.276131393,-162.1860763,28.70641623,8.063791198,High,141,FALSE
12/17/2010,Maldives,10.2180704,169.3706361,29.62385617,8.017506193,None,118,FALSE
12/24/2010,Galápagos,-4.677654388,226.8878113,28.76569273,8.142120099,Medium,159,FALSE
12/31/2010,South China Sea,10.87520678,145.1518308,29.43826649,8.102956838,None,167,FALSE
1/7/2011,Galápagos,13.13240628,69.35286054,31.26288112,7.993744298,High,166,FALSE
1/14/2011,Maldives,16.95188698,226.7541581,27.53318663,8.037893562,None,138,FALSE
1/21/2011,Maldives,-14.17718166,-121.9530076,29.12074501,8.059321857,None,159,TRUE
1/28/2011,Great Barrier Reef,9.11052364,10.92088976,28.61620998,8.123315329,None,154,TRUE
2/4/2011,Red Sea,19.95671719,-234.1433833,28.96297475,8.046510081,High,128,FALSE
2/11/2011,Red Sea,-5.649942659,-5.587770568,29.65821745,8.105560536,None,149,FALSE
2/18/2011,Great Barrier Reef,-4.298635455,72.6643156,26.31031014,8.069058224,Medium,79,FALSE
2/25/2011,Hawaiian Islands,-5.308476298,71.62070294,27.48965763,7.994510037,Medium,68,FALSE
3/4/2011,Galápagos,-2.833357861,122.4910312,28.33066286,8.194369281,None,121,FALSE
3/11/2011,Hawaiian Islands,-15.52754189,22.58505071,29.13928527,8.080026228,Low,109,FALSE
3/18/2011,Caribbean Sea,15.96552676,-134.1899569,28.38159154,8.063163002,High,158,TRUE
3/25/2011,Maldives,3.182443696,99.90496268,30.76656715,8.086118808,High,120,FALSE
4/1/2011,Caribbean Sea,0.287819884,43.80393899,28.63594844,8.069689343,None,79,FALSE
4/8/2011,Great Barrier Reef,-6.263885238,50.45323115,28.73226421,8.065009298,None,90,FALSE
4/15/2011,Great Barrier Reef,-27.51449661,15.22933661,28.18371307,8.047890379,None,63,FALSE
4/22/2011,Great Barrier Reef,10.79387858,-92.44590216,30.10107783,8.050475347,Medium,121,FALSE
4/29/2011,Hawaiian Islands,-6.800942604,-188.4593388,29.29661721,8.127567523,High,152,FALSE
5/6/2011,South China Sea,-6.770542018,92.59476023,29.62306067,8.01590032,Medium,104,FALSE
5/13/2011,Great Barrier Reef,-15.50970064,-51.32485894,29.01137441,8.062494715,None,55,FALSE
5/20/2011,Caribbean Sea,-10.92403646,-88.60783681,28.6137094,8.080503929,None,60,FALSE
5/27/2011,Maldives,22.29372925,-69.74064115,28.71843954,8.106214376,None,161,FALSE
6/3/2011,Red Sea,28.40754233,142.4018814,25.92450668,7.96142104,High,130,FALSE
6/10/2011,Caribbean Sea,1.464819565,-51.83177771,27.01056809,8.023288636,None,57,FALSE
6/17/2011,Great Barrier Reef,-1.744444177,6.722512799,30.25928758,8.049083545,None,102,FALSE
6/24/2011,Galápagos,25.68114146,82.15630101,26.73721286,7.977021844,Medium,57,FALSE
7/1/2011,Hawaiian Islands,-12.35145167,-105.7556329,28.84320391,7.963003408,High,108,FALSE
7/8/2011,Maldives,-13.7462095,-4.734008192,29.03564424,8.092026402,Medium,91,FALSE
7/15/2011,Caribbean Sea,-12.3841593,-47.95916322,28.73527404,8.023072199,High,98,FALSE
7/22/2011,Galápagos,14.55453796,104.3031424,28.77820772,8.060730017,Medium,111,FALSE
7/29/2011,South China Sea,17.79800579,74.74506814,28.54594516,8.076081778,High,113,FALSE
8/5/2011,Red Sea,37.18966696,-211.5646524,26.71281909,8.049973397,Medium,105,FALSE
8/12/2011,Great Barrier Reef,20.70986759,-43.23816382,30.42577404,7.939296556,Low,103,FALSE
8/19/2011,Maldives,11.49247922,66.23840461,29.51299261,7.998476689,None,151,FALSE
8/26/2011,Galápagos,15.47948138,159.848105,28.26077524,7.998690228,Medium,112,FALSE
9/2/2011,Great Barrier Reef,9.205017523,7.898331861,30.53196273,8.12212113,Medium,114,FALSE
9/9/2011,Red Sea,-6.871029591,-46.18863684,28.41637508,8.008846084,None,142,TRUE
9/16/2011,Red Sea,6.796698695,68.40394682,26.02062016,8.073935191,Medium,133,FALSE
9/23/2011,Hawaiian Islands,7.053053849,3.123108261,27.57534869,8.055650474,None,150,FALSE
9/30/2011,Red Sea,5.092897105,-55.30634695,28.64600419,8.094512987,Low,129,FALSE
10/7/2011,Caribbean Sea,13.90252802,222.966381,29.70423289,8.014614887,High,138,FALSE
10/14/2011,Red Sea,5.889758822,64.63001415,28.31619257,8.10720234,Medium,76,TRUE
10/21/2011,Red Sea,14.49845705,164.7906253,28.70635097,8.019625778,Low,110,FALSE
10/28/2011,Caribbean Sea,26.13663961,225.7966906,26.51919532,8.019573384,Medium,69,TRUE
11/4/2011,South China Sea,18.86156041,-189.1959068,28.6839678,8.054985581,None,97,FALSE
11/11/2011,Red Sea,26.76696731,92.13050543,30.33774226,8.074303479,None,131,FALSE
11/18/2011,Caribbean Sea,-9.704180247,31.14675414,30.22585077,8.005353865,None,54,FALSE
11/25/2011,Caribbean Sea,6.858905306,-102.9371767,29.01093275,8.0492711,None,56,FALSE
12/2/2011,Red Sea,1.025387834,-87.11334599,28.60180881,7.992271911,Medium,119,TRUE
12/9/2011,Caribbean Sea,16.50057098,61.65838579,28.27074375,7.963551999,Medium,94,FALSE
12/16/2011,Maldives,19.6763491,-154.643679,28.1825488,8.118328019,High,137,TRUE
12/23/2011,Red Sea,12.44756694,101.266411,28.93733253,8.035429877,None,155,FALSE
12/30/2011,Great Barrier Reef,6.192065117,71.34360484,26.80579681,8.02793591,High,164,FALSE
1/6/2012,Galápagos,6.955010447,201.8399468,29.06413049,8.103780148,High,161,FALSE
1/13/2012,Hawaiian Islands,5.723971317,-42.70111038,28.43558543,8.066322784,Low,158,FALSE
1/20/2012,Maldives,8.539502894,-53.61322094,27.49534799,8.003699924,None,84,FALSE
1/27/2012,Great Barrier Reef,8.301074234,117.6218237,29.24461427,8.10238949,High,63,FALSE
2/3/2012,South China Sea,0.805735412,-89.96433056,28.80490848,7.99429625,None,164,TRUE
2/10/2012,Galápagos,-1.311656842,127.9504029,29.04941993,8.112335143,Low,136,FALSE
2/17/2012,Great Barrier Reef,2.197383708,126.8847015,25.32355443,8.032202856,None,77,FALSE
2/24/2012,South China Sea,18.50137185,-54.74842131,29.83277605,8.093886398,None,57,FALSE
3/2/2012,Caribbean Sea,12.50046917,-36.8204794,28.1721051,8.104670131,High,87,FALSE
3/9/2012,Galápagos,4.043894028,202.0284664,30.41940888,8.099742506,Medium,146,TRUE
3/16/2012,Caribbean Sea,11.03020574,-28.29639133,28.45483212,8.080290953,None,164,FALSE
3/23/2012,Hawaiian Islands,4.853292011,-46.66448394,25.90724292,8.106487302,None,82,FALSE
3/30/2012,South China Sea,-18.31526025,29.32603803,30.91949488,8.109027972,None,73,FALSE
4/6/2012,Great Barrier Reef,3.990654512,195.1314337,29.41879568,8.091408098,None,154,FALSE
4/13/2012,Galápagos,-4.424911965,-2.668445179,26.26539126,8.033233835,None,97,FALSE
4/20/2012,South China Sea,14.0226221,28.15012531,25.98577884,8.128031278,Low,103,FALSE
4/27/2012,Great Barrier Reef,15.97618599,-99.72910178,30.59570131,8.100671977,High,92,FALSE
5/4/2012,Caribbean Sea,7.649175699,-75.83109428,29.51113032,8.058593177,Low,106,FALSE
5/11/2012,Galápagos,4.410811589,-97.50782521,27.10494125,8.015389895,None,140,FALSE
5/18/2012,Hawaiian Islands,-6.575654027,124.2586848,28.23774014,7.902229065,High,86,FALSE
5/25/2012,South China Sea,23.14601879,42.21697918,28.19292266,8.044585895,None,93,FALSE
6/1/2012,South China Sea,14.60793018,161.453851,29.57326269,8.140235062,None,127,FALSE
6/8/2012,Caribbean Sea,-2.2910641,205.3721936,29.14343931,8.175992265,None,156,FALSE
6/15/2012,South China Sea,31.81022999,9.383312559,31.01771676,8.026507544,Low,58,FALSE
6/22/2012,Red Sea,-7.360801685,-78.24005008,28.91413636,8.084164067,Medium,167,FALSE
6/29/2012,Great Barrier Reef,5.707943033,33.26968174,27.12081311,8.175335979,None,164,FALSE
7/6/2012,Red Sea,11.87463784,2.820337131,25.31422051,7.978009068,Medium,132,FALSE
7/13/2012,Maldives,7.57314685,-98.99591101,28.87432403,8.014049317,High,79,FALSE
7/20/2012,Great Barrier Reef,0.700047747,123.6709029,28.44990967,7.995411423,Low,95,FALSE
7/27/2012,Hawaiian Islands,1.72963531,-135.9102704,27.88599432,8.076686102,None,147,FALSE
8/3/2012,Maldives,10.13276082,-18.860011,26.57785991,8.108388295,High,141,TRUE
8/10/2012,Hawaiian Islands,35.64685467,41.28025513,27.5556507,8.179082772,Medium,161,TRUE
8/17/2012,South China Sea,13.9208069,121.9117388,27.41469953,8.009928226,Medium,78,TRUE
8/24/2012,Maldives,28.36347794,-7.544836467,27.57359591,8.106326388,High,120,FALSE
8/31/2012,Galápagos,23.12124051,-60.94589471,29.33836308,8.174340033,High,65,TRUE
9/7/2012,Great Barrier Reef,-3.512459078,137.6949071,28.05814895,7.965847492,None,151,TRUE
9/14/2012,Maldives,11.55448964,128.8100895,28.3741285,8.059222453,Low,146,FALSE
9/21/2012,Maldives,15.22872021,69.29849531,29.66598406,8.090098416,Medium,56,FALSE
9/28/2012,Red Sea,3.909517924,43.87055556,26.12841128,8.114905459,None,133,FALSE
10/5/2012,Maldives,36.99930603,72.20964545,28.10686977,8.096538099,Low,114,FALSE
10/12/2012,Great Barrier Reef,-6.430884947,78.98602513,27.53572902,8.128384488,Medium,75,FALSE
10/19/2012,Maldives,5.16083567,-108.8386683,31.32345391,8.049085935,None,116,FALSE
10/26/2012,South China Sea,-28.33515202,-6.276668494,26.3301008,7.914085612,High,168,TRUE
11/2/2012,Hawaiian Islands,13.50475775,-89.15305373,27.58745973,8.10954062,High,89,FALSE
11/9/2012,Caribbean Sea,-1.68264843,46.05151301,28.81293933,8.022935316,High,155,FALSE
11/16/2012,Great Barrier Reef,-0.82926149,24.31131558,28.18094024,8.056284608,Low,60,FALSE
11/23/2012,Galápagos,31.7633472,37.17172579,29.10409531,8.01270175,Medium,115,FALSE
11/30/2012,South China Sea,-0.944853722,3.174689165,28.10617213,8.072697551,High,160,FALSE
12/7/2012,Maldives,5.76281486,-79.58822054,27.12870989,8.029508597,Low,62,FALSE
12/14/2012,Hawaiian Islands,3.798425044,3.526153956,30.19565927,8.124136477,Low,141,FALSE
12/21/2012,South China Sea,26.33966183,87.50641502,27.19201787,8.010898798,None,136,FALSE
12/28/2012,Red Sea,19.80628084,-26.24211607,30.16160811,8.030832733,None,139,FALSE
1/4/2013,Red Sea,2.493419522,27.23299395,29.54068352,7.96943272,High,153,FALSE
1/11/2013,South China Sea,-16.93880258,52.43689004,29.74045958,7.994494597,High,163,FALSE
1/18/2013,Caribbean Sea,30.44026391,-51.97146659,31.07133134,8.127813493,None,122,FALSE
1/25/2013,Red Sea,4.4844348,196.0296932,27.67445872,8.074419721,None,165,FALSE
2/1/2013,Red Sea,-9.258945732,-55.53745255,30.06927777,8.056145758,Medium,87,FALSE
2/8/2013,Great Barrier Reef,10.71714601,40.00893965,29.42801015,8.089190155,High,87,FALSE
2/15/2013,Galápagos,3.135750067,90.1089712,28.04190777,7.957702672,None,117,FALSE
2/22/2013,Red Sea,-28.88875703,56.46266656,29.09305432,8.022126295,High,159,FALSE
3/1/2013,Maldives,-3.497263634,-135.5194749,28.53766007,8.252224509,None,106,FALSE
3/8/2013,Maldives,3.533030564,-185.6342321,27.11893303,8.07138698,Medium,137,FALSE
3/15/2013,Great Barrier Reef,11.86059163,-7.453600772,28.61610289,8.110830434,Medium,115,TRUE
3/22/2013,Caribbean Sea,-3.858489215,-82.6605448,28.29364321,7.965982157,Medium,167,FALSE
3/29/2013,South China Sea,3.394144973,-50.03625484,28.2865201,8.143312155,Medium,156,FALSE
4/5/2013,South China Sea,1.766979782,85.54360798,26.68618028,7.992610633,Low,146,FALSE
4/12/2013,Hawaiian Islands,-6.50209629,-28.39287326,29.80606841,8.115045174,None,139,TRUE
4/19/2013,Great Barrier Reef,0.111454155,-29.55158911,27.27190263,8.058949686,Low,115,FALSE
4/26/2013,Galápagos,-13.26628462,18.46921172,29.16323663,8.070731034,Medium,157,FALSE
5/3/2013,Maldives,12.20392052,163.2949946,27.83278218,8.038531651,Low,63,FALSE
5/10/2013,Caribbean Sea,0.719892102,-114.2048953,26.09799209,8.094615832,Low,165,FALSE
5/17/2013,Galápagos,0.287559347,65.70274748,25.81073544,7.886902071,None,133,FALSE
5/24/2013,Caribbean Sea,25.501807,-63.9247527,27.78219699,8.113681369,Medium,147,FALSE
5/31/2013,Galápagos,15.26029783,60.58788159,28.84985368,8.051786779,None,166,FALSE
6/7/2013,Hawaiian Islands,7.240072753,47.49769551,29.57357937,7.986820745,Medium,110,TRUE
6/14/2013,Great Barrier Reef,12.19417946,98.95223617,28.64526076,8.011142332,None,80,FALSE
6/21/2013,Great Barrier Reef,2.112548546,36.56508063,27.68762954,7.986748637,None,146,TRUE
6/28/2013,Caribbean Sea,-8.41524241,43.59254561,26.71371078,8.020121129,High,81,FALSE
7/5/2013,Maldives,3.04565543,-37.4873547,31.18718696,8.061069921,High,135,FALSE
7/12/2013,Great Barrier Reef,-6.904322358,-117.3773418,27.78674798,8.00659409,Medium,103,FALSE
7/19/2013,Galápagos,-12.20741872,230.2663711,30.66767287,7.942173317,High,83,FALSE
7/26/2013,Maldives,-15.97290243,-3.879977613,31.27802068,8.03454777,None,110,TRUE
8/2/2013,South China Sea,-15.2297896,95.83477709,28.0372978,7.959362309,None,82,FALSE
8/9/2013,South China Sea,17.50393152,-51.74483282,29.46063398,8.044031386,None,59,FALSE
8/16/2013,Hawaiian Islands,17.881196,-67.08731477,29.53441504,8.000829798,Medium,116,FALSE
8/23/2013,Maldives,-1.803119154,139.167767,27.79378604,7.979446675,High,78,FALSE
8/30/2013,Red Sea,8.220249711,-62.10975981,28.1691021,8.042545507,Medium,161,FALSE
9/6/2013,Galápagos,0.369878483,66.91295974,29.54670757,8.032478265,Low,134,FALSE
9/13/2013,Hawaiian Islands,15.08669409,47.6415746,29.08895141,7.974317856,Medium,87,FALSE
9/20/2013,Galápagos,6.40577375,185.4722362,29.02904274,8.045048264,Medium,121,FALSE
9/27/2013,South China Sea,11.54793901,-118.7516983,28.6818466,7.979951477,Low,63,FALSE
10/4/2013,Galápagos,17.01701741,64.50022527,29.77645801,8.055942961,High,117,FALSE
10/11/2013,Maldives,-1.203401998,93.91460635,27.410054,7.967937955,None,95,FALSE
10/18/2013,Great Barrier Reef,2.257042798,203.2448986,25.54324189,8.069693063,Medium,63,TRUE
10/25/2013,Red Sea,29.38263447,-170.9101629,29.43405082,8.073817918,Medium,72,FALSE
11/1/2013,Maldives,33.45696416,52.85239078,31.20994297,8.09547113,None,95,FALSE
11/8/2013,Hawaiian Islands,9.491781658,-4.544083264,28.10862434,8.033434224,None,113,FALSE
11/15/2013,Hawaiian Islands,24.60390394,-150.5930283,27.32834667,7.997849306,Low,130,FALSE
11/22/2013,Maldives,10.60843423,96.48207303,28.35972352,8.004246868,None,148,FALSE
11/29/2013,Hawaiian Islands,11.22679646,128.8269788,29.7905478,7.952522742,Medium,142,TRUE
12/6/2013,Hawaiian Islands,0.531482299,64.69324643,29.01730463,7.996809912,High,69,TRUE
12/13/2013,Caribbean Sea,26.91012226,-69.67575785,28.67047112,7.929800855,High,71,FALSE
12/20/2013,South China Sea,2.51555266,35.61900297,29.13802388,8.123164003,High,159,FALSE
12/27/2013,Caribbean Sea,22.37488871,-25.02216014,30.01573623,7.862774591,Medium,63,FALSE
1/3/2014,Maldives,1.77415122,-11.99062499,30.29734277,8.105520201,Medium,54,FALSE
1/10/2014,Red Sea,11.75582638,-177.3565693,28.38349359,8.037892901,None,135,TRUE
1/17/2014,Caribbean Sea,4.272191209,-174.9031448,29.27589131,8.061153541,High,84,FALSE
1/24/2014,Great Barrier Reef,-2.091608858,1.388698045,29.8984032,8.059614712,Low,78,FALSE
1/31/2014,South China Sea,19.07193607,45.48201968,27.38628706,8.041196974,None,93,FALSE
2/7/2014,Hawaiian Islands,22.61900641,122.5091675,29.61165938,7.943935975,High,100,FALSE
2/14/2014,Caribbean Sea,-3.236949778,2.421300773,28.171365,8.158304325,High,68,FALSE
2/21/2014,Red Sea,8.07696615,-204.3915291,25.72776204,7.981345571,Low,133,TRUE
2/28/2014,South China Sea,14.3319193,-63.71085247,30.60446365,8.033515161,None,91,FALSE
3/7/2014,Red Sea,12.79363219,-60.15806096,31.19437293,8.015668073,Medium,74,FALSE
3/14/2014,Hawaiian Islands,4.205912882,-129.3089432,27.78945139,8.040465173,None,75,FALSE
3/21/2014,Hawaiian Islands,11.31592898,-74.88694364,27.41685599,8.082198445,High,56,FALSE
3/28/2014,Great Barrier Reef,8.61634703,-10.13753206,28.44973185,8.138189851,None,110,FALSE
4/4/2014,Maldives,4.08483281,-131.2113553,26.24845185,8.005759643,Medium,162,FALSE
4/11/2014,Red Sea,32.59902133,15.6540483,29.32628315,8.060763163,Low,117,FALSE
4/18/2014,Maldives,3.860797753,-122.6373279,28.40907276,8.031910685,None,111,FALSE
4/25/2014,South China Sea,23.56383207,45.86389672,26.97732264,8.023807991,Medium,146,FALSE
5/2/2014,Great Barrier Reef,6.940482442,2.940527556,29.04578637,8.098849444,Medium,158,FALSE
5/9/2014,Galápagos,21.30531977,2.464071123,29.30746953,8.074441011,High,55,FALSE
5/16/2014,Great Barrier Reef,30.64348086,44.42347048,28.0635684,8.051906499,None,130,FALSE
5/23/2014,South China Sea,15.31268109,1.731443612,26.57084169,8.017701537,High,163,FALSE
5/30/2014,Galápagos,-12.11252519,-130.8120715,29.17014099,7.98973177,None,131,FALSE
6/6/2014,South China Sea,14.05538299,-14.81976525,31.8089729,7.890944329,None,115,FALSE
6/13/2014,South China Sea,10.52264144,-19.89494566,29.89251488,7.953922939,High,82,FALSE
6/20/2014,Galápagos,10.50133884,-123.9319895,29.42760473,8.068839039,Medium,92,FALSE
6/27/2014,Red Sea,10.13990838,205.0328561,28.45136288,8.082699016,Low,110,TRUE
7/4/2014,Great Barrier Reef,26.90016677,-44.25075544,27.67974777,7.995941343,None,68,FALSE
7/11/2014,Caribbean Sea,8.122656384,36.81615493,26.29149475,8.040835908,High,131,FALSE
7/18/2014,Maldives,3.420031049,73.15564139,25.24304536,8.145544501,None,90,FALSE
7/25/2014,South China Sea,27.13621344,-32.86220677,29.22198085,7.944371286,None,114,FALSE
8/1/2014,South China Sea,-8.535473361,-75.23866428,26.70573574,8.097736381,Low,162,FALSE
8/8/2014,Caribbean Sea,13.25761153,168.0164926,27.86393574,8.041433175,Medium,112,FALSE
8/15/2014,Maldives,0.191074149,-31.02722419,28.68729019,7.979964928,Low,152,FALSE
8/22/2014,Caribbean Sea,9.496866354,22.39555268,28.64944147,8.098123781,Medium,90,TRUE
8/29/2014,Red Sea,-4.204745663,8.153094694,29.22664914,8.000250279,Medium,54,FALSE
9/5/2014,Red Sea,6.760633313,75.19823222,27.4855763,7.991337456,High,167,FALSE
9/12/2014,Hawaiian Islands,11.44156046,228.9193211,28.52991365,8.138429512,Low,79,FALSE
9/19/2014,Great Barrier Reef,3.066574664,32.43682551,29.48587065,8.104964568,Medium,159,TRUE
9/26/2014,Galápagos,-4.445908157,31.15134973,29.0345873,8.093545445,High,165,FALSE
10/3/2014,Caribbean Sea,-2.189448574,-71.19099439,27.84631973,8.079043512,Medium,134,FALSE
10/10/2014,Great Barrier Reef,4.829980924,190.2281352,26.35488015,8.057164559,Medium,76,FALSE
10/17/2014,Caribbean Sea,15.77516666,79.06907717,28.23899537,8.078803837,None,103,FALSE
10/24/2014,Galápagos,-21.38480688,214.3723733,27.0472531,8.085607838,None,68,FALSE
10/31/2014,Great Barrier Reef,0.223245619,171.8522152,28.89033017,8.032424756,None,107,FALSE
11/7/2014,Caribbean Sea,17.32292947,-132.9411345,29.67033549,7.959346563,Low,138,FALSE
11/14/2014,South China Sea,4.649208445,-18.73088083,27.63415026,8.022539303,High,132,FALSE
11/21/2014,Galápagos,10.63240042,-63.85631186,31.36093208,8.025703419,None,110,TRUE
11/28/2014,South China Sea,11.55966262,-55.13124991,29.52030324,7.995794209,Low,158,FALSE
12/5/2014,Hawaiian Islands,9.627606869,-33.54503989,29.97019829,8.103421697,High,70,FALSE
12/12/2014,Maldives,-14.7736149,-90.40037614,28.49041218,8.017420164,High,134,FALSE
12/19/2014,Great Barrier Reef,19.24711062,-46.2214978,28.47615575,7.98749867,None,169,FALSE
12/26/2014,South China Sea,22.62590896,-6.636336957,26.39235988,8.061614144,Medium,143,FALSE
1/2/2015,Caribbean Sea,-12.22488401,76.62097315,27.55787157,8.043477665,High,95,TRUE
1/9/2015,South China Sea,-15.78680643,-79.0688997,29.44484971,8.005863958,High,58,FALSE
1/16/2015,South China Sea,-2.975526006,-109.6310061,29.7500059,8.017272913,Low,112,FALSE
1/23/2015,Red Sea,25.35692479,-1.537616434,30.29464805,8.006672715,None,117,TRUE
1/30/2015,Great Barrier Reef,-29.3405994,-48.19635001,25.66689843,8.046057523,Medium,74,TRUE
2/6/2015,Great Barrier Reef,-7.234142722,25.19214317,28.92652052,8.019964556,Medium,170,FALSE
2/13/2015,Maldives,28.22186404,-57.69787842,30.32723953,8.030130384,Low,94,FALSE
2/20/2015,Red Sea,-2.870055162,-91.47927253,27.32738999,7.982416684,None,147,FALSE
2/27/2015,Great Barrier Reef,22.84271467,-41.94403952,30.17586076,7.977144796,High,140,FALSE
3/6/2015,Maldives,2.928036612,-204.5538451,29.44872294,8.004424721,Low,135,FALSE
3/13/2015,Caribbean Sea,5.308898084,45.57079087,27.69059463,8.032527041,High,130,FALSE
3/20/2015,Maldives,-16.06785437,104.8805453,26.96389513,8.000340846,Medium,133,FALSE
3/27/2015,Maldives,3.290940011,-136.4845067,27.81456381,8.080356254,None,167,FALSE
4/3/2015,Hawaiian Islands,16.57292824,-24.61163499,30.12640977,8.010219968,None,123,FALSE
4/10/2015,Caribbean Sea,-4.968906838,48.14392007,26.6673133,8.017803777,None,61,FALSE
4/17/2015,South China Sea,23.71430757,155.0425218,29.30599892,8.075052566,High,68,FALSE
4/24/2015,South China Sea,19.52760829,68.43998963,29.27170073,8.13711605,Medium,72,FALSE
5/1/2015,Maldives,-0.176412454,124.3424611,28.88233498,8.078159118,Medium,132,FALSE
5/8/2015,Caribbean Sea,-4.726940725,-163.648382,30.3885979,7.936942437,None,70,FALSE
5/15/2015,Great Barrier Reef,10.72069218,-25.01274672,28.0147301,8.05696022,High,57,FALSE
5/22/2015,Red Sea,-12.19101692,98.29871958,27.6638968,7.871497759,High,122,FALSE
5/29/2015,Caribbean Sea,-5.857049406,0.540356634,29.8238445,8.061869078,None,129,FALSE
6/5/2015,Red Sea,-3.811304173,-103.5806126,29.83118965,8.043449218,High,100,FALSE
6/12/2015,Red Sea,29.29339678,1.62663651,29.72691215,8.000853817,Low,138,FALSE
6/19/2015,South China Sea,23.9777011,132.5347655,28.86089613,8.152030075,Low,74,FALSE
6/26/2015,Hawaiian Islands,-3.516672266,-32.94258206,27.13397567,8.094123087,None,108,FALSE
7/3/2015,Hawaiian Islands,4.747567105,-124.9607896,28.95760207,8.046843494,Low,139,FALSE
7/10/2015,Caribbean Sea,-11.50926296,-21.28627943,28.48647309,8.023737145,Medium,126,FALSE
7/17/2015,Great Barrier Reef,-2.939930314,59.75444647,28.48192318,8.093940397,None,130,FALSE
7/24/2015,Galápagos,21.30993279,-214.8606779,30.23522792,7.984643556,Low,59,TRUE
7/31/2015,Great Barrier Reef,13.24267379,173.5603683,27.07487007,8.122359048,None,64,TRUE
8/7/2015,South China Sea,6.068732458,84.00004466,29.02485334,7.959906793,Medium,118,FALSE
8/14/2015,Maldives,-15.23520344,81.39581685,29.38460862,8.046358244,High,107,FALSE
8/21/2015,South China Sea,15.13738453,-109.4556007,27.75888294,8.082686912,None,113,FALSE
8/28/2015,South China Sea,9.369313967,42.7111467,29.73330472,8.023336247,High,113,FALSE
9/4/2015,Caribbean Sea,-16.10792986,-15.42608652,28.41603604,8.088806471,None,145,FALSE
9/11/2015,Hawaiian Islands,-5.664822605,55.29729496,30.03310664,8.13555055,None,92,FALSE
9/18/2015,Red Sea,1.889680083,48.26262385,27.35423167,7.96211679,None,63,FALSE
9/25/2015,Great Barrier Reef,12.98055323,-120.6902736,28.2485732,7.966789343,None,118,FALSE
10/2/2015,South China Sea,7.580827418,-18.60057887,28.90325562,7.986535776,Medium,141,FALSE
10/9/2015,South China Sea,24.51104389,-16.91782439,28.87575251,8.116822702,High,64,FALSE
10/16/2015,Galápagos,29.02329748,279.0812011,27.47019096,8.073797865,High,128,FALSE
10/23/2015,Red Sea,2.93354076,11.63276823,27.813578,8.050732568,None,130,FALSE
10/30/2015,Caribbean Sea,16.20742986,-92.35746054,29.83698682,8.038372899,Low,163,FALSE
11/6/2015,South China Sea,-21.18543,46.00648852,28.43298502,7.951172924,Low,166,FALSE
11/13/2015,South China Sea,17.72987133,134.6261453,29.70856525,8.10048316,Medium,93,FALSE
11/20/2015,South China Sea,-2.595059715,101.2228075,28.45565824,8.077900024,Medium,101,FALSE
11/27/2015,Maldives,-1.138400417,153.9630686,31.58635098,7.984848853,None,164,FALSE
12/4/2015,Maldives,-7.995923835,132.0043078,27.6802334,8.004851812,None,140,FALSE
12/11/2015,Great Barrier Reef,-11.35617143,163.8583115,28.75271105,8.025373634,None,170,FALSE
12/18/2015,Hawaiian Islands,-8.756823145,21.88225283,27.67899641,8.022181907,Medium,114,FALSE
12/25/2015,South China Sea,-13.57543664,-27.39467869,28.50532974,8.045318589,Medium,82,FALSE
1/1/2016,Galápagos,7.680636113,0.474219465,28.25461282,8.08631757,Medium,55,FALSE
1/8/2016,Caribbean Sea,5.128875849,-53.0925834,27.13567381,8.092312343,Low,81,FALSE
1/15/2016,Maldives,8.416966938,-115.6227776,30.00548558,8.104170045,Low,64,FALSE
1/22/2016,Red Sea,14.41745586,-120.2731635,30.49167184,8.099902845,High,103,FALSE
1/29/2016,Red Sea,17.7168779,123.6381206,28.13958172,8.089070761,High,111,FALSE
2/5/2016,Hawaiian Islands,20.09668399,-101.3884241,28.91106098,7.942735098,Low,125,FALSE
2/12/2016,Red Sea,15.00635301,145.6338831,31.70469983,8.048142553,None,93,FALSE
2/19/2016,Hawaiian Islands,17.61368872,126.3406591,26.40651083,8.058885268,High,95,FALSE
2/26/2016,Galápagos,39.48797017,-77.10781758,27.42833917,8.103975575,High,90,FALSE
3/4/2016,Galápagos,28.13266138,11.70364727,30.75292143,8.118679782,High,148,FALSE
3/11/2016,Galápagos,22.62093818,-82.39409932,29.43185197,8.02380601,None,111,FALSE
3/18/2016,Caribbean Sea,11.63693565,12.91552054,31.41103052,8.05135338,High,120,FALSE
3/25/2016,Hawaiian Islands,2.146988943,-32.98495325,28.30930484,8.143334934,None,58,FALSE
4/1/2016,South China Sea,11.74501002,-111.8180409,27.52597621,8.019391706,Medium,139,FALSE
4/8/2016,Maldives,2.6879251,175.7830393,28.113793,8.067039057,High,90,FALSE
4/15/2016,Maldives,10.8252588,91.75971417,28.69477722,8.036941938,Medium,93,TRUE
4/22/2016,Hawaiian Islands,2.772072233,-25.30975528,28.72314293,8.059958933,Low,145,FALSE
4/29/2016,Galápagos,22.93719712,-52.59486757,27.64932258,8.065114741,Low,60,TRUE
5/6/2016,Caribbean Sea,-18.52950065,-53.02802752,27.66548025,8.040966835,None,170,FALSE
5/13/2016,Galápagos,-10.88853649,-38.52078466,29.2634427,8.058799398,High,78,FALSE
5/20/2016,South China Sea,25.79324235,205.6284337,26.89229939,7.966162717,None,140,FALSE
5/27/2016,Hawaiian Islands,6.077890664,-66.47589083,26.90616546,8.073266466,Medium,165,FALSE
6/3/2016,Great Barrier Reef,14.45230252,52.36525276,28.07609893,8.026043801,Medium,107,FALSE
6/10/2016,Hawaiian Islands,20.3587048,153.5690016,27.65732782,8.085422789,Low,89,TRUE
6/17/2016,South China Sea,14.02357504,141.5789312,30.88550233,8.000084419,None,143,TRUE
6/24/2016,Maldives,-12.09107997,60.06576445,25.57858925,8.078381159,Medium,102,FALSE
7/1/2016,Galápagos,10.73191065,36.12210369,26.32913531,7.949135737,None,59,FALSE
7/8/2016,Red Sea,11.11612576,-28.52041107,29.97822861,8.105491637,None,131,FALSE
7/15/2016,Red Sea,-6.968836518,167.8358274,27.76187167,8.037031294,Medium,62,FALSE
7/22/2016,Galápagos,10.7248195,113.5656299,28.57736983,8.039867385,None,115,FALSE
7/29/2016,Caribbean Sea,23.82974864,-198.9079601,26.95017076,8.10605163,High,141,FALSE
8/5/2016,Hawaiian Islands,0.206239755,97.34497769,28.71936599,8.024763552,Medium,159,FALSE
8/12/2016,South China Sea,3.111217126,107.1818606,27.12534677,8.033965191,High,121,FALSE
8/19/2016,Maldives,-3.523270017,362.5813614,27.85283956,8.064639955,Medium,80,FALSE
8/26/2016,Hawaiian Islands,-8.917179452,87.88184836,29.35590084,8.028885985,None,66,FALSE
9/2/2016,Red Sea,-25.31826892,-255.9340322,26.2364183,8.081558069,None,167,FALSE
9/9/2016,Hawaiian Islands,-4.128135767,-73.36020033,28.74354342,8.034620811,High,69,FALSE
9/16/2016,Hawaiian Islands,18.35651377,-61.67615702,29.48940563,7.928377519,High,162,FALSE
9/23/2016,Galápagos,9.532824305,89.01042502,29.3094641,8.110825909,High,134,FALSE
9/30/2016,Great Barrier Reef,20.5816496,-79.22191715,27.16802119,7.97409082,Low,55,TRUE
10/7/2016,Hawaiian Islands,34.6979367,141.9694735,34.57425276,8.104641739,Medium,112,FALSE
10/14/2016,South China Sea,22.29597787,-124.150292,26.30701621,8.067192118,Medium,54,FALSE
10/21/2016,Galápagos,-7.640516792,130.2761714,30.32291935,8.06225638,High,59,TRUE
10/28/2016,South China Sea,-12.91439457,49.64427242,27.70679832,8.007573578,Medium,148,FALSE
11/4/2016,Caribbean Sea,1.476356312,-161.2147819,27.98038773,8.106435787,High,147,TRUE
11/11/2016,Red Sea,24.63075243,116.6095477,28.62351711,8.145903364,Low,146,FALSE
11/18/2016,Hawaiian Islands,18.61749607,146.6162732,29.87038886,8.075901576,Medium,152,FALSE
11/25/2016,Red Sea,-5.526414089,100.5497647,25.7779334,7.999846861,Medium,157,FALSE
12/2/2016,Great Barrier Reef,7.045995913,112.7685715,31.07884151,8.198885261,None,134,FALSE
12/9/2016,Great Barrier Reef,13.18674217,31.34272039,28.61647608,8.069952606,None,70,FALSE
12/16/2016,Maldives,-12.34242933,139.9280975,27.7595707,8.091714218,Medium,169,FALSE
12/23/2016,Great Barrier Reef,8.747927215,125.0830277,28.3839164,8.036671614,None,122,FALSE
12/30/2016,Red Sea,-29.65053013,125.8401941,27.14948575,8.00052116,Medium,110,FALSE
1/6/2017,Great Barrier Reef,36.66008382,-98.25335447,29.25963458,8.031662368,None,109,FALSE
1/13/2017,Maldives,27.25734897,-189.0954912,28.20824869,8.071630985,Medium,62,FALSE
1/20/2017,Great Barrier Reef,7.262906409,125.703095,27.88283915,8.03407253,None,81,FALSE
1/27/2017,South China Sea,-5.51877988,78.54765171,29.39068107,8.04255142,Medium,106,FALSE
2/3/2017,Hawaiian Islands,9.09659436,-14.92364865,31.3692647,8.034450656,High,165,TRUE
2/10/2017,Great Barrier Reef,-8.910884632,-103.4653209,27.82814364,8.006013099,High,87,FALSE
2/17/2017,Hawaiian Islands,-3.170461802,89.5786612,29.1145279,8.047351587,None,140,FALSE
2/24/2017,Caribbean Sea,-8.885937241,-67.50978138,29.03356094,8.002100843,Medium,66,FALSE
3/3/2017,Red Sea,-8.608457483,-107.4674724,30.5793279,8.024544581,Medium,75,TRUE
3/10/2017,Caribbean Sea,-1.727364496,-105.8306588,28.05167546,7.981179288,High,97,FALSE
3/17/2017,South China Sea,-2.346534584,49.93335564,27.50084964,8.030597391,Low,99,FALSE
3/24/2017,Great Barrier Reef,12.68609784,-81.1082386,28.42014426,8.079234945,None,123,FALSE
3/31/2017,Hawaiian Islands,-14.75466515,108.2416126,27.91210248,8.076784053,Medium,148,TRUE
4/7/2017,Hawaiian Islands,10.4565797,126.1797268,30.29735611,8.003188579,None,141,TRUE
4/14/2017,Maldives,-1.095012659,-163.0606552,29.90538563,7.905733683,Medium,80,FALSE
4/21/2017,Galápagos,-5.409759443,171.1843976,29.27229321,7.954259544,High,122,FALSE
4/28/2017,Red Sea,3.517810578,-100.1665221,26.15300552,8.119033433,Low,61,FALSE
5/5/2017,Great Barrier Reef,7.032875066,77.11833186,29.05805944,8.065512632,Low,139,FALSE
5/12/2017,Great Barrier Reef,14.076613,-70.05104022,25.9653345,8.092876607,Medium,164,TRUE
5/19/2017,Caribbean Sea,14.40486083,-2.486530295,29.64388255,7.971875552,High,120,FALSE
5/26/2017,Great Barrier Reef,7.182823336,65.0157419,28.43433153,7.990801213,High,80,FALSE
6/2/2017,Red Sea,17.78715267,-82.60492728,25.96527003,7.955604954,Medium,155,TRUE
6/9/2017,Great Barrier Reef,8.124919159,-42.73250416,28.91264563,7.987361903,High,71,FALSE
6/16/2017,Hawaiian Islands,22.92983463,97.4946364,32.22775788,8.063243035,None,144,FALSE
6/23/2017,Galápagos,9.59557267,-85.94182316,26.80538566,7.959972829,High,171,FALSE
6/30/2017,Great Barrier Reef,8.836357425,-8.860298872,28.51965164,8.034181709,Low,60,FALSE
7/7/2017,Red Sea,23.10984611,372.5014857,26.13491818,8.106154239,None,94,FALSE
7/14/2017,Galápagos,-29.11458852,-167.6885111,29.42112882,8.013413256,High,89,FALSE
7/21/2017,South China Sea,5.007193649,-76.10512476,28.17209095,8.074212754,Low,114,FALSE
7/28/2017,Red Sea,22.27718266,-22.87878028,28.30296784,8.070613193,Low,129,FALSE
8/4/2017,Maldives,13.16470037,201.839955,28.10984897,8.105934986,Medium,101,FALSE
8/11/2017,Great Barrier Reef,24.49653174,-89.3788164,27.25414248,7.954630883,High,69,FALSE
8/18/2017,Caribbean Sea,2.75947504,-192.6994107,27.48327051,8.102561368,None,134,FALSE
8/25/2017,Hawaiian Islands,14.50677737,9.163482336,28.12877366,8.040406754,Medium,115,FALSE
9/1/2017,Red Sea,4.629735333,82.63661111,29.7125597,8.068673378,High,55,FALSE
9/8/2017,Great Barrier Reef,8.57519666,140.1866687,29.26543297,8.152972818,None,163,FALSE
9/15/2017,Maldives,-20.50526892,114.8441622,28.90913264,8.08931967,High,169,FALSE
9/22/2017,Caribbean Sea,26.24476722,166.8134056,28.70863543,8.149120157,None,63,FALSE
9/29/2017,Caribbean Sea,7.72302512,63.29158963,29.19787901,8.030178269,Low,119,FALSE
10/6/2017,Red Sea,-4.197411508,24.71638023,26.32087931,8.113687981,None,96,FALSE
10/13/2017,Caribbean Sea,17.80940847,-51.11677219,31.93550213,8.086074926,Medium,129,FALSE
10/20/2017,Red Sea,4.941619031,109.7658813,29.52250458,8.069693453,Low,136,FALSE
10/27/2017,South China Sea,12.94386672,7.983374085,26.97478062,8.1025907,Low,139,FALSE
11/3/2017,Galápagos,-23.00253113,-194.2104741,28.8575998,7.935089309,High,142,FALSE
11/10/2017,South China Sea,-14.30392609,-92.78233665,28.89019526,8.026801728,None,81,FALSE
11/17/2017,Red Sea,7.701454735,65.94453093,31.49345471,8.052329133,None,58,FALSE
11/24/2017,Great Barrier Reef,17.95779703,34.06525677,30.38635402,8.034418763,High,83,FALSE
12/1/2017,Red Sea,15.57475637,-88.09304528,28.24562351,7.968303043,High,154,FALSE
12/8/2017,Maldives,14.45554644,-0.847467193,29.20935656,8.052236335,Low,99,TRUE
12/15/2017,South China Sea,8.890737571,55.8911826,27.77865655,8.015236769,None,141,TRUE
12/22/2017,Maldives,1.921474973,21.91709228,29.42579703,8.075533468,High,125,FALSE
12/29/2017,Hawaiian Islands,1.472670101,-133.5442392,30.66929838,8.064523183,Low,102,FALSE
1/5/2018,Galápagos,-4.503750563,-91.24731276,29.12314438,8.050647269,Medium,70,FALSE
1/12/2018,Maldives,1.482030684,86.07829914,30.64393176,7.996246276,None,118,FALSE
1/19/2018,South China Sea,-18.20057355,121.1259607,28.30282408,8.061330165,High,65,FALSE
1/26/2018,Great Barrier Reef,27.23392829,-38.66709577,30.32065695,8.104331417,Medium,157,FALSE
2/2/2018,Red Sea,1.750347188,28.44375848,29.43724789,8.08689144,None,154,FALSE
2/9/2018,Great Barrier Reef,5.419017696,-10.36343234,28.21461231,7.958555296,None,55,FALSE
2/16/2018,Galápagos,-14.5907918,-102.2274688,26.60722978,7.9625819,None,123,FALSE
2/23/2018,Caribbean Sea,6.070750127,66.87840767,28.19373966,8.080990851,Medium,113,FALSE
3/2/2018,South China Sea,6.245306645,-15.0301998,27.02884531,8.00160426,Medium,159,FALSE
3/9/2018,Caribbean Sea,11.75251874,58.31082244,27.33032877,8.000991828,High,161,FALSE
3/16/2018,Caribbean Sea,-11.58071999,-12.69602108,29.47636859,7.978218647,High,140,FALSE
3/23/2018,Great Barrier Reef,33.49472278,-227.0711095,27.91503699,8.137859853,Low,147,FALSE
3/30/2018,South China Sea,5.953140677,80.02836451,30.78043986,8.075254922,None,87,FALSE
4/6/2018,Caribbean Sea,-0.972034,-33.86659302,27.85703191,8.101428629,Medium,131,FALSE
4/13/2018,South China Sea,31.72818601,116.0364555,28.74931146,8.026545358,High,167,FALSE
4/20/2018,Red Sea,-2.591870179,113.4568099,26.6626182,8.069680593,Low,119,TRUE
4/27/2018,Great Barrier Reef,16.99308294,-129.6983693,28.82840542,8.068520264,Low,95,FALSE
5/4/2018,Great Barrier Reef,-2.128068958,-19.93854953,27.58307976,8.132356303,High,158,FALSE
5/11/2018,Caribbean Sea,35.87016863,157.0564138,28.28742846,8.006315229,Medium,66,TRUE
5/18/2018,Maldives,-12.65763121,69.30672012,29.98919296,7.948076047,Medium,80,FALSE
5/25/2018,Galápagos,4.788743494,15.22222681,28.09073047,8.062085511,High,85,FALSE
6/1/2018,Great Barrier Reef,2.592061887,154.2019976,26.79185146,8.012413585,Low,163,FALSE
6/8/2018,Hawaiian Islands,-4.907743401,-89.73238414,29.88490851,8.104588989,High,101,TRUE
6/15/2018,Maldives,7.39181887,127.8919124,29.43360857,8.031811956,Low,101,FALSE
6/22/2018,Maldives,17.07196373,-128.6725705,28.83166955,8.004762247,None,80,FALSE
6/29/2018,Maldives,1.730087098,-127.2033508,28.2065279,8.092151182,None,125,FALSE
7/6/2018,Maldives,10.069402,-23.36599049,29.12623616,8.091303767,None,96,FALSE
7/13/2018,Great Barrier Reef,5.354605874,69.59322385,29.14001418,8.079919777,High,60,TRUE
7/20/2018,Maldives,-0.147339084,-17.38486696,28.27663654,8.099304424,Low,98,FALSE
7/27/2018,Caribbean Sea,19.51903867,120.0345713,28.83692591,8.122638931,High,104,TRUE
8/3/2018,Caribbean Sea,36.84299798,78.64268561,30.14020797,8.057799883,Medium,141,FALSE
8/10/2018,Red Sea,13.68994959,209.9451187,27.50004814,8.144514523,High,164,FALSE
8/17/2018,Maldives,2.437412882,111.654745,29.35165965,8.072422636,None,75,FALSE
8/24/2018,Galápagos,-8.23457862,62.14835056,27.95927349,8.089059354,Medium,167,FALSE
8/31/2018,Caribbean Sea,21.88814034,192.3525822,27.61326994,8.06031941,Medium,146,FALSE
9/7/2018,South China Sea,15.0779382,133.9949069,26.25067006,8.081571775,High,132,TRUE
9/14/2018,Red Sea,1.106097275,11.61183297,28.21659904,7.999982999,Low,61,FALSE
9/21/2018,South China Sea,17.00398618,215.4074243,28.53001828,8.074831783,Medium,124,FALSE
9/28/2018,Hawaiian Islands,0.854502977,-118.5705805,29.27761691,8.080903538,Medium,117,FALSE
10/5/2018,Red Sea,-1.015884757,-43.61829908,28.77578043,8.044428545,Medium,72,FALSE
10/12/2018,Caribbean Sea,10.17131595,184.3707099,29.72387108,8.015271711,Medium,75,FALSE
10/19/2018,South China Sea,5.271046238,71.54155217,27.20992244,8.04896899,None,170,FALSE
10/26/2018,Maldives,8.8195893,-33.35820692,26.80007903,8.060920196,None,62,FALSE
11/2/2018,Caribbean Sea,26.55511166,-8.400668,30.01523281,8.080821377,High,75,FALSE
11/9/2018,Galápagos,-34.20802857,-96.66121772,28.37054651,8.057330292,High,76,TRUE
11/16/2018,Hawaiian Islands,-8.512265474,71.41597075,29.40265513,8.060168725,Low,63,FALSE
11/23/2018,Hawaiian Islands,9.082442159,-108.0868586,30.45054503,8.041820247,High,113,FALSE
11/30/2018,South China Sea,-12.20476286,55.36326775,26.37007621,8.075949792,Medium,71,FALSE
12/7/2018,South China Sea,21.11059628,25.78730456,26.28883021,8.009941061,Medium,122,FALSE
12/14/2018,Great Barrier Reef,11.86360124,166.3138816,28.76872294,8.107105368,Medium,158,FALSE
12/21/2018,Red Sea,-10.27191948,-14.02787247,27.70212357,8.040993635,Medium,107,FALSE
12/28/2018,Great Barrier Reef,1.713038068,18.57249576,26.29748341,8.064015073,Low,92,FALSE
1/4/2019,Caribbean Sea,13.04877991,1.913015869,28.9796633,8.11782083,None,68,FALSE
1/11/2019,South China Sea,-6.267265819,161.9372586,28.71423374,8.083530836,Medium,117,FALSE
1/18/2019,Caribbean Sea,19.19345065,147.4280133,29.17009432,8.038355793,Low,73,TRUE
1/25/2019,Maldives,8.099634389,61.39844731,27.10033327,7.955237672,High,125,FALSE
2/1/2019,South China Sea,-8.496396217,-15.27459791,27.70156519,8.029348214,Low,127,FALSE
2/8/2019,Galápagos,1.801996899,-16.11957819,27.63758731,8.110134737,Medium,74,FALSE
2/15/2019,Red Sea,34.41374647,-52.61220925,28.27958941,8.156272315,None,98,FALSE
2/22/2019,Red Sea,8.301928627,-90.54379179,29.75872515,8.097484107,Low,64,FALSE
3/1/2019,Galápagos,-24.25680415,13.13948768,28.3231933,8.044263124,None,78,FALSE
3/8/2019,Hawaiian Islands,11.60316396,-28.43051749,30.35789753,8.058711189,None,163,FALSE
3/15/2019,Red Sea,6.797607952,119.1184611,28.6170355,8.065722349,Medium,77,FALSE
3/22/2019,South China Sea,23.42802417,106.153153,29.23799722,8.01549602,None,143,FALSE
3/29/2019,Great Barrier Reef,11.19252258,-370.9076395,27.53267242,8.054287979,Medium,103,FALSE
4/5/2019,Caribbean Sea,10.58376667,69.67948231,31.18128519,8.044608146,High,83,FALSE
4/12/2019,Great Barrier Reef,-0.26304482,213.5276129,30.1624455,8.093749232,Medium,123,FALSE
4/19/2019,Red Sea,-5.207886049,-91.91308157,29.71769444,8.144494928,Medium,158,FALSE
4/26/2019,South China Sea,-1.992247221,131.4257438,28.26236807,8.021512377,High,105,FALSE
5/3/2019,Caribbean Sea,10.58452731,155.5394103,28.67710541,8.017534075,None,115,FALSE
5/10/2019,Great Barrier Reef,16.55392288,18.18409989,27.94422488,8.045957637,High,159,FALSE
5/17/2019,Hawaiian Islands,-7.22868788,88.08580994,28.97893406,7.994054835,Low,94,TRUE
5/24/2019,Maldives,-2.122571892,44.90225699,30.0088145,8.15981337,Low,160,FALSE
5/31/2019,Great Barrier Reef,14.84285591,-17.82605745,27.15333755,8.034046096,High,84,FALSE
6/7/2019,South China Sea,5.203355614,-35.8885964,26.8821371,7.9343268,High,144,FALSE
6/14/2019,South China Sea,-3.539615959,97.81075704,28.02406366,8.048764796,High,57,FALSE
6/21/2019,Hawaiian Islands,16.48299909,-148.6980477,29.24339248,8.1264276,High,110,TRUE
6/28/2019,Maldives,20.06876855,16.09715288,27.08724275,7.871455789,None,59,TRUE
7/5/2019,Galápagos,-10.47967927,94.14260785,26.83894632,8.07055856,Medium,138,FALSE
7/12/2019,Galápagos,-9.685720656,114.9325579,29.4525258,8.055423485,Low,133,FALSE
7/19/2019,Great Barrier Reef,-4.444077531,-86.8436038,28.84958434,8.137496081,Low,157,FALSE
7/26/2019,Red Sea,-4.019720751,21.52233365,29.50793001,8.104749441,None,99,TRUE
8/2/2019,Hawaiian Islands,14.66659387,-3.877861622,29.57495648,7.979305193,Medium,169,FALSE
8/9/2019,Maldives,24.98014755,-237.617126,28.58232545,8.142451694,Medium,151,FALSE
8/16/2019,Galápagos,13.64768566,39.16178542,27.92912956,8.095792772,High,87,FALSE
8/23/2019,Hawaiian Islands,-3.680412318,172.460931,29.05912371,8.135418068,High,70,FALSE
8/30/2019,Great Barrier Reef,14.25845614,-185.02013,29.65759107,8.054438225,Medium,91,FALSE
9/6/2019,Red Sea,15.82871994,78.02002793,28.74184869,8.104325097,Low,76,FALSE
9/13/2019,Hawaiian Islands,18.3298372,124.6905639,27.95263407,8.058902925,Low,72,FALSE
9/20/2019,South China Sea,-0.597663133,58.39494736,29.87259678,8.01148574,High,127,TRUE
9/27/2019,South China Sea,8.544477775,-46.30830022,28.92104594,8.084895801,Low,98,FALSE
10/4/2019,Galápagos,18.24552689,-104.2325818,27.33838109,8.077915386,None,162,FALSE
10/11/2019,Hawaiian Islands,-9.294445209,-108.6046778,28.89601092,8.040246299,Medium,157,FALSE
10/18/2019,Galápagos,9.534854434,60.07958616,27.7229776,8.093365546,High,137,FALSE
10/25/2019,Maldives,9.563658616,-106.1596784,27.431355,8.029999252,None,95,TRUE
11/1/2019,Caribbean Sea,3.251530542,61.89840143,27.99696804,8.080064484,High,113,FALSE
11/8/2019,Great Barrier Reef,11.75709097,41.35751325,28.39983033,8.00494778,None,106,FALSE
11/15/2019,Red Sea,5.246591858,-111.1379108,30.99881807,8.131455266,None,67,FALSE
11/22/2019,Red Sea,2.922694306,78.47128397,29.66929124,8.136136038,Low,130,TRUE
11/29/2019,Caribbean Sea,-0.016867357,15.21743355,29.08454655,8.062267923,Medium,68,FALSE
12/6/2019,South China Sea,-4.669208138,35.74058207,26.06988981,8.072736848,Low,138,FALSE
12/13/2019,Galápagos,5.609519802,-82.3922134,28.32064959,7.985545666,High,97,FALSE
12/20/2019,South China Sea,27.13482847,-150.9200218,30.41554343,8.016481708,High,107,TRUE
12/27/2019,Red Sea,14.76590351,-78.33527638,29.64403439,8.037762214,Low,124,FALSE
1/3/2020,Red Sea,20.8200436,46.79640857,27.02619552,8.049654435,High,57,FALSE
1/10/2020,Maldives,-4.376069305,7.29841388,26.65978049,8.017137542,Low,104,FALSE
1/17/2020,Maldives,14.30314567,174.5283317,29.8303827,8.106356184,Medium,85,FALSE
1/24/2020,Great Barrier Reef,6.833064306,-158.3829617,27.60513317,8.025901777,High,85,FALSE
1/31/2020,Hawaiian Islands,-1.756751744,166.7146689,27.15468064,8.010429528,None,161,TRUE
2/7/2020,Great Barrier Reef,5.145428879,-74.79841165,27.43349002,8.069320244,Medium,99,FALSE
2/14/2020,South China Sea,12.12964669,87.30027195,27.83334533,8.007806724,Low,155,FALSE
2/21/2020,Hawaiian Islands,21.20978094,-109.5625947,29.61178286,8.043505008,Medium,115,FALSE
2/28/2020,Great Barrier Reef,0.625531453,-41.01406316,26.98943066,8.196243845,Low,162,FALSE
3/6/2020,Great Barrier Reef,-9.558371149,136.28348,25.73470234,8.02681371,Medium,106,FALSE
3/13/2020,Galápagos,-2.156470917,241.4038688,26.53745663,8.197522679,Medium,91,FALSE
3/20/2020,Great Barrier Reef,5.780532528,26.17731421,27.89748821,8.11835857,Medium,142,FALSE
3/27/2020,Hawaiian Islands,-14.91508168,170.2720775,28.4820949,8.051436539,Medium,165,FALSE
4/3/2020,Maldives,-3.568871658,185.0152841,28.79304996,8.12764438,None,70,FALSE
4/10/2020,Caribbean Sea,-1.9603714,-62.57890745,29.59204506,8.098883771,Medium,133,FALSE
4/17/2020,Maldives,51.94597034,-151.9988406,28.09590004,8.07153926,Low,169,FALSE
4/24/2020,Caribbean Sea,-2.883015943,16.33681463,28.51609271,8.194257595,None,128,FALSE
5/1/2020,South China Sea,8.089222322,-97.25493092,27.5311653,8.10156337,Low,169,FALSE
5/8/2020,Caribbean Sea,-5.203625213,-12.15401325,29.26412813,8.043031267,None,128,FALSE
5/15/2020,Galápagos,3.046758732,-51.19451933,30.10092418,8.077261564,Low,125,TRUE
5/22/2020,Great Barrier Reef,14.26486474,-42.05405166,29.59726942,8.088281007,None,143,FALSE
5/29/2020,Red Sea,-22.38345112,-189.1478635,27.8358522,8.117744307,High,151,FALSE
6/5/2020,South China Sea,2.438205171,-159.5827382,27.77718856,8.07010386,Low,74,FALSE
6/12/2020,Hawaiian Islands,10.6249431,-90.68286199,29.07452819,8.054944403,None,63,FALSE
6/19/2020,Galápagos,6.441752511,-10.83578733,28.18341492,8.045350409,Medium,81,FALSE
6/26/2020,South China Sea,11.19228361,107.7863353,29.89131141,8.050125129,High,103,TRUE
7/3/2020,Great Barrier Reef,29.26496432,-54.5897324,29.02293559,8.009969349,Low,65,FALSE
7/10/2020,South China Sea,-10.17957349,101.2319922,25.39329581,8.031703898,Medium,67,TRUE
7/17/2020,Great Barrier Reef,13.8700829,-90.82412371,26.05850992,8.058822666,High,79,FALSE
7/24/2020,Galápagos,-0.816686043,87.74492922,30.26713028,8.027495527,Low,108,FALSE
7/31/2020,Maldives,-24.44082815,263.3386155,29.73267625,8.067201478,Medium,87,FALSE
8/7/2020,Hawaiian Islands,-8.14019673,-67.69438968,29.97951932,8.18390577,Medium,143,FALSE
8/14/2020,Caribbean Sea,38.66367376,-111.1437167,29.06330081,7.998638311,None,72,FALSE
8/21/2020,Great Barrier Reef,15.25949629,165.1177957,30.45279551,8.031145018,High,159,FALSE
8/28/2020,Caribbean Sea,-7.401879554,-92.62320014,30.39138153,8.038051264,Low,67,TRUE
9/4/2020,Hawaiian Islands,8.325932375,59.45564862,26.23586169,8.081765816,High,93,FALSE
9/11/2020,Red Sea,-8.453626222,0.956930124,26.654723,8.036560192,None,64,FALSE
9/18/2020,Galápagos,8.222145866,68.31429463,26.3576406,8.14245759,Medium,124,FALSE
9/25/2020,South China Sea,-29.9965724,-169.1594195,29.70035137,8.079979634,Medium,161,FALSE
10/2/2020,Caribbean Sea,-13.70147547,56.77592478,29.62812089,8.042542741,None,111,FALSE
10/9/2020,Red Sea,26.4560054,14.07146667,29.13916952,8.162331123,High,159,TRUE
10/16/2020,Maldives,10.33715212,-38.63603096,30.44070313,8.168109468,Medium,56,FALSE
10/23/2020,Galápagos,10.1824702,103.4741647,30.17173618,8.088612641,Medium,96,FALSE
10/30/2020,Maldives,1.151283704,-29.22778662,28.20284812,8.091123109,High,124,FALSE
11/6/2020,Hawaiian Islands,7.343069825,17.49061054,27.56643365,8.063215396,Medium,102,FALSE
11/13/2020,Hawaiian Islands,4.933487508,131.7172908,28.67136686,8.046196528,None,66,FALSE
11/20/2020,South China Sea,-4.529241673,-38.08726024,29.98269875,8.035958437,Medium,137,FALSE
11/27/2020,Hawaiian Islands,17.51343815,41.75534368,25.77956255,8.098409558,Low,138,FALSE
12/4/2020,Hawaiian Islands,-1.474305093,-95.87891912,29.27836667,8.070779824,None,135,FALSE
12/11/2020,Red Sea,-17.88197232,-57.89176712,27.50237426,8.013996901,Medium,159,TRUE
12/18/2020,South China Sea,-12.34244575,-260.2612849,30.47644412,8.037080748,None,142,FALSE
12/25/2020,Maldives,-14.61113734,70.71213689,30.02093555,8.051597398,High,98,TRUE
1/1/2021,Great Barrier Reef,9.968841021,-207.9692756,31.11514629,8.16060325,High,75,FALSE
1/8/2021,Great Barrier Reef,-6.468483421,-101.8688775,28.17816684,8.181876693,Medium,92,FALSE
1/15/2021,Red Sea,-5.919081285,6.100186814,28.65844354,8.07796178,High,128,FALSE
1/22/2021,Caribbean Sea,1.697683393,72.26268105,28.62812522,8.028757879,High,80,FALSE
1/29/2021,Maldives,-9.408153908,128.3058363,29.5641781,8.054433163,None,151,FALSE
2/5/2021,Maldives,20.86388206,11.67026418,28.85051186,8.091552512,High,139,FALSE
2/12/2021,Galápagos,16.56873455,-42.77104318,28.45989157,8.109694778,High,152,FALSE
2/19/2021,Caribbean Sea,2.250776184,-74.37578245,26.15265153,8.168485085,Medium,59,FALSE
2/26/2021,Red Sea,-0.141176875,40.80342689,27.50361005,7.983499894,Medium,114,FALSE
3/5/2021,Great Barrier Reef,2.425687587,-45.06710512,28.19906466,8.071837181,None,139,FALSE
3/12/2021,Caribbean Sea,4.535177806,-4.32856746,26.2574627,8.011535776,None,83,FALSE
3/19/2021,Red Sea,-0.236227567,61.28642974,26.65919708,8.042356455,Low,60,TRUE
3/26/2021,Caribbean Sea,12.44214073,224.1182497,28.02625746,8.080537322,None,103,TRUE
4/2/2021,Hawaiian Islands,43.29671294,21.88103331,27.96626002,8.050022578,High,102,FALSE
4/9/2021,Hawaiian Islands,8.964394455,130.9801877,28.78263923,8.047223993,High,126,FALSE
4/16/2021,Great Barrier Reef,32.30616193,16.9386237,26.53946501,7.940695012,Medium,132,FALSE
4/23/2021,Hawaiian Islands,8.48641802,-115.4363378,26.45115418,7.920016323,None,91,FALSE
4/30/2021,Maldives,3.670039258,26.17200019,28.96763717,8.108460475,None,130,FALSE
5/7/2021,Hawaiian Islands,9.263517006,147.2322632,29.49546989,8.068021844,None,170,FALSE
5/14/2021,Hawaiian Islands,5.658941094,101.2283717,27.36717256,8.097381623,Low,143,FALSE
5/21/2021,Galápagos,-0.201795719,71.10636565,27.97224539,8.169882315,High,69,FALSE
5/28/2021,Red Sea,-4.920617899,-87.80638066,29.95767152,8.001344586,High,57,TRUE
6/4/2021,Galápagos,-12.05720205,-68.32967752,27.4461339,7.905722659,High,57,FALSE
6/11/2021,Great Barrier Reef,20.7973126,-4.410406305,28.60130823,7.992061753,Low,162,FALSE
6/18/2021,Red Sea,3.907710624,-74.03967085,26.3794534,8.109846922,None,128,FALSE
6/25/2021,Galápagos,19.92265335,111.6585528,28.55154208,8.025973512,High,98,FALSE
7/2/2021,Galápagos,4.204067709,155.7230651,27.5378886,7.98123126,High,121,TRUE
7/9/2021,Galápagos,0.534114753,-108.2106485,27.02153703,8.102631589,Medium,138,FALSE
7/16/2021,South China Sea,2.800519146,-149.3549746,26.91403402,7.95587503,High,70,FALSE
7/23/2021,Great Barrier Reef,-9.667682501,199.1170375,29.74034476,8.133668555,Low,148,FALSE
7/30/2021,Caribbean Sea,-10.40367652,54.39159485,29.89963551,8.072170474,High,138,FALSE
8/6/2021,South China Sea,18.90672481,21.813789,26.33104908,8.107733574,Low,88,FALSE
8/13/2021,South China Sea,-10.1631602,-52.78794711,28.62864725,8.086884271,None,90,FALSE
8/20/2021,Hawaiian Islands,12.10653219,67.18650604,29.42168548,8.065069429,High,149,FALSE
8/27/2021,Red Sea,30.42344281,-34.95130968,28.77972098,8.054168258,None,75,FALSE
9/3/2021,Great Barrier Reef,9.901610666,127.656361,28.68789154,7.952481107,None,59,FALSE
9/10/2021,South China Sea,12.45349045,-16.13216477,28.39583975,8.017875764,Medium,100,FALSE
9/17/2021,South China Sea,-24.90342605,103.726225,27.55949074,8.107826842,Low,57,TRUE
9/24/2021,South China Sea,26.13424896,136.6019858,27.73852972,8.003881417,Low,100,TRUE
10/1/2021,Red Sea,24.99979536,-47.17554455,29.19012253,8.096398109,High,70,FALSE
10/8/2021,Red Sea,-0.568478977,44.38390891,28.78812517,8.157414397,Low,100,TRUE
10/15/2021,Hawaiian Islands,15.88690924,-29.52302032,27.61667231,8.020512379,Medium,134,FALSE
10/22/2021,Galápagos,-6.336318721,172.9278079,28.96220137,8.086938574,None,166,FALSE
10/29/2021,Galápagos,-0.7761285,-29.91999339,29.31875998,8.066894458,High,69,FALSE
11/5/2021,Hawaiian Islands,18.14973879,87.3840557,27.56029029,7.961780045,Medium,126,FALSE
11/12/2021,Maldives,-16.34326891,-116.4801025,29.56572349,8.111724612,Low,56,FALSE
11/19/2021,Galápagos,2.828522907,-0.557379317,29.08102819,8.037392565,None,73,FALSE
11/26/2021,South China Sea,4.143364418,71.57142279,27.83631053,8.051767771,None,120,TRUE
12/3/2021,Maldives,-17.17832757,99.18067067,29.87273118,7.975400013,Low,104,FALSE
12/10/2021,Maldives,-9.171358796,-242.3595556,29.096117,8.059117274,Medium,128,FALSE
12/17/2021,Caribbean Sea,-4.899778177,-51.13668641,27.67283147,8.056328728,Low,158,FALSE
12/24/2021,Maldives,-8.901896258,-2.218577645,29.35050736,8.060187549,Medium,114,TRUE
12/31/2021,Great Barrier Reef,-6.276683491,-174.704504,27.88835007,8.076915804,None,100,FALSE
1/7/2022,Galápagos,4.969174512,-94.07880721,27.95638993,8.095323729,None,65,FALSE
1/14/2022,Galápagos,0.863013238,-71.74055833,29.5878192,8.045837485,Low,151,FALSE
1/21/2022,Great Barrier Reef,15.76657522,-6.981294388,29.35744414,8.014376404,Medium,163,FALSE
1/28/2022,Galápagos,24.74343324,-3.248810709,28.9090888,8.014123846,None,103,FALSE
2/4/2022,South China Sea,0.577431507,-237.1994877,30.62484022,8.019947525,Medium,163,FALSE
2/11/2022,Maldives,-1.682302278,-140.6219261,29.3723686,7.997189393,High,93,TRUE
2/18/2022,Great Barrier Reef,-4.900030034,112.9116646,29.88180708,8.033825365,Medium,113,FALSE
2/25/2022,Great Barrier Reef,27.56956139,-113.4557521,28.05646954,8.023482053,None,58,FALSE
3/4/2022,South China Sea,-9.209962736,46.64759881,31.40556626,8.051113472,Medium,123,FALSE
3/11/2022,Red Sea,8.071177669,-143.7062181,27.61735852,8.01092224,Medium,103,FALSE
3/18/2022,South China Sea,-4.966819663,2.906501565,27.6978204,8.050963169,High,79,FALSE
3/25/2022,Maldives,20.66885502,-2.443828034,28.03370393,8.04273566,None,171,FALSE
4/1/2022,Red Sea,17.31006453,126.3912427,28.1218443,8.057068865,High,107,FALSE
4/8/2022,Caribbean Sea,-0.650212857,-161.1776559,29.2862292,8.092774825,Medium,151,FALSE
4/15/2022,Caribbean Sea,13.03995307,-99.24439619,29.21846359,8.049078231,High,170,TRUE
4/22/2022,Caribbean Sea,32.38034894,23.1161833,30.84786722,8.121585622,Low,89,FALSE
4/29/2022,South China Sea,10.54678302,122.9079845,27.53249607,8.081990129,High,141,FALSE
5/6/2022,Great Barrier Reef,5.209157059,-148.9842217,29.16339096,8.061187484,Medium,143,FALSE
5/13/2022,Hawaiian Islands,-17.92979253,59.55982958,26.57429432,8.044229377,Medium,161,FALSE
5/20/2022,South China Sea,20.39955113,212.6209207,28.94208265,7.909534276,Low,108,FALSE
5/27/2022,Maldives,-2.132268805,-34.08225526,26.31259992,8.02756052,None,147,FALSE
6/3/2022,Maldives,22.4857344,-73.33443846,28.06696454,7.978718134,None,69,FALSE
6/10/2022,Red Sea,10.43131115,-203.5447039,27.43732846,7.981746891,None,56,FALSE
6/17/2022,Maldives,-32.73990296,-133.6742514,30.27648054,8.071672283,Medium,154,FALSE
6/24/2022,Galápagos,8.188242433,182.9161831,30.66748522,8.066440909,Medium,92,FALSE
7/1/2022,Maldives,7.024288004,30.35106471,28.84835813,7.993076211,None,98,FALSE
7/8/2022,Red Sea,11.7876678,124.0203267,27.33180536,7.999674929,Low,133,FALSE
7/15/2022,Red Sea,-9.167444285,198.3525468,27.4276,7.965180896,None,164,FALSE
7/22/2022,Red Sea,-16.32080485,-3.310019262,27.9445265,8.034847644,None,166,FALSE
7/29/2022,Maldives,3.223470414,-39.82016824,27.3700006,8.026800181,High,171,FALSE
8/5/2022,Great Barrier Reef,25.22318817,-5.056445103,29.91374557,8.057465412,None,59,FALSE
8/12/2022,Great Barrier Reef,34.71829169,129.68395,28.56670623,8.006293557,Low,127,FALSE
8/19/2022,Maldives,1.607460876,46.36814895,28.68505683,8.143850733,None,57,FALSE
8/26/2022,Great Barrier Reef,-11.33683056,-21.26199244,27.76508819,8.131120957,High,56,FALSE
9/2/2022,Hawaiian Islands,20.59634104,70.85911393,29.40736395,8.108058225,High,144,FALSE
9/9/2022,Maldives,1.723091681,171.822402,26.56285383,8.135304102,Medium,145,FALSE
9/16/2022,Red Sea,10.26864226,103.4417269,26.27494737,8.158013109,Low,64,FALSE
9/23/2022,Red Sea,12.30578,221.093027,30.10864628,8.01791447,None,77,FALSE
9/30/2022,Red Sea,-3.504519302,227.8616151,25.21309164,8.112397202,None,166,FALSE
10/7/2022,Caribbean Sea,-0.451103174,124.9852974,29.56344592,7.944799046,None,85,FALSE
10/14/2022,Galápagos,12.43710305,-192.3423489,28.31748863,8.111330451,None,88,FALSE
10/21/2022,Red Sea,-3.497034446,-34.2046092,28.75013923,8.065757311,None,82,FALSE
10/28/2022,Red Sea,27.36292321,-72.42085151,28.87159851,8.114314646,None,102,FALSE
11/4/2022,South China Sea,15.87105413,-37.16693237,30.46614581,8.025211723,None,129,FALSE
11/11/2022,Great Barrier Reef,-7.734354868,71.09629072,29.13975241,8.074992202,Low,163,FALSE
11/18/2022,South China Sea,3.169742542,-85.11776833,28.73928406,8.027521553,Medium,68,TRUE
11/25/2022,Great Barrier Reef,-23.55687703,-28.99564402,26.80000352,8.155819304,High,138,FALSE
12/2/2022,Great Barrier Reef,13.25086492,-116.1811282,25.64437676,8.095637772,Medium,60,FALSE
12/9/2022,Red Sea,20.81414327,-34.36047606,28.90768964,8.07640771,None,123,FALSE
12/16/2022,Caribbean Sea,10.78159066,-87.84589001,26.6395768,8.019568317,High,94,FALSE
12/23/2022,Maldives,24.00763641,155.4730127,27.15018118,7.98899978,Medium,54,FALSE
12/30/2022,Great Barrier Reef,-18.85662663,-67.9560326,28.14889371,8.04389081,High,62,FALSE
1/6/2023,Hawaiian Islands,-0.947886369,-54.87368015,28.23976176,8.063687435,None,166,TRUE
1/13/2023,Maldives,10.77433472,52.38806876,30.56764672,7.956693976,High,91,FALSE
1/20/2023,South China Sea,-2.054885001,12.65641908,30.55580773,7.986091328,None,108,FALSE
1/27/2023,Galápagos,35.41860753,0.382792097,29.00938264,8.01695378,None,117,FALSE
2/3/2023,Caribbean Sea,19.43474122,89.32822551,28.88745857,8.069233687,None,116,FALSE
2/10/2023,Great Barrier Reef,30.77864609,-240.5311697,27.73207341,8.038029738,Medium,95,FALSE
2/17/2023,Maldives,-2.672680318,-3.203865813,28.16278999,8.115563923,Low,84,FALSE
2/24/2023,Hawaiian Islands,7.835415054,69.40598446,28.09012108,8.023903393,Low,149,FALSE
3/3/2023,Galápagos,9.935448713,49.21143214,29.01389833,8.104505538,None,140,FALSE
3/10/2023,South China Sea,15.74365791,163.3511045,28.84745832,8.021974253,High,109,FALSE
3/17/2023,Hawaiian Islands,10.32931124,38.99877444,29.97548252,8.086220278,None,54,FALSE
3/24/2023,Red Sea,-9.453280187,-42.63412122,27.6589612,8.135068251,Low,69,FALSE
3/31/2023,Red Sea,-1.983392923,53.35931215,29.81797264,8.063769166,Medium,148,FALSE
4/7/2023,Maldives,-6.115316256,14.48024709,29.09083815,8.003423878,None,139,FALSE
4/14/2023,Great Barrier Reef,7.316653422,48.20627577,29.7016972,8.184200072,Medium,68,FALSE
4/21/2023,Red Sea,23.55170012,49.79979986,31.191074,8.103897775,Low,127,FALSE
4/28/2023,South China Sea,29.81104848,81.51948338,32.21245819,8.17139306,High,60,TRUE
5/5/2023,Hawaiian Islands,22.97525163,44.4484549,30.52466035,8.023788445,Medium,156,FALSE
5/12/2023,Galápagos,11.43329573,46.31545648,26.82610728,7.966580706,None,147,FALSE
5/19/2023,Caribbean Sea,10.9715191,-169.9215638,27.84899444,8.080473209,High,61,FALSE
5/26/2023,Red Sea,-5.047112813,67.78137148,28.75380713,8.021911387,None,170,FALSE
6/2/2023,South China Sea,-19.18471648,26.23951379,31.3001599,8.130099895,Medium,165,FALSE
6/9/2023,Hawaiian Islands,16.08563801,87.06529431,29.72234524,8.114724541,None,114,TRUE
6/16/2023,South China Sea,12.25034206,90.61402403,27.75062737,8.149629292,Medium,115,FALSE
6/23/2023,Red Sea,-9.783045087,19.48334958,28.89004698,7.985871079,None,124,TRUE
6/30/2023,Red Sea,6.414308889,92.7619254,27.65258874,8.127417472,High,69,FALSE
7/7/2023,Maldives,-27.00456985,29.37545231,28.87171514,8.134448365,Low,82,FALSE
7/14/2023,Maldives,11.97896359,-30.00108293,27.56093777,8.029089287,Medium,169,FALSE
7/21/2023,Maldives,0.731399084,-40.93439907,26.87995316,8.030352648,Medium,76,FALSE
7/28/2023,Hawaiian Islands,4.388027529,113.5204478,25.24120756,8.108510468,High,111,FALSE
8/4/2023,Hawaiian Islands,5.267573624,83.72234607,30.48814483,8.040006466,High,125,FALSE
8/11/2023,Red Sea,-4.623106286,-66.91319133,27.33896619,8.134657069,Medium,55,FALSE
8/18/2023,Caribbean Sea,23.75196816,7.463901097,31.0220919,8.065755737,None,90,FALSE
8/25/2023,Maldives,-6.847845741,-102.7382876,28.44319366,8.108863785,None,119,FALSE
9/1/2023,Maldives,25.44903436,88.64573612,28.18200553,8.010990042,Medium,70,FALSE
9/8/2023,Maldives,29.35673437,-75.89924092,31.09721401,8.08447195,Low,69,FALSE
9/15/2023,South China Sea,9.54485575,-28.13944691,25.4108065,8.028976813,None,154,FALSE
9/22/2023,Red Sea,15.31180601,-134.633108,26.63555079,8.164160475,None,118,FALSE
9/29/2023,Caribbean Sea,1.271730708,-25.59744208,29.2599677,8.120206986,Medium,151,FALSE
10/6/2023,Hawaiian Islands,-9.462918101,280.4284677,29.84448246,7.999092538,None,128,FALSE
10/13/2023,Galápagos,2.883807083,10.9255176,28.8908246,7.960258528,Medium,129,FALSE
10/20/2023,Hawaiian Islands,-10.1592578,142.8993891,28.79650972,8.02803287,High,128,FALSE
10/27/2023,Caribbean Sea,-1.233636281,-243.6368147,32.92197189,8.023711343,None,111,FALSE
11/3/2023,Red Sea,13.48756072,24.25727976,30.95392759,8.052292669,None,164,FALSE
11/10/2023,Great Barrier Reef,7.769726697,23.68356544,28.18089437,8.037223886,None,117,TRUE
11/17/2023,South China Sea,-5.903940255,-3.309638371,25.38328743,8.061792446,None,160,FALSE
11/24/2023,Galápagos,-5.160595462,79.99345663,28.37455894,8.057624871,None,104,FALSE
12/1/2023,South China Sea,17.97559463,-165.2156086,28.05921331,8.026586076,None,78,FALSE
12/8/2023,Red Sea,4.380316187,57.20299699,28.22932583,7.93104751,High,167,TRUE
12/15/2023,Caribbean Sea,11.3102406,-176.130021,28.85029692,8.040739715,Medium,114,FALSE
12/22/2023,Great Barrier Reef,2.42541956,-74.47164379,29.07481171,8.058012289,Low,121,TRUE
12/29/2023,Caribbean Sea,7.410606831,208.6791486,28.26951207,8.062481905,Medium,63,FALSE
1/5/2024,South China Sea,-1.588911307,-56.95287741,31.79081099,7.959018711,High,166,FALSE
1/12/2024,Hawaiian Islands,21.27999266,-99.42700469,28.31128618,8.006950292,Low,98,FALSE
1/19/2024,South China Sea,4.612139917,-162.8158398,28.17357855,7.970776157,High,97,FALSE
1/26/2024,Galápagos,-17.48911669,-69.40334344,27.70497335,8.128684118,High,165,FALSE
2/2/2024,Great Barrier Reef,3.439386523,30.03887548,28.66646719,8.014280318,Medium,108,FALSE
2/9/2024,Red Sea,14.69613522,100.2444378,28.99929557,8.080750789,High,63,FALSE
2/16/2024,Great Barrier Reef,-9.307448294,-50.40716552,27.12973484,7.997420344,Medium,116,FALSE
2/23/2024,Caribbean Sea,4.435405644,-7.399454965,28.02029418,8.026989732,High,100,FALSE
3/1/2024,South China Sea,-14.79157173,34.74526997,27.12639763,8.040325752,Medium,72,FALSE
3/8/2024,Hawaiian Islands,8.201293045,1.799903101,28.41557005,8.112509223,None,76,FALSE
3/15/2024,Galápagos,19.99646066,75.8537533,27.53886804,8.017542519,None,143,TRUE
3/22/2024,Caribbean Sea,0.551038119,139.9148488,28.10022892,8.153546335,High,73,TRUE
3/29/2024,Hawaiian Islands,7.12419385,-11.68417749,28.69184954,7.993013814,None,98,FALSE
4/5/2024,Galápagos,22.0500857,-35.1597648,28.29520392,8.055827327,None,155,FALSE
4/12/2024,South China Sea,2.733283606,-86.46084016,28.56068866,8.000503656,Medium,55,FALSE
4/19/2024,Hawaiian Islands,28.58094004,-60.45051125,28.68446927,7.993246416,None,67,FALSE
4/26/2024,Maldives,-0.048685575,96.93464001,27.71276407,7.990848832,Low,65,FALSE
5/3/2024,Caribbean Sea,13.85053617,66.74556583,27.82749995,7.994818747,None,125,FALSE
5/10/2024,Hawaiian Islands,16.25665199,8.073808553,27.17307692,7.95276571,Low,169,FALSE
5/17/2024,Hawaiian Islands,5.779476427,25.9957347,29.57565012,8.102784106,None,82,FALSE
5/24/2024,Red Sea,-0.252692634,94.83946841,28.8748256,8.085345914,None,111,FALSE
5/31/2024,Galápagos,22.2421191,-79.19890402,28.21925554,8.03137403,Low,65,FALSE
6/7/2024,Maldives,25.79337279,-21.99478903,26.81050648,8.017573948,None,54,FALSE
6/14/2024,Great Barrier Reef,10.39069112,-17.83071609,28.72272678,8.047510899,None,144,FALSE
6/21/2024,Caribbean Sea,-20.11467342,-40.15877491,27.61373493,7.973352312,None,99,FALSE
6/28/2024,South China Sea,12.33666941,63.6689028,26.73596713,8.003364594,Medium,106,FALSE
7/5/2024,Red Sea,-7.200711322,-96.22520473,28.60668393,8.07753065,High,57,TRUE
7/12/2024,Hawaiian Islands,-13.0636884,4.407576002,29.81855284,7.976175904,Low,164,TRUE
7/19/2024,Great Barrier Reef,-11.4525476,-11.30799028,27.31996197,8.060708922,Medium,162,FALSE
7/26/2024,Caribbean Sea,-0.94311377,-233.1460082,26.27685921,8.041728447,High,169,FALSE
8/2/2024,Maldives,-4.124155321,-2.843725041,29.66923304,7.993214065,Medium,84,TRUE
8/9/2024,Maldives,29.45117746,235.8180829,25.48952196,8.140735512,None,159,TRUE
8/16/2024,Hawaiian Islands,-10.90806525,-55.27723691,28.20075721,8.11963521,High,58,FALSE
8/23/2024,Great Barrier Reef,12.95729161,103.0851605,31.69209847,8.040529793,Medium,163,FALSE
8/30/2024,Great Barrier Reef,2.222473829,-83.47331107,28.21701778,8.058055461,Medium,139,FALSE
9/6/2024,Hawaiian Islands,12.35871964,-174.4526269,27.45409073,8.031343747,Medium,79,FALSE
9/13/2024,Caribbean Sea,28.66922358,-8.883391366,29.29242388,8.114896482,High,165,FALSE
9/20/2024,South China Sea,6.794720872,129.8907288,29.15155119,8.012253561,None,169,TRUE
9/27/2024,Maldives,-0.294863132,45.84671022,28.6327125,7.963057522,Medium,88,TRUE
10/4/2024,Galápagos,6.821302809,19.14006622,29.80447211,8.092550795,None,138,FALSE
10/11/2024,Red Sea,27.33302071,265.7438514,29.28613483,8.042011454,Medium,98,FALSE
10/18/2024,Caribbean Sea,7.769350778,-5.48220034,27.60333058,8.021557035,Medium,82,FALSE
10/25/2024,Galápagos,2.428892201,11.59101807,29.00308295,7.988965769,None,166,TRUE
11/1/2024,Red Sea,-4.887975289,65.57017323,28.76367653,8.08633919,Medium,106,FALSE
11/8/2024,Hawaiian Islands,-0.25633384,-98.51645651,26.70596993,8.103101568,None,135,FALSE
11/15/2024,Maldives,23.99150017,77.85913029,29.94024721,8.049592704,Medium,59,FALSE
11/22/2024,Hawaiian Islands,-12.4859732,86.93832741,25.72594286,8.002552018,High,79,TRUE
11/29/2024,Great Barrier Reef,4.648919583,8.975114553,28.80924494,8.006210135,None,64,FALSE
12/6/2024,South China Sea,2.759761193,-68.18752974,26.74859567,8.082716923,None,130,FALSE
12/13/2024,Hawaiian Islands,-3.168641579,-223.4456099,27.45134555,7.935251846,None,129,FALSE
12/20/2024,Great Barrier Reef,18.07434037,55.35610933,27.66563331,8.080378067,None,151,FALSE
12/27/2024,Maldives,12.93445514,-8.472604625,29.95060206,8.013917109,Low,127,TRUE
1/3/2025,Caribbean Sea,6.036415002,-8.709315212,28.65168086,8.106811412,Medium,100,FALSE
1/10/2025,Hawaiian Islands,-6.696509742,46.72453237,28.37919009,7.97646568,None,73,FALSE
1/17/2025,Maldives,11.51745706,23.0846908,27.44189093,7.969747486,High,93,FALSE
1/24/2025,Maldives,10.96979065,60.43253341,29.31551091,8.07008106,Low,106,FALSE
1/31/2025,Maldives,-11.35746906,174.9729085,29.23642247,7.977768309,Low,76,FALSE
2/7/2025,Great Barrier Reef,-11.88924845,49.05083917,26.18557348,8.046109747,Medium,62,FALSE
2/14/2025,Hawaiian Islands,18.85075889,-1.784858091,28.36016793,8.054010187,High,134,FALSE
2/21/2025,Red Sea,-0.5983342,38.91845088,28.98466463,8.086169779,None,118,TRUE
2/28/2025,Caribbean Sea,2.931099246,60.6664552,29.5058158,8.12933861,Medium,132,TRUE
3/7/2025,South China Sea,13.22057315,62.18217319,28.29248508,8.080266687,None,152,FALSE
3/14/2025,Maldives,28.52613128,-28.3383972,29.06592348,8.116167081,Low,130,FALSE
3/21/2025,Galápagos,15.04265524,109.1280815,28.75552238,8.054098637,High,148,FALSE
3/28/2025,Caribbean Sea,26.21228353,194.0050367,30.13643256,8.102729981,Medium,161,FALSE
4/4/2025,South China Sea,9.521188094,120.2542274,27.66908665,8.008586749,Medium,69,FALSE
4/11/2025,Hawaiian Islands,25.57479322,-137.3311819,28.16847334,8.028756077,None,62,FALSE
4/18/2025,Great Barrier Reef,14.62393905,173.7370723,28.31681935,8.087367626,Medium,107,FALSE
4/25/2025,Caribbean Sea,9.857626637,103.9517477,31.77878327,8.133835255,Medium,89,FALSE
5/2/2025,Red Sea,-3.688079002,-77.9478487,30.62767935,8.063002049,Low,152,TRUE
5/9/2025,Caribbean Sea,8.59575385,251.6642098,28.75515942,8.096725717,None,153,FALSE
5/16/2025,Great Barrier Reef,6.684639059,-102.5248476,30.84888575,8.102346008,Low,159,FALSE
5/23/2025,Red Sea,17.90082264,33.50028196,28.57386779,8.008086192,High,127,FALSE
5/30/2025,South China Sea,5.526552156,-6.593243719,26.98797194,8.020383723,Low,154,FALSE
6/6/2025,Hawaiian Islands,-0.577599981,43.74106449,27.06584691,7.955798905,Medium,122,FALSE
6/13/2025,Caribbean Sea,12.45687682,24.66334604,26.14641107,7.955926505,High,162,TRUE
6/20/2025,South China Sea,3.19124326,-197.5686927,30.79772126,8.106532862,Low,84,FALSE
6/27/2025,Caribbean Sea,2.581631109,-219.391469,29.94941454,8.050361993,None,57,TRUE
7/4/2025,Galápagos,10.28248334,25.71096895,27.67127532,8.044381645,Low,79,FALSE
7/11/2025,Maldives,19.06614149,12.05820609,29.25297276,8.023253338,Low,128,FALSE
7/18/2025,South China Sea,-18.20213085,-115.2617985,27.23056304,7.99657666,High,112,FALSE
7/25/2025,Great Barrier Reef,-5.38918804,95.56545036,29.66425827,8.102150373,Medium,100,FALSE
8/1/2025,Galápagos,8.702521084,77.26160556,26.80996029,8.148456134,Low,149,FALSE
8/8/2025,Maldives,-0.231647032,41.79705647,28.94982255,8.172927789,High,142,FALSE
8/15/2025,Red Sea,22.38362267,78.61244748,28.12751222,8.087143434,High,66,TRUE
8/22/2025,South China Sea,-3.18613774,97.65127063,29.282348,8.098498941,None,92,FALSE
8/29/2025,South China Sea,5.598091756,-144.4972314,26.01915135,8.02724236,High,143,TRUE
9/5/2025,Caribbean Sea,32.63219795,-3.265609273,30.33324187,8.116434166,High,58,FALSE
9/12/2025,Maldives,-16.0762496,-83.05573064,28.99704368,8.127930388,High,162,FALSE
9/19/2025,South China Sea,7.697066748,71.06948816,30.69732585,8.072925162,High,162,TRUE
9/26/2025,Maldives,-10.12239319,96.53188039,25.94564691,7.995860089,High,130,FALSE
10/3/2025,South China Sea,0.484743516,50.76434591,24.85153633,8.10963719,Medium,171,FALSE
10/10/2025,South China Sea,34.93344182,0.289246373,29.1473135,8.051539103,None,95,FALSE
10/17/2025,Caribbean Sea,-4.269286896,148.8561804,27.48457568,8.054300328,None,118,FALSE
10/24/2025,Hawaiian Islands,8.466422336,-171.370346,29.60224373,7.954526035,Medium,159,FALSE
10/31/2025,Red Sea,15.78800713,-144.1971676,29.04634331,7.986297667,High,160,FALSE
11/7/2025,Maldives,10.91616284,-19.20773681,27.21386948,8.097175632,Medium,143,FALSE
11/14/2025,Caribbean Sea,0.282063742,40.28164814,31.1346438,8.041787079,Low,61,FALSE
11/21/2025,South China Sea,-3.871466048,-102.776031,29.02981964,8.004407234,High,112,FALSE
11/28/2025,South China Sea,19.01127572,167.1469321,29.61861358,8.004890894,Low,131,FALSE
12/5/2025,South China Sea,-12.91716387,46.51488238,27.02109314,8.044118925,Medium,57,FALSE
12/12/2025,Maldives,-7.73105603,-122.9194953,27.21263948,8.091956513,None,138,TRUE
12/19/2025,Hawaiian Islands,0.53823754,75.41360212,28.60160634,8.028513412,High,136,FALSE
12/26/2025,Galápagos,4.11587643,305.2166323,31.04395545,8.166101186,High,114,FALSE
1/2/2026,Maldives,7.548754384,200.7823549,29.7797013,8.091533549,Low,64,TRUE
1/9/2026,South China Sea,14.53236441,-73.61724069,31.21935442,8.098253272,None,166,FALSE
1/16/2026,Caribbean Sea,-5.038650642,80.28933343,27.16946679,8.025969874,Medium,123,FALSE
1/23/2026,Red Sea,25.70912523,175.5190204,30.43232802,8.003967009,Medium,107,TRUE
1/30/2026,Red Sea,-3.908503336,-206.049596,26.79445089,8.117776802,Low,77,FALSE
2/6/2026,Red Sea,23.08555454,-75.94477811,31.63058535,8.037741611,None,67,FALSE
2/13/2026,Great Barrier Reef,-10.40765112,-34.09159618,28.44996889,8.058928569,None,81,FALSE
2/20/2026,Galápagos,24.49554577,-1.173907411,29.2841031,7.939817303,High,152,FALSE
2/27/2026,Caribbean Sea,1.093092259,-91.55163416,26.68501376,7.995022813,Low,123,TRUE
3/6/2026,Maldives,16.81494838,-55.55080518,27.83626164,8.012345527,None,135,FALSE
3/13/2026,Hawaiian Islands,-5.872633792,-20.60500014,28.46548582,8.072312838,Medium,106,FALSE
3/20/2026,Galápagos,1.437649941,133.0305286,29.51753961,8.003435362,Low,106,FALSE
3/27/2026,Galápagos,13.39512809,2.815233019,28.9365665,8.007609727,Medium,81,TRUE
4/3/2026,Caribbean Sea,0.867930042,105.7005974,28.73647682,8.014199939,High,104,FALSE
4/10/2026,Caribbean Sea,4.219208267,-6.45314414,26.45793813,8.053293088,None,96,FALSE
4/17/2026,South China Sea,3.656165303,95.77879175,29.68960595,8.091307514,None,132,FALSE
4/24/2026,Maldives,26.22220306,-48.77448417,29.4383774,8.085862282,None,120,FALSE
5/1/2026,Red Sea,17.62238237,83.76098145,31.24123542,7.976264657,Medium,155,FALSE
5/8/2026,Great Barrier Reef,9.528242759,106.7545567,30.42863549,7.997553883,Medium,116,FALSE
5/15/2026,Maldives,15.04592379,227.9364201,29.87097753,8.068403716,None,65,FALSE
5/22/2026,Galápagos,24.61517157,12.13060702,29.76471674,8.002892877,Medium,171,FALSE
5/29/2026,Caribbean Sea,12.87604969,74.74703953,25.54300384,8.145139521,High,132,FALSE
6/5/2026,Hawaiian Islands,6.309900486,25.4429273,25.03329584,8.010129325,High,112,FALSE
6/12/2026,Maldives,23.22042424,199.0878981,32.59343702,7.984286175,None,114,FALSE
6/19/2026,Caribbean Sea,17.81810937,-99.00838157,29.75601967,8.008855216,None,99,FALSE
6/26/2026,Red Sea,12.22592638,37.88212232,29.14967157,8.085952548,None,98,TRUE
7/3/2026,Caribbean Sea,-7.186361276,-34.65944599,27.02337757,8.12652813,Low,55,FALSE
7/10/2026,Maldives,14.60150401,-150.3219333,29.5227458,8.023376774,None,75,FALSE
7/17/2026,South China Sea,6.890085773,-162.6399399,29.76575316,8.117037264,Medium,62,FALSE
7/24/2026,South China Sea,-2.615215818,94.20385391,27.47373384,8.091642212,High,170,FALSE
7/31/2026,Galápagos,11.82484418,-28.10367433,27.66461688,8.071972205,None,131,FALSE
8/7/2026,Maldives,-2.601205101,3.678979908,27.15871342,8.067529121,Medium,153,FALSE
8/14/2026,Red Sea,2.95658248,17.50736081,29.50925321,8.039563274,None,89,FALSE
8/21/2026,Red Sea,5.644292058,31.11031249,26.00775204,7.997161656,None,96,FALSE
8/28/2026,Red Sea,16.03446096,-143.7354558,32.57463808,8.206957208,High,107,FALSE
9/4/2026,Red Sea,0.248857782,97.23523524,27.28482862,8.077847688,High,71,FALSE
9/11/2026,Caribbean Sea,18.09595666,-55.41519759,28.60228647,7.94109941,High,101,FALSE
9/18/2026,Red Sea,0.479711688,-129.7615802,31.29862597,8.000777578,None,112,FALSE
9/25/2026,Caribbean Sea,-11.8006703,56.85835605,29.05019939,8.087190206,Medium,146,TRUE
10/2/2026,Great Barrier Reef,3.63340234,-13.60444363,30.91940791,8.067003364,None,160,FALSE
10/9/2026,Hawaiian Islands,-21.25576247,55.36505254,26.20810137,8.01238569,Low,120,FALSE
10/16/2026,Caribbean Sea,7.202346907,16.49542503,27.60510006,8.094781098,Low,72,FALSE
10/23/2026,Galápagos,-2.505809853,-47.27435075,28.1247148,8.035751807,None,128,FALSE
10/30/2026,Red Sea,18.60374494,76.45927953,29.02938968,8.064315167,High,107,FALSE
11/6/2026,Maldives,-6.797449215,85.86993562,26.49979454,8.158950669,High,145,TRUE
11/13/2026,Galápagos,-45.8796849,126.3069007,29.05193509,8.129309538,None,97,FALSE
11/20/2026,Red Sea,22.92157523,111.4471702,29.62016101,8.078275001,Medium,132,FALSE
11/27/2026,Maldives,-0.311975016,131.0305366,28.10370622,8.055029005,Low,164,FALSE
12/4/2026,Maldives,-2.076373591,-60.44710525,26.46079843,8.091700427,Medium,55,FALSE
12/11/2026,Maldives,-1.76813559,184.2461657,28.50891116,7.913317877,High,164,FALSE
12/18/2026,Galápagos,-1.194604546,-17.91171046,28.06025143,7.984765993,High,101,FALSE
12/25/2026,Red Sea,2.559900135,40.59061795,27.30408676,7.995699144,Low,101,FALSE
1/1/2027,Maldives,16.76705337,32.71892797,30.83035416,8.022848122,Medium,111,FALSE
1/8/2027,Great Barrier Reef,11.893366,35.69648308,31.27370513,8.042837698,Low,90,FALSE
1/15/2027,South China Sea,-18.68418577,213.1860015,28.1446495,8.113005874,Medium,68,FALSE
1/22/2027,Maldives,16.06221258,-64.52934269,27.5168513,8.158856937,High,116,FALSE
1/29/2027,Caribbean Sea,14.17443095,2.712396559,30.00398212,8.011039161,High,95,FALSE
2/5/2027,Galápagos,4.963726108,-118.3642998,27.94737826,8.124313174,High,116,FALSE
2/12/2027,South China Sea,-26.92188161,-7.927079951,28.35437837,8.085344417,High,54,FALSE
2/19/2027,Red Sea,9.904191564,39.16707775,27.85396869,8.056884651,High,150,FALSE
2/26/2027,South China Sea,5.839623225,82.17177308,29.78761129,7.966930428,High,81,FALSE
3/5/2027,Hawaiian Islands,15.13644937,55.99999469,27.10804086,7.968435726,Low,66,FALSE
3/12/2027,Great Barrier Reef,8.273493369,87.61006943,30.4416862,8.150212845,High,84,FALSE
3/19/2027,Caribbean Sea,-1.984209492,-100.5529014,29.11315929,8.086698688,None,158,FALSE
3/26/2027,Hawaiian Islands,18.77001298,61.99050959,29.82580528,7.911339807,High,62,TRUE
4/2/2027,Galápagos,24.44856036,-46.96606081,28.09683529,8.059624582,None,89,TRUE
4/9/2027,Hawaiian Islands,0.513861943,90.9560083,29.62992818,8.027723617,None,70,FALSE
4/16/2027,Great Barrier Reef,29.00259731,-134.8285999,30.46860101,8.049293473,Low,105,FALSE
4/23/2027,Maldives,-1.688179856,139.4192453,28.06819486,7.92950725,Medium,90,TRUE
4/30/2027,Great Barrier Reef,10.06548719,-7.419940518,29.53647221,8.077747957,Low,73,FALSE
5/7/2027,Caribbean Sea,1.024549174,157.4947709,30.11979329,7.998160427,None,64,FALSE
5/14/2027,Hawaiian Islands,6.200087969,-32.19398265,27.52721359,8.046423263,None,78,FALSE
5/21/2027,Galápagos,25.95475697,-202.3936967,30.30673506,8.080288018,Low,60,FALSE
5/28/2027,Great Barrier Reef,13.36147397,-24.55634893,27.77058377,8.067197472,Medium,99,FALSE
6/4/2027,Caribbean Sea,15.80819578,121.8212409,28.09413825,8.116781517,Medium,95,FALSE
6/11/2027,Red Sea,-5.256613239,23.00611064,29.98442567,8.093983416,Low,106,FALSE
6/18/2027,Galápagos,4.511781805,-63.80462008,26.49007111,8.197034608,High,165,FALSE
6/25/2027,Red Sea,-9.395069886,72.07937845,29.1979577,8.135940987,Medium,160,TRUE
7/2/2027,Great Barrier Reef,12.21445345,74.96371642,30.20728626,8.045408115,None,116,FALSE
7/9/2027,Red Sea,19.493548,143.313153,30.20592283,8.154019681,High,139,TRUE
7/16/2027,Maldives,-0.774627948,-339.0614931,30.58570722,8.121299856,High,59,FALSE
7/23/2027,Caribbean Sea,-11.65544694,71.24281076,28.45466961,8.022002205,High,138,FALSE
7/30/2027,Hawaiian Islands,-3.538520129,45.32145586,27.68577461,8.095403038,Medium,92,FALSE
8/6/2027,Red Sea,-0.526947244,-159.9595349,26.59744048,7.983666492,High,79,FALSE
8/13/2027,South China Sea,-5.089099684,210.757372,30.44905596,7.985841861,High,67,FALSE
8/20/2027,Red Sea,29.63871611,43.55944357,28.19273171,8.131227566,None,117,FALSE
8/27/2027,Galápagos,28.01636278,-54.02213078,28.20106321,8.103852882,Medium,144,FALSE
9/3/2027,Great Barrier Reef,-5.983112342,41.65801594,26.29922438,8.094202429,Medium,83,TRUE
9/10/2027,Maldives,1.193339144,90.47222376,29.48753764,8.084640971,High,170,FALSE
9/17/2027,Galápagos,-9.770019758,-211.6246623,29.23539609,8.065460176,High,133,FALSE
9/24/2027,Maldives,-14.06202477,36.61555564,29.25283531,8.006515775,None,157,FALSE
10/1/2027,South China Sea,-1.619996781,-231.3105341,27.96520006,8.109358875,None,146,FALSE
10/8/2027,Maldives,-9.434529536,122.9277316,27.12184329,8.032677768,Medium,170,FALSE
10/15/2027,South China Sea,-21.31809746,-38.04937214,28.7038837,7.971393105,Low,115,FALSE
10/22/2027,Caribbean Sea,13.25098418,175.6816793,27.31331196,8.085315672,High,98,FALSE
10/29/2027,Galápagos,-8.654989792,-196.1129615,29.42689385,8.091441485,None,131,FALSE
11/5/2027,Hawaiian Islands,-2.87055829,-98.4987116,26.32921,8.02382164,Medium,110,FALSE
11/12/2027,Great Barrier Reef,3.909211063,227.8380949,28.13519321,7.934759568,High,157,FALSE
11/19/2027,Red Sea,-1.95708832,244.9927096,27.35509804,7.948035558,High,98,FALSE
11/26/2027,Red Sea,23.51753674,45.56898665,26.50225986,8.063909964,High,107,FALSE
12/3/2027,Great Barrier Reef,5.413943257,-13.44948123,26.68285964,8.05182783,None,94,FALSE
12/10/2027,Caribbean Sea,14.13756602,293.2103675,31.79547477,7.964040144,None,115,FALSE
12/17/2027,South China Sea,21.93847134,55.8810932,29.7761133,8.001486408,None,55,FALSE
12/24/2027,South China Sea,18.45841141,168.2048444,29.53405339,8.130152257,None,65,FALSE
12/31/2027,Red Sea,-20.98750938,123.000141,28.21077204,8.079444769,None,56,TRUE
1/7/2028,Galápagos,26.55942623,38.89194253,28.89766508,8.102086283,High,93,FALSE
1/14/2028,Great Barrier Reef,-2.943279628,72.28552195,27.48924728,7.979024515,None,145,TRUE
1/21/2028,Great Barrier Reef,3.523724431,-16.26081157,26.75926336,8.018360229,None,84,FALSE
1/28/2028,South China Sea,7.408888588,-150.2953568,29.09071196,7.995135704,None,131,FALSE
2/4/2028,Caribbean Sea,3.195510842,-102.479591,29.53173071,8.042666835,None,73,FALSE
2/11/2028,Hawaiian Islands,4.058858254,55.86352569,26.77755383,8.046634221,High,117,FALSE
2/18/2028,Galápagos,12.57388446,18.05100789,27.78627136,7.982066252,High,79,FALSE
2/25/2028,Maldives,25.22581982,100.1010359,29.37347564,8.096115494,None,66,FALSE
3/3/2028,Hawaiian Islands,0.993273359,-116.3986192,26.36237271,7.972889764,Low,99,FALSE
3/10/2028,Hawaiian Islands,20.07032109,205.2707117,28.47331329,7.981660466,High,155,FALSE
3/17/2028,Hawaiian Islands,14.67971027,153.2493328,29.20792411,8.149299593,High,152,FALSE
3/24/2028,Great Barrier Reef,-4.971392076,69.53290018,27.66243856,7.950166566,None,157,FALSE
3/31/2028,South China Sea,6.363385258,109.7068888,26.44804481,8.033356203,None,171,FALSE
4/7/2028,Great Barrier Reef,4.210590478,92.8743077,29.16924771,8.05233505,High,170,TRUE
4/14/2028,Great Barrier Reef,-7.947655474,146.8594998,25.58195654,8.041943293,High,142,FALSE
4/21/2028,Galápagos,10.84176691,-82.0799178,28.94889775,7.993028932,None,78,TRUE
4/28/2028,Galápagos,18.66268161,41.88977051,28.54846834,8.02481509,Medium,126,FALSE
5/5/2028,Red Sea,-8.912428357,9.642034695,29.0742559,8.154432494,Medium,61,TRUE
5/12/2028,Hawaiian Islands,0.425252207,95.46597837,31.73239503,8.101721448,None,146,FALSE
5/19/2028,Maldives,23.42872921,-86.89513925,26.99815411,8.016367258,Medium,86,TRUE
5/26/2028,Maldives,-1.437655611,174.9410204,30.12291406,8.003183789,None,55,TRUE
6/2/2028,South China Sea,-2.440178007,-10.55603227,29.06192258,7.925006982,Low,93,FALSE
6/9/2028,Maldives,-2.699510931,-71.18244902,29.62639694,8.125119029,None,135,FALSE
6/16/2028,Hawaiian Islands,23.17070484,-5.698568492,29.68148012,8.129797923,None,79,FALSE
6/23/2028,Red Sea,-10.94653095,59.08058148,27.97703655,8.148935735,None,152,FALSE
6/30/2028,South China Sea,30.11600577,12.5756756,28.12556741,8.141738122,High,89,FALSE
7/7/2028,Galápagos,-6.31149294,-164.2897553,28.25933065,8.05684211,None,103,FALSE
7/14/2028,Galápagos,-6.803750173,-159.4524393,30.04503522,8.047311831,High,105,FALSE
7/21/2028,South China Sea,-17.6452089,346.6424605,29.49425396,7.985462202,Medium,75,TRUE
7/28/2028,Galápagos,-1.200899336,67.22010813,28.05669812,8.03694114,Medium,63,FALSE
8/4/2028,Great Barrier Reef,3.99163122,-37.84668891,30.59275976,8.147285889,Low,162,FALSE
8/11/2028,South China Sea,14.02317607,-114.6175415,27.57347833,8.138705233,High,148,TRUE
8/18/2028,Great Barrier Reef,5.082653732,177.8216223,25.8149417,7.96894852,High,108,FALSE
8/25/2028,Maldives,13.37386685,-18.09931426,28.84145171,8.174492579,None,156,FALSE
9/1/2028,Galápagos,5.025279194,106.0375636,27.30240272,7.993815467,None,117,FALSE
9/8/2028,Caribbean Sea,-22.14276609,-36.98609596,31.20400134,8.027455577,Low,143,TRUE
9/15/2028,Maldives,-1.740035902,-26.55494203,29.94013873,8.078105748,None,121,FALSE
9/22/2028,Great Barrier Reef,23.45440127,179.472073,27.16277496,8.076047677,None,120,FALSE
9/29/2028,Maldives,10.23640128,151.7287194,24.92120637,8.005802884,Medium,78,TRUE
10/6/2028,Great Barrier Reef,27.77106123,-112.1329115,30.32619162,8.086474688,Low,160,TRUE
10/13/2028,Caribbean Sea,-13.936742,58.15877289,29.08235028,7.917597384,Medium,62,FALSE
10/20/2028,Red Sea,22.23928977,-133.7147953,28.75997512,8.024404067,Medium,154,FALSE
10/27/2028,Galápagos,3.5130256,168.6770625,28.89781765,8.138267537,Low,94,TRUE
11/3/2028,Red Sea,9.568203787,130.0873247,30.14224984,8.007592785,None,68,FALSE
11/10/2028,Great Barrier Reef,12.99801343,87.84939517,30.77203872,7.974228026,Medium,134,FALSE
11/17/2028,Galápagos,16.56373513,-67.93865945,28.87666807,8.010769708,High,108,FALSE
11/24/2028,Hawaiian Islands,15.4915799,30.95813737,27.13562693,8.027755542,Medium,65,FALSE
12/1/2028,Maldives,2.04956535,60.19897776,29.28419685,8.018228925,None,134,FALSE
12/8/2028,South China Sea,18.55053539,-32.24149476,26.98563581,8.049966028,High,76,TRUE
12/15/2028,South China Sea,30.65005464,-151.5297401,30.01646642,8.018585305,Medium,128,TRUE
12/22/2028,Great Barrier Reef,18.51154338,135.7497366,29.1985643,8.044051161,Low,140,FALSE
12/29/2028,Maldives,-9.024454799,-171.9626718,30.80281287,8.033960396,Low,70,TRUE
1/5/2029,Caribbean Sea,17.71817292,-0.358459347,26.93743206,7.990030207,Medium,80,FALSE
1/12/2029,Red Sea,-15.31439441,-40.2032139,25.39002468,8.064338926,Low,81,TRUE
1/19/2029,South China Sea,24.46433541,-1.170803959,29.28694209,8.144668374,Low,138,FALSE
1/26/2029,South China Sea,-8.958736526,-198.0535146,27.95256309,8.028597221,Medium,135,FALSE
2/2/2029,Hawaiian Islands,23.75854494,-48.15624179,28.83535373,8.078930753,Low,118,FALSE
2/9/2029,South China Sea,25.33611612,-109.4169472,26.29634506,8.018842675,Medium,80,FALSE
2/16/2029,Maldives,23.73945356,70.56839432,27.67813725,7.9317171,High,145,FALSE
2/23/2029,Galápagos,4.75453224,175.0158305,23.77955283,8.056521518,None,79,FALSE
3/2/2029,Hawaiian Islands,-5.944335025,-18.88879692,30.98829809,8.043291113,None,90,FALSE
3/9/2029,Maldives,6.532897312,143.9713676,29.54213923,7.999411679,None,129,FALSE
3/16/2029,Red Sea,-6.739032187,50.03152425,28.50141794,8.03078725,None,147,FALSE
3/23/2029,South China Sea,-9.165718765,-301.3948046,29.35258488,8.162501982,High,106,FALSE
3/30/2029,Red Sea,-10.97545982,-246.9045258,29.01214262,7.978079318,Medium,78,FALSE
4/6/2029,South China Sea,8.086194517,-267.9069311,28.39656078,8.10005847,None,137,FALSE
4/13/2029,Great Barrier Reef,-2.402826881,118.7888968,27.97201429,8.137839912,None,78,FALSE
4/20/2029,Hawaiian Islands,5.258591292,165.8384853,27.87625292,8.071235476,Low,61,FALSE
4/27/2029,Caribbean Sea,4.46155212,50.46957562,27.94526444,8.061541751,None,145,TRUE
5/4/2029,Maldives,-20.49306076,-197.3855182,30.84060637,8.068652827,None,134,FALSE
5/11/2029,South China Sea,1.483502117,137.004045,29.74596049,8.19770127,Low,98,FALSE
5/18/2029,Great Barrier Reef,7.312418476,-42.55475372,29.04999136,7.991732815,None,75,TRUE
5/25/2029,South China Sea,-0.717069698,94.01503336,29.69755775,8.098824758,Medium,152,FALSE
6/1/2029,Maldives,10.96484025,-45.82146237,26.98968228,8.083483581,None,81,FALSE
6/8/2029,Great Barrier Reef,15.42156375,11.60843446,26.86523343,8.00194389,None,120,TRUE
6/15/2029,Caribbean Sea,-21.65640502,13.24265419,28.16861952,8.02919156,None,141,FALSE
6/22/2029,Great Barrier Reef,8.09326919,99.03688522,29.33175364,8.1279452,None,146,TRUE
6/29/2029,Maldives,9.535224019,-103.6715553,29.28192265,8.09693232,High,145,FALSE
7/6/2029,Red Sea,5.198101462,120.4433118,27.99861278,8.115940492,None,97,FALSE
7/13/2029,Red Sea,21.75670626,-114.7309111,29.62998027,8.086802172,None,68,FALSE
7/20/2029,Maldives,2.193679055,-48.52604963,29.47158286,8.06547348,Low,78,FALSE
7/27/2029,Galápagos,26.24047671,-140.9550134,31.02311746,8.110754345,High,93,FALSE
8/3/2029,Galápagos,6.135841225,-100.7272977,28.1290132,8.071262486,High,71,FALSE
8/10/2029,Caribbean Sea,28.99811187,-50.89436971,29.4468047,8.08197061,None,62,FALSE
8/17/2029,Hawaiian Islands,-12.60968038,-114.7407232,29.59774149,8.080525272,Medium,122,FALSE
8/24/2029,Hawaiian Islands,4.411151643,84.03000606,29.91370841,8.060589344,None,147,TRUE
8/31/2029,South China Sea,15.83658827,-50.1022406,25.91453726,8.078152214,None,156,FALSE
9/7/2029,South China Sea,19.71069427,6.490407319,30.34870999,7.962649656,Low,142,TRUE
9/14/2029,Red Sea,-3.692164462,12.5052144,29.07404444,8.073308105,Medium,147,FALSE
9/21/2029,Red Sea,-6.690934448,-76.30561564,28.10029163,8.200396245,None,70,FALSE
9/28/2029,Hawaiian Islands,-0.6881707,64.45775129,29.2346598,8.060761108,Medium,142,FALSE
10/5/2029,Caribbean Sea,11.98696135,99.81926317,28.16726169,8.028349084,Low,79,FALSE
10/12/2029,Great Barrier Reef,24.20271619,-125.9500588,29.262933,7.986839623,High,163,FALSE
10/19/2029,Hawaiian Islands,14.23256531,-58.01816935,28.73763821,8.028231798,Medium,132,TRUE
10/26/2029,Red Sea,9.370199673,-9.625297155,27.14200552,8.029697718,Medium,152,FALSE
11/2/2029,Galápagos,11.05960757,204.7499028,28.02751736,8.027344111,High,90,FALSE
11/9/2029,Maldives,-12.80898644,139.8108165,27.74718503,8.099215148,None,68,FALSE
11/16/2029,Galápagos,-6.639061843,57.24078665,31.28316161,8.104004021,None,149,FALSE
11/23/2029,Hawaiian Islands,7.939460518,37.26189903,28.65571587,8.123995815,None,75,TRUE
11/30/2029,South China Sea,-0.250906696,-217.0414454,31.48620801,8.025212605,None,88,FALSE
12/7/2029,Red Sea,-6.406779207,10.63821837,29.55059641,8.040933283,High,117,FALSE
12/14/2029,Great Barrier Reef,24.41694166,196.9761305,28.9158841,8.07658703,High,125,FALSE
12/21/2029,Caribbean Sea,12.88291802,19.75613462,28.90327142,8.067527836,Low,130,FALSE
12/28/2029,Caribbean Sea,-12.94045611,-65.12134453,28.91066953,8.035057007,None,128,TRUE
1/4/2030,South China Sea,16.46370544,69.26048662,28.21982545,8.112029882,Medium,152,FALSE
1/11/2030,Caribbean Sea,-6.312647205,2.473816039,29.05118986,8.090281206,Medium,123,FALSE
1/18/2030,South China Sea,-6.280758126,-105.8602521,30.39399836,7.96792068,Medium,91,FALSE
1/25/2030,Maldives,8.683159154,-84.81681636,31.05115727,8.09259756,Medium,153,FALSE
2/1/2030,South China Sea,8.419361366,-64.89403887,27.93651929,7.974280293,High,87,FALSE
2/8/2030,South China Sea,-16.20728745,37.0275102,30.0485836,8.086807195,High,69,FALSE
2/15/2030,Red Sea,9.239510952,-41.23826591,27.28445676,8.174993801,Low,90,FALSE
2/22/2030,South China Sea,14.61315911,-120.7796581,26.71827119,8.053759447,High,110,FALSE
3/1/2030,Red Sea,11.74121358,-67.03498544,29.47839397,8.070291551,None,110,FALSE
3/8/2030,Caribbean Sea,12.98693474,-42.70152899,30.72497634,8.075910322,None,90,FALSE
3/15/2030,Caribbean Sea,3.321860686,-46.1050157,30.44870639,8.09785382,None,64,TRUE
3/22/2030,Maldives,15.0335371,170.276504,30.17192069,8.090642393,Medium,60,TRUE
3/29/2030,Great Barrier Reef,-4.49119538,18.15385747,27.79678647,7.987968377,None,79,FALSE
4/5/2030,Caribbean Sea,2.743366678,-33.73721946,32.55723021,8.039523113,None,73,FALSE
4/12/2030,Red Sea,13.32970623,75.37859725,29.41332895,8.032239572,High,169,FALSE
4/19/2030,Maldives,2.479064293,101.3109192,30.11911433,8.105420595,High,103,FALSE
4/26/2030,Hawaiian Islands,11.30972526,10.85353236,24.31240367,8.03704447,Medium,97,FALSE
5/3/2030,Caribbean Sea,-8.44294939,146.962939,28.69159521,8.051961645,Medium,87,FALSE
5/10/2030,Great Barrier Reef,14.33017504,-121.2393707,28.80356633,8.106906766,None,112,TRUE
5/17/2030,Great Barrier Reef,3.032689098,15.9604033,30.43946009,8.112767481,None,65,FALSE
5/24/2030,Great Barrier Reef,0.463066165,24.11798322,28.25298945,8.00359024,High,82,FALSE
5/31/2030,Caribbean Sea,7.114665401,28.13212442,31.25164467,8.234129129,Low,152,FALSE
6/7/2030,South China Sea,-2.584473852,-37.35852252,30.89459127,8.097110711,High,133,FALSE
6/14/2030,Great Barrier Reef,17.29841918,-134.9017847,27.95873976,8.108056231,Medium,135,FALSE
6/21/2030,Caribbean Sea,-15.27124712,76.98273408,27.20821248,8.049781569,None,144,TRUE
6/28/2030,Maldives,21.52562934,-102.9863534,29.36248907,8.046221644,None,157,FALSE
7/5/2030,Galápagos,5.01732744,42.34520507,26.67941388,8.046161157,None,99,FALSE
7/12/2030,Caribbean Sea,-2.4189503,4.947795048,26.97952104,8.006660827,Medium,86,FALSE
7/19/2030,Galápagos,1.942389057,149.9265067,28.32485298,7.974660649,None,119,FALSE
7/26/2030,Maldives,11.801739,-106.1843443,29.44677416,8.101207268,None,171,FALSE
8/2/2030,Great Barrier Reef,21.12936542,-95.46333338,28.75563506,8.058521113,High,102,FALSE
8/9/2030,Caribbean Sea,15.9751556,-161.3792841,30.02904044,8.044473476,High,162,FALSE
8/16/2030,South China Sea,17.15013843,-121.3418366,27.71266487,8.005007735,High,95,TRUE
8/23/2030,Hawaiian Islands,12.47900932,168.8242137,27.17787064,7.998374386,Low,74,FALSE
8/30/2030,Great Barrier Reef,-3.126336815,-42.70159987,31.1892698,7.968008819,Low,73,FALSE
9/6/2030,Maldives,-5.908196099,-6.089068801,30.22793706,8.09049535,Low,109,FALSE
9/13/2030,South China Sea,3.63717708,30.70293421,27.02848983,8.016983124,None,114,TRUE
9/20/2030,Great Barrier Reef,27.67239603,-119.8371834,29.55717027,7.98620265,None,122,FALSE
9/27/2030,Red Sea,10.76920852,-85.99310699,27.68867229,8.019831999,None,145,FALSE
10/4/2030,South China Sea,39.99234138,111.8775625,30.44644671,8.05672438,Medium,163,FALSE
10/11/2030,South China Sea,-5.016052006,94.99358094,28.56877908,8.094088541,High,60,FALSE
10/18/2030,Great Barrier Reef,1.91463098,-38.28732206,28.78012173,8.023696282,Medium,64,FALSE
10/25/2030,South China Sea,2.568156693,144.3930539,28.60492969,7.989465403,None,82,FALSE
11/1/2030,South China Sea,14.03730229,-14.79106369,27.43946681,8.166299511,None,107,FALSE
11/8/2030,Great Barrier Reef,3.148197729,-11.28081981,27.69661477,8.109403512,Medium,74,FALSE
11/15/2030,Red Sea,3.978297809,95.38759583,28.48066421,7.990901304,Medium,89,FALSE
11/22/2030,Great Barrier Reef,-4.280210013,-181.4108781,29.54726315,8.009057509,Medium,130,FALSE
11/29/2030,Hawaiian Islands,-15.75784308,57.1225418,28.96195578,7.955371773,None,132,TRUE
12/6/2030,Galápagos,16.79093323,96.03270648,30.77707746,8.002205458,None,166,FALSE
12/13/2030,Great Barrier Reef,23.67061746,-110.1807112,29.28774305,7.911751057,Medium,155,FALSE
12/20/2030,Maldives,9.389795085,69.54190325,29.41649575,8.0548516,Low,60,FALSE
12/27/2030,Maldives,12.85900058,183.237682,30.12553941,7.987649353,Medium,125,FALSE
1/3/2031,Caribbean Sea,-8.512314346,-12.76621715,27.92160668,8.000308604,None,171,FALSE
1/10/2031,Hawaiian Islands,-0.20376666,-79.28643026,30.52452919,8.056699498,None,70,FALSE
1/17/2031,Great Barrier Reef,5.131672038,152.9487976,27.54971659,8.119000557,None,63,TRUE
1/24/2031,Red Sea,18.39843946,43.54463377,31.09138395,8.131913603,None,94,TRUE
1/31/2031,Hawaiian Islands,-10.28780459,61.18629915,28.47259055,8.078229359,Low,136,FALSE
2/7/2031,South China Sea,9.752669602,-100.505396,28.54296188,8.058717588,Low,95,FALSE
2/14/2031,Red Sea,21.23978967,-17.93112705,27.50040853,8.064139919,Medium,121,FALSE
2/21/2031,Great Barrier Reef,-3.98533691,93.28693002,27.61084755,8.158370744,High,80,FALSE
2/28/2031,Galápagos,9.727720908,-121.9573766,28.97419151,8.000776531,High,153,FALSE
3/7/2031,Galápagos,12.94773226,-77.44863633,29.81848586,7.984715222,Medium,139,FALSE
3/14/2031,Great Barrier Reef,19.14674961,58.84394264,27.49692034,8.088978134,High,89,FALSE
3/21/2031,Caribbean Sea,19.55698799,198.1069018,29.23743418,8.03494826,High,131,FALSE
3/28/2031,Maldives,6.783990129,-97.48630153,29.16030949,8.134751623,Medium,161,FALSE
4/4/2031,South China Sea,16.217562,-74.6505667,30.80589992,8.095821862,None,103,FALSE
4/11/2031,Great Barrier Reef,14.75128735,-47.40228568,29.89796334,8.036091864,None,142,FALSE
4/18/2031,South China Sea,-10.51802913,82.42615871,29.54623997,8.049660264,None,61,FALSE
4/25/2031,South China Sea,13.27199042,-119.8734763,31.15492829,8.008404862,High,168,FALSE
5/2/2031,Hawaiian Islands,13.04070007,91.85874853,29.15538426,8.059324755,None,66,FALSE
5/9/2031,South China Sea,15.39763424,17.76597124,30.17455637,8.158672988,High,88,FALSE
5/16/2031,Hawaiian Islands,25.96233482,164.935316,26.21546422,8.052940278,Medium,100,FALSE
5/23/2031,Galápagos,-0.752694244,148.9530428,29.51537317,8.015256318,None,153,FALSE
5/30/2031,Galápagos,-0.410215483,-149.146942,27.97806743,8.054725058,High,94,TRUE
6/6/2031,Galápagos,8.893099483,84.21206405,25.15234959,8.097053955,Low,123,FALSE
6/13/2031,Galápagos,-5.919417532,89.04108144,27.70246625,8.076871636,Medium,118,FALSE
6/20/2031,Maldives,-17.15601652,86.30334984,28.71590053,8.024664336,High,128,TRUE
6/27/2031,Great Barrier Reef,-3.991121504,-88.60052311,29.8503607,8.095236056,None,158,FALSE
7/4/2031,Maldives,20.2477598,-64.26784018,27.95687372,8.128047226,None,158,TRUE
7/11/2031,Red Sea,6.452234245,88.64789729,28.72580026,8.090836809,Low,89,FALSE
7/18/2031,Red Sea,-10.01324528,26.38493523,29.67293833,7.943575617,High,71,FALSE
7/25/2031,Galápagos,-6.183879387,59.09268851,28.47680064,8.103983236,Medium,163,TRUE
8/1/2031,Great Barrier Reef,20.4098004,-6.183156191,29.12309975,8.01847496,None,105,FALSE
8/8/2031,Red Sea,4.817323179,-88.28533808,28.31374937,8.016174476,Medium,90,FALSE
8/15/2031,South China Sea,8.94130506,204.813214,27.68927831,8.089709521,None,105,FALSE
8/22/2031,Caribbean Sea,4.747158289,10.62314651,26.30843782,8.041547066,Low,93,FALSE
8/29/2031,Red Sea,8.273073345,-178.8004393,27.8988656,8.051921809,None,170,FALSE
9/5/2031,Hawaiian Islands,-0.716301566,-22.21899653,29.76089374,8.186898234,High,150,FALSE
9/12/2031,South China Sea,28.22135804,-11.21883129,27.69024748,7.992349813,Low,152,FALSE
9/19/2031,Great Barrier Reef,-0.599237983,-30.67169607,30.69319021,8.025508517,Low,156,FALSE
9/26/2031,Hawaiian Islands,-4.780168467,-81.8170785,27.67383238,7.953274213,High,82,TRUE
10/3/2031,Great Barrier Reef,-23.93290528,261.1031499,28.65376576,8.117946566,Low,101,FALSE
10/10/2031,Hawaiian Islands,32.82669334,7.610389804,27.43645073,8.095995794,None,116,FALSE
10/17/2031,South China Sea,0.731797105,47.76223323,28.26214432,8.085545487,Low,149,TRUE
10/24/2031,Maldives,-16.99375811,192.994649,27.27064281,7.960976039,None,101,TRUE
10/31/2031,Hawaiian Islands,10.4602178,-154.3013918,28.52237219,8.032051908,None,113,FALSE
11/7/2031,Maldives,0.477601008,64.56207224,27.74539471,8.022959152,Low,141,FALSE
11/14/2031,South China Sea,13.27931557,-98.9988416,29.63120968,8.052637752,High,69,FALSE
11/21/2031,Caribbean Sea,8.212446973,-87.88449331,27.40002447,8.014020954,High,171,FALSE
11/28/2031,Maldives,-11.31964031,129.1267398,29.76913102,8.122427783,Medium,85,FALSE
12/5/2031,Maldives,2.199521217,1.071089617,29.32470013,8.015376675,None,81,FALSE
12/12/2031,South China Sea,-6.861065378,35.53817092,30.036263,8.147604989,Medium,127,FALSE
12/19/2031,Maldives,10.97127269,-28.14851044,27.4704789,8.111675702,Low,64,FALSE
12/26/2031,Galápagos,-9.507527903,111.6649345,28.64009543,7.954678695,Low,143,FALSE
1/2/2032,Caribbean Sea,-12.64884053,46.55723335,28.59656834,8.156350378,None,170,FALSE
1/9/2032,South China Sea,16.41546651,25.70119397,29.31035035,8.150050975,Medium,106,FALSE
1/16/2032,Great Barrier Reef,23.240943,-257.9175224,27.93087264,8.055725551,High,112,FALSE
1/23/2032,Red Sea,2.206825466,34.25281298,27.2348784,8.089227948,High,124,FALSE
1/30/2032,Caribbean Sea,-30.60635123,37.37251595,29.99075305,8.091926586,Low,119,FALSE
2/6/2032,Hawaiian Islands,10.3085154,-123.6959482,27.76491953,8.018788935,Medium,141,FALSE
2/13/2032,Maldives,9.862398407,119.3592852,27.32694889,8.009216642,None,75,FALSE
2/20/2032,Galápagos,8.055464663,66.1998228,28.57954784,8.052231054,None,101,FALSE
2/27/2032,Maldives,19.22606649,-58.32029916,29.51260349,7.960862162,High,72,FALSE
3/5/2032,South China Sea,-2.64370528,-59.656771,33.05120247,8.112382982,Low,147,TRUE
3/12/2032,Hawaiian Islands,-5.768313141,71.96921948,28.01284759,8.041655449,None,151,FALSE
3/19/2032,Maldives,26.92851234,33.30664426,30.96670222,7.989782355,None,149,FALSE
3/26/2032,Red Sea,16.66509884,40.43363289,24.84323319,8.009523546,High,139,FALSE
4/2/2032,Hawaiian Islands,-6.116857755,9.980048333,28.96694168,7.968238766,Low,127,FALSE
4/9/2032,South China Sea,8.380425327,102.4134066,29.05840511,8.057620493,High,88,FALSE
4/16/2032,Galápagos,11.87924258,-32.52559973,28.13268503,8.15251643,Low,112,FALSE
4/23/2032,South China Sea,-9.206741985,5.056574348,29.74430145,8.112134217,Low,60,FALSE
4/30/2032,South China Sea,2.672470562,176.7829918,26.65387144,8.095311613,None,127,FALSE
5/7/2032,South China Sea,11.36450562,68.55465378,30.64715341,8.105836508,Medium,72,FALSE
5/14/2032,Maldives,-2.870401361,-90.88401078,29.02105833,8.034430584,Medium,133,FALSE
5/21/2032,South China Sea,12.39724544,80.59013769,29.81861881,8.083618618,None,64,FALSE
5/28/2032,Red Sea,3.895673004,15.66310513,31.94499013,8.015753084,High,167,FALSE
6/4/2032,Maldives,-4.243357756,-50.31407057,28.3505459,8.098022656,Medium,148,FALSE
6/11/2032,South China Sea,-7.294856774,-133.2159823,30.04402884,8.058922746,None,105,FALSE
6/18/2032,Galápagos,-2.039721599,37.94352179,29.71659139,8.061585796,Low,81,FALSE
6/25/2032,Red Sea,9.48186946,-70.44051283,28.52537115,8.045517799,Medium,70,FALSE
7/2/2032,Great Barrier Reef,-0.764180285,109.3039114,29.33881202,7.995941431,Low,149,FALSE
7/9/2032,Galápagos,9.356417137,53.51929195,26.22502389,8.096147647,Medium,61,FALSE
7/16/2032,Caribbean Sea,-3.97219004,64.24278298,30.75849873,8.077508843,Low,145,FALSE
7/23/2032,South China Sea,-7.639911613,-63.01587536,28.67416917,7.945542266,Low,67,FALSE
7/30/2032,Galápagos,25.23057719,-65.39012041,28.25101715,8.084390742,None,84,FALSE
8/6/2032,Caribbean Sea,12.39287729,59.60089005,28.12169198,8.019378646,Low,137,FALSE
8/13/2032,Red Sea,2.202015459,-3.768599465,28.17858812,8.049820856,Low,76,FALSE
8/20/2032,Great Barrier Reef,14.12190036,144.8167422,28.60080468,8.071954319,Low,142,TRUE
8/27/2032,Galápagos,25.00304831,169.7764533,27.93149591,8.052427259,Medium,87,FALSE
9/3/2032,Hawaiian Islands,-9.607035525,143.462845,30.022962,7.989913766,Low,148,FALSE
9/10/2032,Maldives,-0.932468668,157.8897141,28.87856584,8.087120315,High,120,FALSE
9/17/2032,Caribbean Sea,26.38781672,40.19359533,27.50717227,8.018050762,High,69,FALSE
9/24/2032,Caribbean Sea,2.908286865,-18.84826507,28.73042862,8.020384027,Low,122,FALSE
10/1/2032,Hawaiian Islands,8.831633935,80.39764373,29.1353856,8.076334994,Medium,170,FALSE
10/8/2032,Hawaiian Islands,6.684093887,199.3481736,27.23231984,8.141602351,High,69,FALSE
10/15/2032,Galápagos,10.0427139,101.3445468,29.80026233,8.015032837,High,111,FALSE
10/22/2032,South China Sea,24.24742647,-14.60382738,29.73491711,8.044999834,High,150,FALSE
10/29/2032,South China Sea,-5.010177887,144.6887098,27.61961348,7.987222016,Medium,57,FALSE
11/5/2032,Caribbean Sea,9.76580156,108.9023213,30.72998692,8.041275994,None,72,TRUE
11/12/2032,South China Sea,13.30193016,69.42212558,25.70028403,8.196096705,None,159,TRUE
11/19/2032,South China Sea,15.72738253,-33.73081555,28.48341767,7.988136648,None,144,FALSE
11/26/2032,Hawaiian Islands,23.12263924,-9.855852974,28.84576088,8.114854153,Medium,92,FALSE
12/3/2032,Hawaiian Islands,9.168671757,123.8570384,27.27574699,8.137538529,Medium,120,FALSE
12/10/2032,Maldives,-0.646837804,-128.6902658,30.102736,8.111840007,High,71,FALSE
12/17/2032,Great Barrier Reef,34.18025686,-43.59616663,31.4302275,7.925430673,None,153,FALSE
12/24/2032,South China Sea,11.49932967,0.609241829,27.32338506,8.024780703,Medium,158,FALSE
12/31/2032,Red Sea,3.44438871,29.63544423,28.52346042,8.106086893,High,89,FALSE
1/7/2033,Caribbean Sea,17.54025368,-5.471361863,28.26876889,8.024235256,High,74,FALSE
1/14/2033,Maldives,-18.72288424,-16.72817898,28.93722041,8.006144004,High,66,FALSE
1/21/2033,Maldives,25.30089413,-10.77218384,28.34232931,8.025993427,Medium,69,FALSE
1/28/2033,South China Sea,-25.1199859,84.68664341,29.32806627,8.031289688,None,147,TRUE
2/4/2033,Caribbean Sea,-16.70653645,-3.507916443,26.92125583,8.117666087,None,92,FALSE
2/11/2033,Red Sea,-13.01079156,-33.91916489,27.5650653,8.049574587,High,162,FALSE
2/18/2033,Caribbean Sea,9.812892854,105.8627771,29.27370357,8.104993602,Medium,114,FALSE
2/25/2033,Red Sea,-8.812247036,-141.7959417,26.55690029,8.116663282,None,162,FALSE
3/4/2033,Maldives,12.03210147,225.7231074,26.48761011,7.96325318,High,151,FALSE
3/11/2033,Red Sea,29.15172685,121.7058917,28.72930874,8.062618503,None,97,FALSE
3/18/2033,Caribbean Sea,-0.630218063,-234.2422162,25.72917373,8.090593176,None,155,FALSE
3/25/2033,Great Barrier Reef,8.332355951,-114.5692091,28.03281852,8.097509884,None,98,FALSE
4/1/2033,Caribbean Sea,-1.551311769,201.4300695,29.13693292,7.988030651,Medium,171,FALSE
4/8/2033,Great Barrier Reef,-6.201324925,55.20848256,28.0674958,8.028221834,High,69,FALSE
4/15/2033,Hawaiian Islands,17.97296511,228.0742616,27.82667769,8.200266842,None,137,FALSE
4/22/2033,Galápagos,-8.225140334,-218.4264595,28.1294153,8.042784184,Medium,72,FALSE
4/29/2033,Maldives,5.825560047,-5.705792519,25.98416924,7.979587612,Medium,144,TRUE
5/6/2033,Red Sea,4.53623669,29.49560472,30.63281444,8.00706054,None,131,FALSE
5/13/2033,Galápagos,8.72025249,-134.9228846,31.47113745,8.098657697,None,124,FALSE
5/20/2033,Maldives,-3.111649656,-84.4984752,27.48737345,8.001271203,None,58,TRUE
5/27/2033,Red Sea,20.60671585,46.39805831,26.73895043,8.051926573,High,130,FALSE
6/3/2033,Red Sea,-2.448046736,149.0209443,27.81020635,8.00100882,High,81,FALSE
6/10/2033,Great Barrier Reef,8.598392416,117.6117337,29.41997962,8.098418031,High,166,FALSE
6/17/2033,Maldives,26.17654516,116.9425575,29.17424283,8.068379362,None,135,FALSE
6/24/2033,Red Sea,3.294896561,14.01091418,30.24740679,8.090868618,Medium,54,FALSE
7/1/2033,Great Barrier Reef,-11.33453301,4.129315253,27.5885681,8.064036913,Medium,149,FALSE
7/8/2033,Caribbean Sea,17.60869232,-14.33571757,25.53545675,8.017440709,Medium,99,FALSE
7/15/2033,South China Sea,16.55102607,51.7554113,29.94005008,8.069848799,None,96,FALSE
7/22/2033,Hawaiian Islands,8.125099485,13.66928793,28.7380871,8.058877963,Medium,86,FALSE
7/29/2033,Galápagos,-2.782864844,-14.30024866,27.4443824,8.062203719,None,88,FALSE
8/5/2033,Great Barrier Reef,1.258559273,29.23270368,29.24980462,8.00874339,High,84,FALSE
8/12/2033,Maldives,-1.307169875,51.26293411,29.61029862,8.035954452,None,75,FALSE
8/19/2033,Caribbean Sea,-13.25524341,24.42420272,27.55412863,7.97473163,High,164,FALSE
8/26/2033,Maldives,-2.044250224,50.41109475,25.40469438,8.131053533,High,86,FALSE
9/2/2033,Maldives,-8.051159086,-99.29771114,29.91134072,8.05824453,Low,124,FALSE
9/9/2033,Caribbean Sea,6.560758598,-67.97085191,27.18704729,8.077477621,High,141,FALSE
9/16/2033,Maldives,-14.9960396,-118.6333725,28.4912545,7.929580127,Medium,138,FALSE
9/23/2033,Caribbean Sea,2.258819111,147.3074966,29.94259167,8.02688395,None,56,FALSE
9/30/2033,Great Barrier Reef,5.142763388,77.59536733,29.13154927,8.008381886,None,65,TRUE
10/7/2033,Hawaiian Islands,-9.62412715,0.511172398,29.40850012,8.019075389,High,79,FALSE
10/14/2033,Galápagos,21.63832708,77.78886946,29.56090323,7.940127206,Medium,107,FALSE
10/21/2033,Caribbean Sea,18.56723129,-28.37207946,30.33849903,8.053459573,Low,69,FALSE
10/28/2033,Maldives,12.86101784,-210.1829301,25.24912749,8.056748037,None,83,FALSE
11/4/2033,Maldives,27.27515432,-112.357186,29.49225757,7.992701805,High,54,FALSE
11/11/2033,Caribbean Sea,9.011133769,85.00277914,27.97390088,8.07621601,Medium,54,FALSE
11/18/2033,Great Barrier Reef,17.51309937,63.30239325,27.67376641,8.028686251,Low,115,FALSE
11/25/2033,Hawaiian Islands,9.304958643,-79.54232986,27.84271925,8.081715909,Medium,55,FALSE
12/2/2033,Maldives,-0.039053235,78.69988532,28.5214848,8.10579299,None,160,FALSE
12/9/2033,Maldives,-6.40810635,-24.81568574,28.59544932,8.071653674,None,120,FALSE
12/16/2033,Maldives,-15.58599951,237.5261393,26.93090458,8.069966321,None,76,TRUE
12/23/2033,Caribbean Sea,-30.23525198,-93.34399283,29.47662474,7.966633765,Medium,55,FALSE
12/30/2033,Galápagos,18.11566311,-30.16441857,30.8696603,8.005914891,High,122,TRUE
1/6/2034,Red Sea,0.207711734,-27.8694127,29.47061062,7.98268925,Medium,103,FALSE
1/13/2034,Maldives,5.821927272,-32.33895919,28.8142659,8.114847378,High,104,FALSE
1/20/2034,Hawaiian Islands,-6.764783779,-13.31522838,27.97275462,8.052478219,Medium,107,FALSE
1/27/2034,South China Sea,7.000259183,-64.11479374,27.42478383,8.044581659,High,107,FALSE
2/3/2034,Caribbean Sea,12.7284804,63.07358027,28.75530811,8.067824589,High,168,TRUE
2/10/2034,Hawaiian Islands,-1.372046184,102.0480497,26.0122486,8.061319495,Medium,156,FALSE
2/17/2034,Hawaiian Islands,8.117883244,41.59488721,28.61170374,8.032442716,Low,128,FALSE
2/24/2034,Hawaiian Islands,-8.486092496,123.3058887,26.97684495,8.163722341,Low,92,FALSE
3/3/2034,Maldives,6.471775581,140.9196627,29.19615455,8.091825965,Medium,163,FALSE
3/10/2034,Red Sea,-3.246829925,-134.7984482,29.71562578,8.107555545,None,103,FALSE
3/17/2034,Red Sea,-3.420526981,46.5554123,28.21100156,8.029368182,Medium,57,FALSE
3/24/2034,Great Barrier Reef,-17.8336081,56.61901628,29.55568312,7.963420584,Medium,119,FALSE
3/31/2034,Hawaiian Islands,5.952489215,-93.24227012,28.66846178,7.986061789,High,105,FALSE
4/7/2034,Galápagos,-15.59524068,-162.4392396,23.84448645,8.118598524,Medium,84,FALSE
4/14/2034,Galápagos,23.57188334,108.9401533,27.58483052,8.062065534,Medium,129,FALSE
4/21/2034,Great Barrier Reef,-8.977664575,29.23786987,27.60640437,8.088243359,Low,110,FALSE
4/28/2034,Caribbean Sea,-3.424080549,83.24984212,28.49714393,8.022532339,None,75,FALSE
5/5/2034,Red Sea,-18.48000414,-256.6383529,27.76577471,8.061743558,Low,130,FALSE
5/12/2034,Galápagos,-6.735114893,91.45057521,26.72987311,8.15089811,None,154,TRUE
5/19/2034,Red Sea,-24.63410004,-9.437848484,27.46831868,8.051651865,None,63,FALSE
5/26/2034,Red Sea,7.89580807,-30.77882438,30.67169239,8.011167759,Medium,93,FALSE
6/2/2034,Galápagos,10.87074093,198.2611335,29.4990769,7.958190969,None,153,FALSE
6/9/2034,Hawaiian Islands,-3.007620944,1.452954304,31.38298948,8.076833763,High,168,FALSE
6/16/2034,Galápagos,10.88290765,72.62674967,28.18856681,8.012877569,High,98,FALSE
6/23/2034,Caribbean Sea,0.473903238,-154.9672044,27.2646289,8.052501756,High,89,TRUE
6/30/2034,Hawaiian Islands,27.18618136,28.20258813,27.00754046,8.069932257,Low,132,FALSE
7/7/2034,Caribbean Sea,7.337395998,15.81539452,26.91096413,8.071062452,High,79,FALSE
7/14/2034,Caribbean Sea,-2.762430186,-0.503440439,27.58249238,8.04014829,High,139,FALSE
7/21/2034,Hawaiian Islands,-1.199608072,58.0919836,28.1953712,8.067848971,High,56,FALSE
7/28/2034,Great Barrier Reef,-15.65053553,12.99040151,27.74392741,8.08254063,Low,112,FALSE
8/4/2034,Maldives,0.03681711,-51.38792374,28.59626097,8.110956632,High,124,TRUE
8/11/2034,Hawaiian Islands,-3.369232997,-88.93326202,25.80820557,8.091044996,None,159,TRUE
8/18/2034,Hawaiian Islands,12.87481713,-74.61733881,28.14428806,8.102096541,Medium,164,FALSE
8/25/2034,South China Sea,-2.483388084,147.2710646,27.50752282,8.039356573,None,127,TRUE
9/1/2034,Great Barrier Reef,3.217458241,-121.2455107,28.7038353,8.083002073,Medium,107,FALSE
9/8/2034,Maldives,18.53174355,166.468663,25.03856349,8.060615882,Medium,169,FALSE
9/15/2034,Hawaiian Islands,20.84044738,194.3740502,29.32890542,8.033864695,None,103,FALSE
9/22/2034,South China Sea,10.69635381,-75.67752035,28.76560969,8.025970418,Medium,99,TRUE
9/29/2034,Galápagos,-0.473947268,-83.85684159,25.40481098,8.015161297,None,151,FALSE
10/6/2034,Red Sea,21.73851601,-173.7872941,27.2054625,8.049280286,Low,127,FALSE
10/13/2034,Caribbean Sea,-2.000804215,23.75410473,27.97526238,8.066505805,None,139,FALSE
10/20/2034,Galápagos,15.52078978,153.5466743,28.85377297,7.992410582,None,105,FALSE
10/27/2034,Great Barrier Reef,-4.577073515,-25.91294021,27.17424815,8.171338924,Low,147,TRUE
11/3/2034,Maldives,-15.69911543,47.10491176,29.0265811,8.041807294,High,156,FALSE
11/10/2034,Hawaiian Islands,-6.537580861,-143.1694165,27.74197028,7.994675795,High,76,FALSE
11/17/2034,Caribbean Sea,23.14181185,-31.27515263,29.08584875,7.999767455,Low,117,FALSE
11/24/2034,Galápagos,-6.487028543,-36.90916187,28.84965333,8.020905775,Medium,125,FALSE
12/1/2034,South China Sea,16.57965032,30.6314515,28.29164969,7.97044494,Medium,129,TRUE
12/8/2034,Great Barrier Reef,11.29523647,43.08955423,27.33692415,8.064200529,High,134,FALSE
12/15/2034,South China Sea,-2.768985706,92.06697188,29.00509347,8.084388178,High,168,FALSE
12/22/2034,Red Sea,29.76864759,-21.43652357,29.3201182,8.17560555,Medium,148,FALSE
12/29/2034,Great Barrier Reef,4.780992824,46.19829878,28.63707357,8.030619906,None,104,FALSE
1/5/2035,Caribbean Sea,21.72937023,-89.68567835,29.35019456,8.046995209,None,76,FALSE
1/12/2035,Hawaiian Islands,3.861273182,-16.18719034,28.55748469,7.950942841,None,117,FALSE
1/19/2035,Hawaiian Islands,0.235977888,99.86140188,29.07729596,8.100159094,None,90,FALSE
1/26/2035,Caribbean Sea,-3.494392232,15.85185361,28.51954425,8.074767347,None,99,FALSE
2/2/2035,Hawaiian Islands,-13.33886993,208.0659929,30.57225707,8.021212419,High,76,FALSE
2/9/2035,Caribbean Sea,0.252277228,-66.81587634,26.89615022,7.887145659,High,82,FALSE
2/16/2035,Caribbean Sea,23.21722463,-35.91079776,29.15141161,8.092703768,Medium,65,FALSE
2/23/2035,Caribbean Sea,-14.83942457,-208.3491393,28.50891427,8.089024707,Medium,142,FALSE
3/2/2035,Hawaiian Islands,2.436329164,-38.33434493,28.63471386,8.080746771,None,135,FALSE
3/9/2035,South China Sea,-9.167694043,-100.4584109,26.90407662,8.099633214,None,63,FALSE
3/16/2035,Maldives,9.097534999,25.92717713,27.48701107,8.160121902,None,97,FALSE
3/23/2035,Hawaiian Islands,3.396517002,207.6296524,28.05473108,7.998377846,Medium,71,FALSE
3/30/2035,Great Barrier Reef,6.542797312,-2.139568504,28.74091115,8.033033607,Medium,116,FALSE
4/6/2035,Caribbean Sea,15.39686112,-67.35686492,27.68694179,8.044471879,Low,88,FALSE
4/13/2035,Caribbean Sea,-13.33383925,-81.49144059,30.44022598,8.165336507,High,126,FALSE
4/20/2035,Hawaiian Islands,0.065763861,70.28512271,27.9953251,8.066180293,None,120,FALSE
4/27/2035,Red Sea,37.54498689,155.6831245,29.04546018,8.116461,Low,123,TRUE
5/4/2035,South China Sea,10.36635369,17.86100607,28.98073206,8.020108832,None,61,FALSE
5/11/2035,Galápagos,-6.934650422,-101.4556323,28.49089057,7.951354862,Medium,69,FALSE
5/18/2035,South China Sea,-9.214159484,131.2226835,28.91610908,8.006484875,High,138,FALSE
5/25/2035,Galápagos,9.064488531,-126.0356066,27.25715126,8.021856871,Medium,163,FALSE
6/1/2035,Caribbean Sea,13.09613723,-101.9811929,30.4668809,8.081569807,Medium,73,FALSE
6/8/2035,South China Sea,7.222675922,-87.98737079,26.98210717,8.092603568,Low,77,TRUE
6/15/2035,Hawaiian Islands,24.28814588,83.99510167,29.83199787,8.025790266,Medium,151,FALSE
6/22/2035,Great Barrier Reef,36.28903113,34.46733296,30.71062252,8.047861161,None,109,TRUE
6/29/2035,Maldives,1.075409131,169.7854529,28.44691085,8.040988163,None,148,FALSE
7/6/2035,Maldives,-1.767046855,41.78108554,25.4834836,8.022424645,Medium,103,FALSE
7/13/2035,Maldives,9.834916264,-20.15060938,29.33325538,8.064981668,Low,149,TRUE
7/20/2035,Caribbean Sea,-14.74118958,118.5126411,28.00336852,8.095991626,High,67,FALSE
7/27/2035,Great Barrier Reef,19.77936746,65.49168855,30.48006848,8.027236898,None,144,FALSE
8/3/2035,Maldives,-31.84058474,72.60145997,26.04086299,8.112081723,High,65,FALSE
8/10/2035,Great Barrier Reef,-8.206644664,91.5404155,25.5879263,7.99318645,Medium,68,FALSE
8/17/2035,Hawaiian Islands,22.82547603,-62.77860437,27.91702954,8.204742325,None,56,FALSE
8/24/2035,Hawaiian Islands,-3.884033108,104.9383961,27.43149578,8.031511179,High,96,FALSE
8/31/2035,Caribbean Sea,0.446032927,-85.42268731,27.92538192,8.127103152,High,96,FALSE
9/7/2035,Hawaiian Islands,-12.06192942,106.6527106,28.21466003,8.033853735,Medium,138,FALSE
9/14/2035,South China Sea,-2.611306824,-177.5733112,29.16033844,8.034451569,Low,105,FALSE
9/21/2035,Red Sea,2.250189374,153.4221709,29.69576121,8.067498008,Medium,55,FALSE
9/28/2035,Red Sea,0.395894612,-44.91989332,28.99948494,8.023032657,Low,97,FALSE
10/5/2035,Red Sea,-7.353964099,-34.61958215,26.81158653,8.083774582,Low,171,FALSE
10/12/2035,Red Sea,-9.375327901,224.1583487,27.76203865,8.068672615,Medium,135,FALSE
10/19/2035,Maldives,6.210650826,87.37441123,28.23546084,8.026263105,Medium,78,FALSE
10/26/2035,Great Barrier Reef,4.578529946,58.9661365,27.1131543,8.022823785,High,79,FALSE
11/2/2035,Hawaiian Islands,26.15395179,108.3110306,29.75440954,7.927129854,None,102,FALSE
11/9/2035,Great Barrier Reef,-2.525669893,47.18277604,26.98494733,7.992498912,None,171,FALSE
11/16/2035,Maldives,1.124746999,80.68753006,29.53248174,8.021961397,Medium,79,FALSE
11/23/2035,Maldives,-10.07665292,-74.69877051,29.58323997,8.02671304,None,131,TRUE
11/30/2035,Red Sea,13.92724266,20.72198169,27.33449007,8.082822196,High,93,FALSE
12/7/2035,Great Barrier Reef,3.170936488,7.072448282,29.04550965,7.973605632,Medium,122,TRUE
12/14/2035,Red Sea,14.23273003,-49.86030149,29.93490932,7.962144557,None,62,FALSE
12/21/2035,Red Sea,8.899077018,-54.4271252,27.1032296,7.991615528,None,86,FALSE
12/28/2035,Galápagos,23.01624996,-108.482706,29.5850399,8.11714555,None,73,FALSE
1/4/2036,Caribbean Sea,9.172217079,-165.4251229,29.06260199,7.961008324,High,87,FALSE
1/11/2036,Caribbean Sea,-8.755283973,60.88107272,28.49429179,8.091857198,Medium,142,FALSE
1/18/2036,Red Sea,19.59199037,-20.45778477,29.78574373,8.141602378,Medium,171,FALSE
1/25/2036,Hawaiian Islands,19.03974184,43.07957594,28.47296382,8.066535941,None,125,TRUE
2/1/2036,Hawaiian Islands,9.360149858,118.0405629,29.55834512,8.056742357,Medium,149,FALSE
2/8/2036,Galápagos,-1.416626641,-166.9175162,28.49943572,8.003014286,None,105,FALSE
2/15/2036,Caribbean Sea,0.293573306,73.43233907,26.3975442,8.077426753,High,111,FALSE
2/22/2036,Galápagos,20.14056056,160.633724,27.66103581,8.049236099,None,171,FALSE
2/29/2036,Caribbean Sea,-2.25567628,72.58405252,28.55069268,8.034203589,None,55,FALSE
3/7/2036,South China Sea,1.37011846,12.27095066,28.01611517,8.07810542,Low,104,TRUE
3/14/2036,Maldives,-8.923362403,-164.0233435,27.18725033,7.986799283,None,65,TRUE
3/21/2036,Galápagos,-7.548179684,-117.1872451,31.9961693,8.097543639,High,81,FALSE
3/28/2036,Great Barrier Reef,13.46246824,-166.5240017,27.63298155,7.969796436,None,129,FALSE
4/4/2036,Great Barrier Reef,5.429006059,54.20651973,26.71536007,8.105645472,None,142,TRUE
4/11/2036,Hawaiian Islands,-7.539151408,285.3841954,28.7091123,8.111884682,High,150,FALSE
4/18/2036,Great Barrier Reef,6.236000349,2.482647264,29.1099075,8.011958418,Medium,54,TRUE
4/25/2036,Maldives,-5.28792648,-70.66816494,27.5869328,8.095405753,High,161,FALSE
5/2/2036,Maldives,25.39345729,47.11880971,31.00766189,8.04785116,Medium,140,FALSE
5/9/2036,Caribbean Sea,10.44353886,-214.4352828,26.01990477,8.062532548,None,130,FALSE
5/16/2036,South China Sea,-4.491956434,132.6156623,28.95231848,8.129075076,Low,148,TRUE
5/23/2036,Caribbean Sea,25.92034333,58.33926998,27.05064336,8.008838855,High,75,FALSE
5/30/2036,Caribbean Sea,-30.60961136,-136.9606408,30.91750203,7.970142287,Medium,148,TRUE
6/6/2036,Maldives,8.146202323,-60.91302124,28.75929538,8.053102434,Medium,129,FALSE
6/13/2036,Maldives,7.580828837,-18.8058753,29.17913631,8.093918256,High,124,TRUE
6/20/2036,Galápagos,29.7407899,-100.9805575,25.30022268,8.070196767,High,170,FALSE
6/27/2036,South China Sea,7.067605912,-123.5303826,28.72356052,8.058037921,None,75,FALSE
7/4/2036,Galápagos,-5.390342466,37.94534248,29.28182737,8.049927129,Medium,165,TRUE
7/11/2036,Red Sea,10.78473973,41.73311411,31.68269813,8.107943606,Medium,166,FALSE
7/18/2036,Caribbean Sea,9.673835271,-115.9399255,30.83714004,8.060341577,High,147,FALSE
7/25/2036,Galápagos,-0.245496687,309.7517424,29.71007805,8.016093917,High,94,FALSE
8/1/2036,Great Barrier Reef,1.652212877,67.16379653,27.1769362,8.157300442,High,96,FALSE
8/8/2036,South China Sea,-3.606585729,-18.45018032,26.49338841,7.972541381,Medium,105,FALSE
8/15/2036,Caribbean Sea,-4.936416752,-31.27886979,30.49184239,8.039328981,Low,116,FALSE
8/22/2036,Hawaiian Islands,0.466616482,50.68214165,28.11472787,8.089304424,None,139,FALSE
8/29/2036,Caribbean Sea,12.83083434,183.5946384,28.44737625,8.092097073,Low,132,FALSE
9/5/2036,Maldives,10.71369329,-16.2714376,29.97313875,8.005735777,High,171,FALSE
9/12/2036,Maldives,8.94077691,256.7369853,27.6156557,7.985275775,Low,147,FALSE
9/19/2036,South China Sea,24.30596503,57.8694815,29.22470938,8.079607557,None,101,FALSE
9/26/2036,Great Barrier Reef,19.95224952,-19.42586814,27.46762144,8.150569922,None,114,FALSE
10/3/2036,Red Sea,15.21983929,40.34959315,26.73558013,7.974401713,High,103,FALSE
10/10/2036,Red Sea,11.47710436,95.10334278,26.62976652,8.102946341,Medium,139,FALSE
10/17/2036,Hawaiian Islands,3.396465905,-138.5533313,29.94924475,8.08589053,None,85,FALSE
10/24/2036,Caribbean Sea,-8.241344147,-123.2034245,31.68889981,8.024222606,None,65,TRUE
10/31/2036,Hawaiian Islands,11.15055256,-0.181347371,31.11241402,8.108397865,Low,78,FALSE
11/7/2036,Red Sea,9.535596569,130.6094824,26.15536581,8.006200834,Medium,101,FALSE
11/14/2036,Caribbean Sea,-25.4104911,147.0229738,28.48362532,8.030694075,Low,97,FALSE
11/21/2036,South China Sea,5.470317077,-232.0489508,29.10366804,8.057534077,Medium,159,FALSE
11/28/2036,Red Sea,4.330856303,4.508340055,30.08798468,8.019386687,High,83,FALSE
12/5/2036,Red Sea,-16.89115509,82.13400286,30.68251642,8.143837205,None,75,FALSE
12/12/2036,Galápagos,20.47809971,144.0334289,30.34268323,8.01926359,Low,118,FALSE
12/19/2036,Red Sea,12.83440413,-205.0464484,29.67756723,8.05827607,High,74,FALSE
12/26/2036,Galápagos,18.03304921,-201.6939005,30.57425116,7.959297052,None,162,FALSE
1/2/2037,Maldives,30.98704211,-18.63129696,29.14775566,7.954924683,None,170,FALSE
1/9/2037,Hawaiian Islands,-5.836984173,53.79690177,26.61334981,8.104430493,High,92,FALSE
1/16/2037,Galápagos,5.877295528,-7.882993732,27.84336715,8.036226567,High,77,TRUE
1/23/2037,Red Sea,24.63676918,161.7562705,29.15611964,8.037415426,Low,99,TRUE
1/30/2037,Red Sea,0.78534523,22.5667887,28.07152765,8.07032493,Low,146,FALSE
2/6/2037,Caribbean Sea,19.71284052,-249.1833365,25.5674227,8.119920406,Medium,74,FALSE
2/13/2037,Maldives,9.727264364,-58.90457703,26.97768743,8.011618915,Low,61,FALSE
2/20/2037,Red Sea,-7.328841129,-140.5880105,30.17022297,8.036011809,None,77,FALSE
2/27/2037,Maldives,18.43034595,-43.27449029,27.70827665,8.064200541,Low,69,FALSE
3/6/2037,Great Barrier Reef,-10.97351444,59.38598652,26.46235468,8.000425802,High,54,FALSE
3/13/2037,Red Sea,15.07391582,30.30518462,27.66958299,8.068663777,Low,128,FALSE
3/20/2037,Hawaiian Islands,6.553736182,20.61763666,27.23843451,7.972220658,Low,68,FALSE
3/27/2037,Red Sea,15.07597629,-267.3847091,28.43444706,8.041546228,High,166,TRUE
4/3/2037,Great Barrier Reef,9.621632578,112.1226504,28.64097638,7.991626206,Medium,170,FALSE
4/10/2037,Great Barrier Reef,2.064574437,-143.5620448,29.54481747,8.074158081,Medium,64,TRUE
4/17/2037,Caribbean Sea,17.47792506,118.1368707,28.19661892,8.028993995,None,64,FALSE
4/24/2037,Galápagos,-6.696947851,29.41769271,27.95440327,8.067804474,High,92,FALSE
5/1/2037,South China Sea,14.70485816,-52.36324563,28.08183275,8.013165498,None,77,FALSE
5/8/2037,Red Sea,1.617876991,75.64765792,28.01000965,8.062073701,None,136,FALSE
5/15/2037,Red Sea,5.454240367,-44.55020764,25.71925522,8.033373282,Low,169,FALSE
5/22/2037,Maldives,28.98380548,37.38743857,26.89834426,8.048048006,None,136,FALSE
5/29/2037,Hawaiian Islands,3.282001512,243.7619851,27.46875052,8.058058768,Medium,158,FALSE
6/5/2037,Great Barrier Reef,-0.892550265,13.20742469,32.60010461,8.1010901,None,69,TRUE
6/12/2037,Galápagos,10.43243686,229.5002369,27.74382547,8.075214723,High,86,FALSE
6/19/2037,Caribbean Sea,8.577091405,195.7933991,28.40614191,8.097653623,None,159,FALSE
6/26/2037,Great Barrier Reef,24.67220631,-56.91623972,29.37517722,8.017442305,None,91,FALSE
7/3/2037,Great Barrier Reef,-5.591678523,-49.09945061,27.90035634,8.026221781,Low,163,FALSE
7/10/2037,Maldives,3.680763817,-276.6314182,29.15330308,7.952527824,Medium,94,FALSE
7/17/2037,South China Sea,21.23882409,150.1100679,28.19751218,8.076982337,High,112,FALSE
7/24/2037,Great Barrier Reef,5.479546434,154.9535949,27.73922046,8.010511855,None,122,FALSE
7/31/2037,Caribbean Sea,12.87778701,9.328110324,27.40273201,8.051281431,Medium,152,FALSE
8/7/2037,Great Barrier Reef,1.383800097,-25.86079529,30.13417731,8.117115413,High,122,TRUE
8/14/2037,Caribbean Sea,14.14911158,24.40049204,29.50291713,7.924659582,High,134,FALSE
8/21/2037,Caribbean Sea,1.091512869,53.99354246,29.73232793,8.11540828,None,136,FALSE
8/28/2037,Maldives,5.662954828,136.4410482,29.49488469,7.942060099,High,100,FALSE
9/4/2037,Galápagos,-18.91505032,-139.9935458,26.19990979,8.027520134,High,154,FALSE
9/11/2037,Galápagos,9.15806604,85.30429109,29.64640939,8.05528085,High,123,FALSE
9/18/2037,Great Barrier Reef,-14.15743496,285.4401211,30.9787817,8.009825291,Medium,152,FALSE
9/25/2037,Great Barrier Reef,-0.729690748,111.1187237,29.44501678,8.072426992,Low,119,TRUE
10/2/2037,Great Barrier Reef,20.13569345,-140.7793621,27.78459872,8.103094657,Medium,137,FALSE
10/9/2037,Caribbean Sea,15.66281294,-126.0164757,29.2460407,8.046417307,Medium,153,FALSE
10/16/2037,Red Sea,-15.71675646,-286.5201119,27.70442993,8.057071381,Medium,78,FALSE
10/23/2037,Maldives,1.612242398,125.5213151,30.75635633,8.008967657,High,165,FALSE
10/30/2037,Great Barrier Reef,21.51460005,240.0687458,29.91879837,8.05899297,None,56,TRUE
11/6/2037,South China Sea,-2.879635115,188.9039355,27.42619493,8.12422268,None,103,FALSE
11/13/2037,South China Sea,17.54032706,-210.383851,29.8157278,8.015173304,High,89,FALSE
11/20/2037,South China Sea,7.383415991,95.18884088,29.10999923,7.984036329,None,144,FALSE
11/27/2037,Galápagos,-8.136626346,115.7600452,30.12580672,8.021458757,Medium,80,TRUE
12/4/2037,Galápagos,25.36708633,199.4485824,28.7267143,8.111149747,Medium,153,FALSE
12/11/2037,Great Barrier Reef,12.23440372,127.8510874,25.03452716,8.031712869,Low,134,FALSE
12/18/2037,Caribbean Sea,15.00592866,-4.85860581,25.76199131,8.094326763,Medium,158,FALSE
12/25/2037,Maldives,1.003303242,-138.9322965,27.67162195,8.047164868,High,150,FALSE
1/1/2038,Maldives,-5.514372796,-9.761318726,27.5060842,8.032014965,Low,81,TRUE
1/8/2038,Red Sea,-8.85669216,4.245446524,28.40086374,7.976542723,High,56,TRUE
1/15/2038,Red Sea,10.75165999,-181.0964073,30.13114081,8.057524215,Medium,151,FALSE
1/22/2038,Hawaiian Islands,40.90272645,-19.06151129,28.89542031,8.034680733,Low,103,TRUE
1/29/2038,Caribbean Sea,-2.438855991,39.12140436,27.79855149,8.013952742,Low,86,FALSE
2/5/2038,Caribbean Sea,7.80097153,24.2622553,27.5471648,8.158762519,Medium,110,FALSE
2/12/2038,Caribbean Sea,2.480536625,214.6427981,30.25226415,8.089843461,Medium,123,FALSE
2/19/2038,Great Barrier Reef,-12.99521707,52.3147182,29.44232814,8.074412755,None,146,TRUE
2/26/2038,South China Sea,15.82309384,-87.0474986,27.66680108,7.976587829,High,81,FALSE
3/5/2038,Caribbean Sea,1.859277017,12.64245223,29.9792817,8.149628913,None,166,FALSE
3/12/2038,Red Sea,3.699892669,28.81372143,28.4250246,8.117356733,Low,93,FALSE
3/19/2038,Caribbean Sea,6.175072084,-68.62667028,26.32769378,7.982978145,None,70,FALSE
3/26/2038,South China Sea,-13.48194694,34.3235059,28.81856508,8.1198967,Medium,82,FALSE
4/2/2038,Caribbean Sea,-11.87159893,-98.00050088,28.75541122,7.939332106,High,158,FALSE
4/9/2038,Red Sea,-6.52727897,130.2348553,29.06292699,8.054400215,None,103,FALSE
4/16/2038,Great Barrier Reef,-5.959294522,31.19894237,26.41044845,7.970174756,None,96,TRUE
4/23/2038,Red Sea,6.783632488,11.27142059,29.27976225,8.017123835,High,80,FALSE
4/30/2038,Galápagos,15.08593236,-68.77473789,28.79455831,8.078195873,None,63,FALSE
5/7/2038,Galápagos,-6.120198335,55.96730205,27.04145666,8.111472262,Low,102,FALSE
5/14/2038,Red Sea,-10.31577901,-66.75737661,29.01550637,8.108664276,Low,68,TRUE
5/21/2038,Caribbean Sea,5.550837236,-262.7229883,29.28876679,8.062484811,High,55,FALSE
5/28/2038,Maldives,3.839475551,-36.74692891,29.33508336,8.102524707,Medium,146,FALSE
6/4/2038,South China Sea,8.712807226,123.8846091,29.70526846,8.083334116,High,148,FALSE
6/11/2038,Caribbean Sea,18.49778941,137.1990365,29.56489815,8.160829655,Medium,123,FALSE
6/18/2038,Maldives,6.611435025,134.9640767,28.50642442,8.083546311,Low,127,FALSE
6/25/2038,Hawaiian Islands,0.502140349,-47.37986197,26.39196136,8.083120994,Medium,60,TRUE
7/2/2038,South China Sea,29.96711849,-9.406252551,29.11221847,7.982132327,Medium,77,FALSE
7/9/2038,Hawaiian Islands,15.42158639,-146.1527314,27.84346242,7.998980227,None,85,FALSE
7/16/2038,Maldives,0.593475754,-176.2257005,30.41530119,8.058893673,Medium,145,FALSE
7/23/2038,Galápagos,7.544464666,82.29210643,29.54340247,7.996199193,Medium,158,FALSE
7/30/2038,Great Barrier Reef,-20.08185144,-37.67163563,29.30122433,8.054467633,Medium,98,FALSE
8/6/2038,South China Sea,25.14081043,-38.72550998,27.61752845,7.989868679,High,136,FALSE
8/13/2038,Maldives,-6.640806852,24.12900605,29.37071273,8.043201918,None,93,FALSE
8/20/2038,Maldives,25.02612554,-162.5252353,26.86900762,8.069076678,None,123,FALSE
8/27/2038,Maldives,-7.246794065,-126.7802846,27.19034728,7.975391035,Low,75,FALSE
9/3/2038,Galápagos,8.990021448,-19.2134261,28.80453507,8.022721245,None,121,FALSE
9/10/2038,Galápagos,0.66813115,188.9503638,29.66026705,8.028446857,None,148,FALSE
9/17/2038,Great Barrier Reef,-5.184374211,-89.39380211,29.16270437,8.099197091,High,134,FALSE
9/24/2038,Red Sea,29.20079991,-18.35062715,27.13867252,8.18343009,High,153,FALSE
10/1/2038,Caribbean Sea,-2.038779318,-111.9003184,27.20506715,7.901352074,None,83,FALSE
10/8/2038,Caribbean Sea,18.93618893,36.09652534,29.59099228,8.040397566,Low,66,FALSE
10/15/2038,Red Sea,40.51027892,110.2898497,28.74792447,8.050257944,None,158,TRUE
10/22/2038,Caribbean Sea,40.78373228,-22.2501812,27.64199014,8.060855841,None,162,FALSE
10/29/2038,South China Sea,21.27791336,-25.170235,29.82262889,8.038354447,Medium,110,TRUE
11/5/2038,Maldives,-13.21819476,93.29541132,31.03689691,8.058156835,None,130,FALSE
11/12/2038,Maldives,22.4549652,-134.9315929,28.33662392,8.046593169,Medium,123,FALSE
11/19/2038,Red Sea,14.42598648,-8.664632321,27.74174265,8.066391433,None,92,FALSE
11/26/2038,Hawaiian Islands,-3.669391524,-45.68555069,29.21155299,7.998177323,Low,139,FALSE
12/3/2038,Hawaiian Islands,-10.18484386,49.67033536,31.0117619,8.05339517,High,63,FALSE
12/10/2038,Great Barrier Reef,-20.62441012,0.745170749,28.61409488,8.147464775,High,62,FALSE
12/17/2038,Caribbean Sea,-5.453066774,-14.74568973,29.66925667,8.052785081,High,96,FALSE
12/24/2038,Galápagos,12.12934067,55.44775639,26.77770691,8.02766974,High,153,FALSE
12/31/2038,Galápagos,-5.490857428,-70.05898583,28.54154684,8.005267878,Medium,151,FALSE
1/7/2039,Caribbean Sea,13.06948769,20.65191886,25.8003326,8.039668603,Low,67,FALSE
1/14/2039,Maldives,-1.975724574,21.11983218,27.37894735,7.972650102,High,160,FALSE
1/21/2039,Hawaiian Islands,5.533316413,-33.11604461,27.81517038,8.16849281,None,104,TRUE
1/28/2039,Galápagos,-10.13856092,-72.9318752,29.23264658,8.149164031,Medium,125,FALSE
2/4/2039,Maldives,30.22449105,-68.21583565,28.76872324,8.041651142,None,117,FALSE
2/11/2039,Maldives,3.196830122,84.3217819,28.2539326,7.980993901,Medium,111,FALSE
2/18/2039,Hawaiian Islands,22.15470609,-44.02468693,28.55768691,8.05222778,High,73,FALSE
2/25/2039,Hawaiian Islands,-10.20696541,85.42423415,29.79401613,8.044652078,High,89,FALSE
3/4/2039,Red Sea,1.216599945,53.15306508,28.97314482,8.16597231,High,94,FALSE
3/11/2039,Caribbean Sea,-11.97561259,-96.00243681,28.20169198,8.109353351,High,126,FALSE
3/18/2039,Red Sea,-12.8790716,-60.79194213,31.41355582,8.073440669,Medium,64,FALSE
3/25/2039,Hawaiian Islands,-4.425323645,-246.8257511,27.54376584,8.121752425,High,56,FALSE
4/1/2039,Great Barrier Reef,16.82480767,-67.90448522,25.36814401,8.017957998,Medium,68,FALSE
4/8/2039,Caribbean Sea,5.453118587,-95.28250685,29.51421477,8.006825692,Medium,66,FALSE
4/15/2039,Red Sea,50.74918509,103.1558802,30.07955924,8.016238805,Medium,82,TRUE
4/22/2039,Caribbean Sea,25.06615966,17.12242089,27.30173466,8.040159251,High,99,FALSE
4/29/2039,Galápagos,16.83196124,-123.7837922,30.3619666,8.09791719,None,150,FALSE
5/6/2039,Maldives,-0.287369349,68.33396654,28.92944366,8.057563578,Medium,114,FALSE
5/13/2039,Red Sea,16.56691101,-75.48112131,31.18886672,8.020832994,Medium,89,TRUE
5/20/2039,Galápagos,7.248066527,69.92232712,27.61786327,8.088860963,None,62,FALSE
5/27/2039,Great Barrier Reef,-2.253231905,110.7997487,28.2659382,8.01651674,High,96,TRUE
6/3/2039,South China Sea,8.939073132,-129.5616201,28.50477594,8.094445575,None,128,FALSE
6/10/2039,Maldives,14.74161539,-78.35905824,26.76173088,8.108033746,Medium,61,FALSE
6/17/2039,Red Sea,37.15756942,-145.1165845,28.7451306,7.983438578,Medium,135,FALSE
6/24/2039,Caribbean Sea,10.28777158,-112.5997176,28.76319482,8.028019648,None,73,FALSE
7/1/2039,Galápagos,-6.273205239,-107.3500503,30.06962499,8.036348578,None,134,TRUE
7/8/2039,Great Barrier Reef,6.965874968,48.10743151,27.11792648,8.132256005,None,156,FALSE
7/15/2039,Red Sea,13.54947418,27.38359906,29.33863757,8.014583905,High,155,FALSE
7/22/2039,Great Barrier Reef,32.20786304,-24.46435676,30.09673232,8.06031935,High,171,FALSE
7/29/2039,Galápagos,23.87782849,-119.8086253,28.03007667,7.968156993,Medium,130,FALSE
8/5/2039,Maldives,15.06506651,-171.5152369,28.35647864,8.02759271,None,89,FALSE
8/12/2039,Hawaiian Islands,11.05380139,104.1989707,27.84425549,8.11097052,High,127,TRUE
8/19/2039,Maldives,8.440509972,41.07245218,26.76697702,8.060593446,High,159,FALSE
8/26/2039,Caribbean Sea,-12.0715743,218.8138016,28.82526094,7.947579273,Medium,72,TRUE
9/2/2039,Maldives,12.44009187,-176.818435,27.49014437,8.037539995,Low,60,FALSE
9/9/2039,Caribbean Sea,-11.81354432,-52.35587289,25.90970354,8.072648615,Low,105,FALSE
9/16/2039,Great Barrier Reef,25.30513433,53.0080635,29.43902584,8.078781695,Medium,70,TRUE
9/23/2039,Galápagos,-14.81487425,-40.11670011,29.2006797,8.052319919,Low,72,FALSE
9/30/2039,Hawaiian Islands,-10.01043094,-293.9809557,27.6427287,8.11631587,None,104,TRUE
10/7/2039,Caribbean Sea,-14.0467408,281.2635068,28.08482072,8.088010916,None,169,FALSE
10/14/2039,South China Sea,30.50214371,40.08407738,28.01851793,8.126868791,High,70,TRUE
10/21/2039,Red Sea,22.3609308,65.69301146,28.021519,8.009526651,High,123,FALSE
10/28/2039,Caribbean Sea,-9.050632636,241.1430435,28.2705332,8.074303603,None,144,FALSE
11/4/2039,Red Sea,-5.405619081,37.1190131,29.42289681,8.077209569,None,55,FALSE
11/11/2039,Great Barrier Reef,13.06712362,64.5236091,28.62071346,8.082392289,High,161,FALSE
11/18/2039,Galápagos,-10.81495857,-29.41046026,25.86219095,8.126074649,None,78,FALSE
11/25/2039,Hawaiian Islands,9.501329536,-21.64106158,25.79103567,8.028837151,None,125,FALSE
12/2/2039,Galápagos,-10.42427863,112.6961517,29.73590937,8.006581058,Low,118,FALSE
12/9/2039,Hawaiian Islands,2.499290445,43.97599906,30.70258797,8.092551648,None,74,FALSE
12/16/2039,Galápagos,-24.18557983,-84.0232958,27.28646951,8.127016199,None,55,FALSE
12/23/2039,Hawaiian Islands,9.825857677,-25.15741732,31.04872814,8.084139015,Medium,139,FALSE
12/30/2039,South China Sea,18.64140139,-88.17775082,28.82061185,8.077109539,None,63,FALSE
1/6/2040,Red Sea,8.018242986,-60.45838828,29.25626617,8.05541655,Medium,128,FALSE
1/13/2040,Caribbean Sea,15.40210307,-39.43144682,28.09889,8.077837585,High,110,FALSE
1/20/2040,South China Sea,18.49034438,-269.1414046,27.31764689,8.197748952,High,84,FALSE
1/27/2040,South China Sea,17.71961315,-13.36848444,28.90908757,8.125234157,Medium,84,FALSE
2/3/2040,South China Sea,-17.35746988,137.3226884,29.77778997,8.045057972,High,56,FALSE
2/10/2040,South China Sea,9.09789795,-74.94186166,29.80297819,7.973134208,High,132,FALSE
2/17/2040,Galápagos,4.749612349,118.1540147,28.21431784,7.959252878,Low,138,FALSE
2/24/2040,Great Barrier Reef,22.26933468,159.8387651,30.42610839,8.040188128,Low,110,FALSE
3/2/2040,Red Sea,6.35473197,3.85492327,30.13160232,7.994834789,Low,116,TRUE
3/9/2040,Red Sea,-18.02996331,-6.085236448,27.80312771,8.088337371,None,159,FALSE
3/16/2040,Caribbean Sea,16.53346088,14.96253312,27.92389795,8.021237822,Medium,123,FALSE
3/23/2040,Hawaiian Islands,29.40035869,-127.350602,28.35346152,8.132296801,High,94,FALSE
3/30/2040,Hawaiian Islands,15.66054995,53.86940306,28.46519303,8.018554348,High,138,FALSE
4/6/2040,South China Sea,0.842420449,-60.23204239,29.61429528,8.014376903,Medium,147,TRUE
4/13/2040,Hawaiian Islands,-2.656381676,127.94215,28.26712055,8.053920499,None,167,FALSE
4/20/2040,South China Sea,17.55296721,152.4511801,28.59251001,8.010865982,None,107,TRUE
4/27/2040,Great Barrier Reef,-9.253890794,57.29464216,29.50966578,8.019786731,None,130,FALSE
5/4/2040,Galápagos,10.78368642,19.10626824,30.61368693,8.042615466,High,73,TRUE
5/11/2040,South China Sea,4.60340986,27.4424156,29.70108445,8.089683693,Medium,115,FALSE
5/18/2040,Caribbean Sea,24.85420009,43.61859254,30.4215605,8.087443059,Low,79,FALSE
5/25/2040,Maldives,7.771812216,15.74451412,28.92112178,8.093036368,None,159,TRUE
6/1/2040,South China Sea,12.36925974,-100.8606505,28.16850149,8.02425645,None,159,FALSE
6/8/2040,Hawaiian Islands,10.17077634,-70.97704508,28.0060937,8.022230078,Medium,149,FALSE
6/15/2040,Galápagos,20.61698977,191.355839,28.01668175,8.037994813,High,63,FALSE
6/22/2040,Caribbean Sea,-9.457824382,-53.60792877,26.28398636,8.090303528,Medium,103,FALSE
6/29/2040,Maldives,1.752381586,40.57139144,27.04657371,8.009424173,High,159,FALSE
7/6/2040,Caribbean Sea,2.326411039,31.31523055,28.5836094,8.057087848,High,159,FALSE
7/13/2040,Galápagos,13.69081218,5.359034087,30.28979617,8.088244608,Low,156,FALSE
7/20/2040,Great Barrier Reef,19.2370884,129.8153987,30.15241754,8.156544659,High,98,FALSE
7/27/2040,Galápagos,8.297418858,154.6859219,26.00069594,7.975430944,Medium,85,FALSE
8/3/2040,Red Sea,-5.725945331,44.98238493,26.12900968,8.088502134,High,76,FALSE
8/10/2040,South China Sea,-2.753166332,-60.33318589,28.29821873,8.04379137,High,91,FALSE
8/17/2040,South China Sea,3.89724866,35.27243887,28.62823859,8.002742839,High,98,FALSE
8/24/2040,Galápagos,24.0053813,203.3645922,29.20264725,7.984482686,None,126,FALSE
8/31/2040,Caribbean Sea,3.412538637,-1.115500276,28.3343365,8.042131778,High,82,FALSE
9/7/2040,Maldives,-13.41008752,-12.17423874,28.89415123,8.140152078,High,128,FALSE
9/14/2040,Maldives,1.757595082,58.03691061,28.9270561,8.068986257,None,130,FALSE
9/21/2040,Hawaiian Islands,-13.24737112,-69.77944297,29.14604669,7.941340822,Low,149,TRUE
9/28/2040,Caribbean Sea,-9.31010383,148.6181447,29.89964867,7.948587804,None,100,FALSE
10/5/2040,Red Sea,-9.462654302,-30.78167391,28.98823613,7.978052224,Medium,166,FALSE
10/12/2040,Red Sea,-16.59191542,-14.53563176,29.03247939,8.025970014,None,168,FALSE
10/19/2040,Maldives,4.12570706,-104.5028535,26.71548763,8.157161724,Medium,103,TRUE
10/26/2040,Caribbean Sea,29.97909735,38.55264691,25.0659255,8.097310005,High,171,FALSE
11/2/2040,Great Barrier Reef,-11.16193381,108.4619527,29.17644501,8.084465119,Low,69,FALSE
11/9/2040,Red Sea,17.90449637,113.9321446,29.13028564,8.066051859,None,147,FALSE
11/16/2040,Great Barrier Reef,3.097177694,-145.7722994,29.63449636,7.924962348,None,83,FALSE
11/23/2040,Maldives,12.47738045,-2.432263451,28.72188908,8.071109749,High,75,FALSE
11/30/2040,South China Sea,1.417276305,-60.87110681,27.68410852,7.999666995,High,118,TRUE
12/7/2040,Hawaiian Islands,-5.428050194,-15.15556637,30.53556713,7.994164664,Medium,154,FALSE
12/14/2040,Red Sea,2.562344638,47.15239271,28.48773496,8.042823179,High,65,FALSE
12/21/2040,Galápagos,-1.482322704,188.4939128,32.20339936,8.044714175,Medium,109,FALSE
12/28/2040,Hawaiian Islands,-2.564274658,10.80417025,27.98579914,8.159075023,Medium,113,FALSE
1/4/2041,South China Sea,19.09622136,-32.70119699,28.12754503,8.102799668,High,126,FALSE
1/11/2041,Great Barrier Reef,-5.950501981,50.8499174,29.45778112,7.930929465,None,171,TRUE
1/18/2041,Great Barrier Reef,-1.616664551,34.88077529,32.10727822,7.96444226,Low,157,FALSE
1/25/2041,South China Sea,0.130001359,-32.06404648,26.4044305,8.077154133,High,153,FALSE
2/1/2041,South China Sea,-3.185270254,-20.21388619,31.0389945,8.013652869,Medium,125,FALSE
2/8/2041,Great Barrier Reef,7.310587276,-218.749828,29.24424492,7.929506908,Low,123,FALSE
2/15/2041,South China Sea,-4.417157254,-137.6524538,26.00589829,8.079074295,High,57,FALSE
2/22/2041,Great Barrier Reef,14.12570355,-115.4181889,27.090605,8.166187238,Low,130,FALSE
3/1/2041,Caribbean Sea,22.62067502,36.09740949,28.03878274,8.055827183,High,73,FALSE
3/8/2041,Hawaiian Islands,31.85559515,53.34477735,27.91978106,7.942693192,None,146,FALSE
3/15/2041,Galápagos,9.206841078,18.77732102,28.08049453,8.075197955,Low,133,FALSE
3/22/2041,Caribbean Sea,8.742720593,-119.9647749,26.81804156,8.152158732,High,62,TRUE
3/29/2041,Galápagos,14.23593894,5.006131156,28.90331443,8.016444158,None,119,FALSE
4/5/2041,Galápagos,-17.77323966,150.7331141,30.43938679,8.066287054,None,131,FALSE
4/12/2041,Caribbean Sea,27.28981141,198.5402931,28.14774778,8.045634048,High,110,FALSE
4/19/2041,Great Barrier Reef,-5.855240454,5.98594622,26.26488852,8.037449118,High,111,FALSE
4/26/2041,Galápagos,-4.136914378,-149.4133839,29.72295785,8.03653476,None,94,FALSE
5/3/2041,Hawaiian Islands,10.13079479,-42.90243156,26.64890795,8.023887592,Low,144,FALSE
5/10/2041,Caribbean Sea,9.429833989,38.50038962,27.70625935,8.11052557,High,135,FALSE
5/17/2041,Galápagos,9.898582396,97.9968106,29.34056933,8.123094817,High,72,FALSE
5/24/2041,Maldives,23.89747598,-17.38086934,26.86918784,8.028655312,None,67,FALSE
5/31/2041,Great Barrier Reef,-1.810831373,55.385004,29.68422681,8.092106998,High,132,FALSE
6/7/2041,Red Sea,7.952237337,59.59315197,28.06598897,8.079885352,High,90,FALSE
6/14/2041,Maldives,19.640252,161.51037,29.28091914,8.069719174,None,94,FALSE
6/21/2041,Hawaiian Islands,16.23824163,48.79199364,29.08022534,8.044005473,Low,89,FALSE
6/28/2041,South China Sea,-9.35729743,238.2445822,30.26358319,8.064200505,Medium,171,FALSE
7/5/2041,Hawaiian Islands,6.766355908,90.95081002,27.34461946,8.118647642,High,93,FALSE
7/12/2041,Galápagos,3.935137852,-37.25051355,28.45990261,7.933045093,Medium,61,FALSE
7/19/2041,Caribbean Sea,30.46203842,43.48666216,29.1091826,8.085151183,High,164,FALSE
7/26/2041,Red Sea,1.997837947,30.74268001,29.8757811,8.035505638,Medium,68,FALSE
8/2/2041,Red Sea,12.44629333,-84.25642726,30.32996135,8.173814102,High,163,TRUE
8/9/2041,Caribbean Sea,-25.62067364,59.26230374,27.63382192,8.053080356,Low,67,TRUE
8/16/2041,Red Sea,-4.202414757,-27.79559577,30.71229127,8.002764871,High,55,FALSE
8/23/2041,Maldives,12.02642169,-153.216696,28.34125861,8.072542971,Medium,131,FALSE
8/30/2041,Galápagos,13.6299724,8.813656085,29.44828636,8.065858579,None,67,FALSE
9/6/2041,Red Sea,21.07798757,118.7740961,27.95927925,8.079651665,None,87,FALSE
9/13/2041,Hawaiian Islands,-11.42299223,147.6217378,29.3940946,7.958892196,Low,131,FALSE
9/20/2041,Galápagos,-7.561622738,84.75386904,29.99979827,8.034134486,Low,110,FALSE
9/27/2041,Galápagos,-6.396200427,44.07740409,28.91701934,7.953842416,Medium,62,FALSE
10/4/2041,Maldives,-0.147786944,-65.37992845,27.24282573,8.080748764,High,57,TRUE
10/11/2041,Galápagos,12.72842999,163.9732297,32.19019912,8.0814544,None,104,FALSE
10/18/2041,Red Sea,23.39247258,86.65518708,29.11878691,8.06034599,High,127,FALSE
10/25/2041,Maldives,10.77655981,-77.28709217,29.47066515,8.027381644,None,56,FALSE
11/1/2041,Caribbean Sea,11.7029497,70.4917904,27.41706934,8.00095477,Medium,91,FALSE
11/8/2041,Caribbean Sea,19.36001872,206.2675334,28.11216593,8.078066866,High,116,FALSE
11/15/2041,Caribbean Sea,-1.396760523,101.7495522,24.6813422,8.067912111,None,117,FALSE
11/22/2041,Red Sea,16.6551178,5.901261337,26.48465599,8.04490557,None,70,TRUE
11/29/2041,Red Sea,-10.35017162,96.73589259,30.12822369,8.054615398,Low,129,FALSE
12/6/2041,Maldives,7.2385078,-26.42180085,29.31609518,8.078289926,Medium,114,FALSE
12/13/2041,South China Sea,1.882089883,-179.1082626,27.22391092,7.970995985,None,158,TRUE
12/20/2041,Maldives,5.276390083,77.85213065,27.84585054,8.079071521,High,140,FALSE
12/27/2041,Hawaiian Islands,-3.18850015,-229.9942779,28.49513816,8.07319977,High,108,FALSE
1/3/2042,Maldives,25.48166787,271.7317397,27.31286199,8.068665871,High,61,FALSE
1/10/2042,Galápagos,-0.704031662,-132.9856596,25.12068116,8.087632142,Medium,110,FALSE
1/17/2042,South China Sea,-4.306712282,120.7325682,28.93434758,7.969389194,Low,67,FALSE
1/24/2042,Galápagos,-15.42797837,19.61642464,27.21593824,7.96208836,None,97,FALSE
1/31/2042,Maldives,-3.801848279,38.81410792,29.79996074,8.054918134,High,90,FALSE
2/7/2042,Maldives,19.04922446,-59.08770185,28.62465445,8.076023345,None,132,TRUE
2/14/2042,Maldives,-6.528373863,76.29659754,31.00097511,8.027464355,None,71,FALSE
2/21/2042,Great Barrier Reef,-21.3653345,-2.75714946,30.5699678,8.050869136,High,139,FALSE
2/28/2042,South China Sea,-0.844449881,121.5581534,25.92504122,7.970626289,None,114,FALSE
3/7/2042,Red Sea,27.74985986,18.96228302,25.21052455,8.040416576,None,132,FALSE
3/14/2042,Caribbean Sea,-6.186253372,253.7789402,30.60460676,8.034571051,High,133,FALSE
3/21/2042,Maldives,-11.3501528,-4.573275398,29.80221922,7.99793445,Low,162,FALSE
3/28/2042,Galápagos,17.48441466,103.5761863,27.86014321,8.087738709,None,154,FALSE
4/4/2042,Maldives,4.456700823,132.9449373,30.61690735,8.130628928,None,87,FALSE
4/11/2042,Hawaiian Islands,0.388280678,-15.41689819,29.54686219,8.002660894,Low,128,FALSE
4/18/2042,South China Sea,15.70886328,148.2809143,28.89296181,8.105217502,None,116,FALSE
4/25/2042,Hawaiian Islands,0.355158791,18.88701882,27.87111478,8.102608976,Medium,88,FALSE
5/2/2042,Galápagos,19.20896668,-142.9333702,30.91236437,8.083501049,Low,76,FALSE
5/9/2042,Great Barrier Reef,6.895453085,190.5481954,28.38559431,7.99727443,High,114,FALSE
5/16/2042,Maldives,12.71556984,-111.6579618,29.18735999,8.008559011,High,92,FALSE
5/23/2042,Red Sea,0.131583613,70.48629832,30.53525189,8.031709912,High,113,FALSE
5/30/2042,Red Sea,0.067287069,-7.567108583,25.32916264,8.025438418,None,89,FALSE
6/6/2042,Galápagos,13.26654252,-93.59747356,30.311637,8.026129355,None,132,FALSE
6/13/2042,Galápagos,33.90780795,17.79289247,27.41228907,7.987681996,Medium,129,FALSE
6/20/2042,South China Sea,2.937795909,155.481668,28.48397271,8.08720729,None,136,FALSE
6/27/2042,Caribbean Sea,8.42495022,69.82914553,26.77699431,8.073436547,Low,167,FALSE
7/4/2042,Galápagos,20.2745098,242.9647863,29.86597944,8.028507822,Low,84,TRUE
7/11/2042,Caribbean Sea,-11.88711079,-49.30789223,25.21347347,8.089776107,High,166,FALSE
7/18/2042,Maldives,34.61295125,-43.7952801,27.09218896,8.049450313,Low,136,FALSE
7/25/2042,Maldives,-12.15213053,93.34993212,28.98034786,8.098847701,High,117,TRUE
8/1/2042,South China Sea,20.26483333,3.745232341,27.7690196,8.033506075,Low,167,FALSE
8/8/2042,South China Sea,13.74355225,132.6035867,24.96678015,8.092848159,None,66,FALSE
8/15/2042,Great Barrier Reef,-7.05926929,-69.91997612,31.84436696,8.010305377,High,145,FALSE
8/22/2042,Maldives,6.163187039,125.7599863,28.54287301,8.088993069,High,145,FALSE
8/29/2042,Great Barrier Reef,23.16878472,-32.43455699,28.02473513,7.991249018,None,66,FALSE
9/5/2042,Galápagos,22.32248378,51.62867095,26.25413546,7.986375282,High,61,FALSE
9/12/2042,South China Sea,-11.6224214,13.06668708,28.45975531,8.072366929,Medium,62,FALSE
9/19/2042,Great Barrier Reef,14.25282053,26.92355722,25.18518884,8.072545267,High,100,FALSE
9/26/2042,Great Barrier Reef,2.201961437,-6.902509952,26.95058081,8.107464215,High,138,FALSE
10/3/2042,Great Barrier Reef,1.859842125,-104.9755409,31.34478889,7.985651332,None,126,FALSE
10/10/2042,Caribbean Sea,24.12510988,-206.2101938,29.73157699,8.073403157,None,62,FALSE
10/17/2042,Great Barrier Reef,17.02225645,-23.2645607,27.09510559,8.057782037,High,97,FALSE
10/24/2042,South China Sea,-0.504049367,114.7287688,29.42109816,8.118353545,High,132,FALSE
10/31/2042,Great Barrier Reef,11.2010808,44.89584856,27.62960287,8.011447219,None,67,FALSE
11/7/2042,South China Sea,3.600222934,125.9661143,29.24289337,8.0853751,Low,170,FALSE
11/14/2042,Great Barrier Reef,14.98638106,-113.7377227,30.70629532,7.975822658,None,120,FALSE
11/21/2042,Maldives,-18.13870655,15.30095979,29.30333172,8.033994719,Low,156,FALSE
11/28/2042,Great Barrier Reef,47.64366838,-81.0408581,27.51130271,8.158610354,None,112,FALSE
12/5/2042,Hawaiian Islands,20.87677501,156.9966948,29.49389415,8.085015048,None,110,FALSE
12/12/2042,Caribbean Sea,9.207236508,-35.26692823,30.21800115,8.016456817,Medium,91,FALSE
12/19/2042,Galápagos,-9.389888272,98.6341594,28.48193349,8.12444089,None,69,FALSE
12/26/2042,Caribbean Sea,-3.28362577,-179.1730966,29.90663004,8.049745629,High,137,FALSE
1/2/2043,South China Sea,-1.194115575,-81.82943011,29.37056484,8.055327114,High,54,FALSE
1/9/2043,Maldives,5.458747758,-148.5720632,27.36270409,8.132703061,High,86,FALSE
1/16/2043,Galápagos,9.897675205,-22.9557761,26.62971345,8.032441055,None,165,FALSE
1/23/2043,Caribbean Sea,-6.160910838,10.56548235,29.53755946,8.112831978,High,153,FALSE
1/30/2043,Caribbean Sea,23.73686612,-203.2719586,29.75667325,8.048287194,None,126,FALSE
2/6/2043,Hawaiian Islands,14.56408498,-87.28049377,27.79377515,8.0168863,Low,107,FALSE
2/13/2043,Great Barrier Reef,11.74618727,-136.359585,29.42302183,7.996491425,Medium,91,FALSE
2/20/2043,Maldives,5.231958769,-54.5534217,28.03359563,7.942002075,High,101,FALSE
2/27/2043,Galápagos,-10.54846101,-115.6807127,26.59990111,7.95676672,None,68,TRUE
3/6/2043,Hawaiian Islands,0.328709697,65.42534695,30.33309439,7.966867684,High,116,FALSE
3/13/2043,Red Sea,25.00685072,153.2137925,26.47676707,8.023296494,Medium,100,TRUE
3/20/2043,Great Barrier Reef,-0.381817591,141.8636544,27.48385151,8.004838925,None,158,FALSE
3/27/2043,South China Sea,-13.03498628,75.03077534,29.56223047,7.947557801,None,168,FALSE
4/3/2043,Red Sea,8.941088796,-27.57440636,30.94003381,8.123556931,Low,116,FALSE
4/10/2043,Galápagos,-26.69867542,16.64705225,26.50794984,8.007767537,Medium,80,TRUE
4/17/2043,Red Sea,-6.464114261,21.64466184,25.18354327,7.944240071,High,95,FALSE
4/24/2043,Great Barrier Reef,20.69327902,-51.92656539,30.31606346,8.124846482,Medium,117,FALSE
5/1/2043,Red Sea,-5.442942021,50.85117983,26.93990327,8.035694941,Low,162,FALSE
5/8/2043,Red Sea,19.1604313,-15.72258597,28.20239924,8.061916454,High,72,FALSE
5/15/2043,South China Sea,18.17401984,-143.1824398,29.20440436,7.984385365,None,95,FALSE
5/22/2043,South China Sea,-20.52828284,4.944517893,27.67023696,7.995720919,High,94,TRUE
5/29/2043,Hawaiian Islands,18.77430241,-0.514463535,28.70305688,8.040317758,Low,84,FALSE
6/5/2043,Galápagos,9.56278364,32.06562087,30.33946553,8.132885118,Medium,96,FALSE
6/12/2043,Great Barrier Reef,17.3436978,10.3864708,28.01902503,7.965679765,High,134,FALSE
6/19/2043,Great Barrier Reef,-18.19807021,85.85497246,27.41561346,8.009632852,Low,81,TRUE
6/26/2043,Red Sea,-13.26153792,115.8130949,29.06564709,8.011311591,Medium,133,FALSE
7/3/2043,South China Sea,-7.547372921,-58.46867148,26.78862962,8.040147136,Low,72,FALSE
7/10/2043,Galápagos,2.661360539,77.37400997,30.25565485,8.050544742,Medium,119,FALSE
7/17/2043,Red Sea,-19.05676129,126.6962138,26.28015901,7.923026634,High,107,FALSE
7/24/2043,Maldives,31.55098488,19.55411138,28.24657128,8.081797568,High,62,FALSE
7/31/2043,Galápagos,7.249778413,-266.414981,27.55878284,8.066819242,None,163,FALSE
8/7/2043,South China Sea,32.95845422,-245.3713401,28.29780224,8.011338688,None,155,FALSE
8/14/2043,Galápagos,26.82989312,35.7918938,27.22479316,8.104478132,High,158,FALSE
8/21/2043,Red Sea,-9.474310634,-155.7211232,28.73585107,8.143028844,None,163,FALSE
8/28/2043,Caribbean Sea,-16.57117214,228.5525933,27.19140358,8.070201992,None,125,FALSE
9/4/2043,South China Sea,-13.95057752,-87.75850548,28.86270211,8.006147802,Medium,65,FALSE
9/11/2043,South China Sea,6.59168167,152.6423467,28.84149243,8.065454268,None,153,FALSE
9/18/2043,Maldives,-6.667165262,-118.2496704,28.8285539,8.149008496,Low,109,FALSE
9/25/2043,Hawaiian Islands,-9.902551265,-97.7085274,27.21126347,8.105796457,Low,68,FALSE
10/2/2043,Maldives,38.44626323,-139.7921715,29.00130155,8.103503449,High,102,TRUE
10/9/2043,Great Barrier Reef,13.8715135,62.90385837,27.13245414,8.005410531,Medium,118,FALSE
10/16/2043,Red Sea,24.92762904,84.74233637,27.1975132,8.091786676,Low,158,TRUE
10/23/2043,South China Sea,0.838436511,178.0606913,28.43740866,8.087516003,High,131,FALSE
10/30/2043,Red Sea,7.678395991,51.69675784,29.61420489,8.036439479,Medium,146,FALSE
11/6/2043,South China Sea,16.45800024,-148.840956,31.25095234,8.038613064,Low,104,FALSE
11/13/2043,South China Sea,18.7979662,43.6248545,26.47354572,7.953506302,None,138,FALSE
11/20/2043,Maldives,6.845900956,68.70645534,26.90201176,8.054191507,None,169,FALSE
11/27/2043,South China Sea,27.65520248,107.2541718,26.10224855,8.053249656,Low,87,FALSE
12/4/2043,Hawaiian Islands,5.66893059,-211.8174381,31.09616064,8.100934503,None,143,FALSE
12/11/2043,Hawaiian Islands,-3.029342213,113.3093189,29.08340399,8.058178495,High,145,FALSE
12/18/2043,South China Sea,12.53570823,-54.89987411,29.32160456,8.099770753,Medium,97,FALSE
12/25/2043,Hawaiian Islands,4.087340717,-113.5622001,29.98149818,7.989992813,Low,148,FALSE
1/1/2044,Great Barrier Reef,23.92889267,51.36267768,29.05741077,8.085447023,Low,110,TRUE
1/8/2044,Maldives,29.80904281,9.682498771,30.09671183,7.987983944,High,88,FALSE
1/15/2044,Hawaiian Islands,14.95454617,166.3905959,27.40939817,8.051993681,Low,94,TRUE
1/22/2044,Great Barrier Reef,3.071057916,60.33950936,29.32079189,8.00056523,None,68,TRUE
1/29/2044,South China Sea,26.46560704,-94.15356288,28.31348431,8.039705432,None,154,FALSE
2/5/2044,Galápagos,15.13570424,-6.900902971,28.61682897,8.045240481,Medium,139,FALSE
2/12/2044,Great Barrier Reef,7.918512808,132.541697,29.50070353,8.065178968,Low,107,TRUE
2/19/2044,Maldives,-1.063110854,167.2451578,29.21420515,8.089697132,Medium,93,FALSE
2/26/2044,Hawaiian Islands,16.80913658,161.4918873,28.58661626,8.052482388,High,113,FALSE
3/4/2044,Maldives,2.10082451,-122.641517,28.1285433,8.018979215,High,88,FALSE
3/11/2044,Galápagos,18.69476374,159.093389,26.8126628,8.106745097,Low,156,FALSE
3/18/2044,Maldives,-11.18465243,-66.87306062,26.33922296,8.042885739,Medium,162,TRUE
3/25/2044,Maldives,6.446268009,-4.27931713,27.86140532,8.036070189,Medium,153,FALSE
4/1/2044,Red Sea,18.22890861,-24.07049287,26.96443353,8.034833019,Medium,95,FALSE
4/8/2044,Galápagos,6.471814798,50.49516829,28.52601424,7.976544836,High,101,FALSE
4/15/2044,Hawaiian Islands,5.999986589,-173.0623414,28.00471196,7.969597019,Medium,125,FALSE
4/22/2044,Red Sea,9.016131488,27.27543503,27.96062331,8.06230786,None,63,FALSE
4/29/2044,Maldives,1.95515285,89.68411606,29.15398114,8.098622436,None,65,FALSE
5/6/2044,Caribbean Sea,15.71617249,77.10655461,29.8865943,8.009506289,None,128,FALSE
5/13/2044,Hawaiian Islands,14.92316214,-18.53151731,27.5586587,8.04396282,High,92,TRUE
5/20/2044,Red Sea,23.31463706,104.134548,31.32688637,8.02514446,High,113,TRUE
5/27/2044,Galápagos,-25.46254669,-32.07474836,26.10871219,7.912458309,None,150,FALSE
6/3/2044,South China Sea,-4.339741752,-44.66728248,27.20112749,7.977717268,Medium,134,TRUE
6/10/2044,Galápagos,13.64954878,-88.56989932,29.89527409,7.985590314,Low,124,FALSE
6/17/2044,South China Sea,-3.371235485,129.7469728,28.01150334,8.12337368,High,93,FALSE
6/24/2044,Maldives,3.118033972,10.20495272,29.844843,8.066047466,None,141,TRUE
7/1/2044,Maldives,2.752735499,-39.03015565,26.64855464,7.98543759,High,54,FALSE
7/8/2044,Hawaiian Islands,16.03934672,271.0055089,31.05828258,8.03591807,Low,159,FALSE
7/15/2044,Maldives,-18.14803079,11.17047551,29.55865646,8.036947325,None,100,FALSE
7/22/2044,Caribbean Sea,-3.858253013,-121.4515925,26.98676001,8.143845381,High,71,FALSE
7/29/2044,Maldives,6.188782882,-121.7238406,28.63458637,8.025434181,Medium,68,FALSE
8/5/2044,Caribbean Sea,18.46614813,-87.61506937,29.31020864,7.960475164,High,107,FALSE
8/12/2044,Red Sea,-10.27149312,-41.62555403,27.3114906,8.071838554,None,112,FALSE
8/19/2044,Caribbean Sea,18.28035253,149.5253915,28.0114605,8.021747601,None,130,FALSE
8/26/2044,Maldives,-10.66971357,-113.9900408,28.44068967,8.032201852,Low,165,FALSE
9/2/2044,Hawaiian Islands,-8.675446197,-42.54418111,28.80706148,8.076466585,Medium,143,FALSE
9/9/2044,Caribbean Sea,4.3705602,94.02387603,26.22883531,7.974477201,Low,127,FALSE
9/16/2044,Hawaiian Islands,4.593181651,-66.96075989,27.30428227,8.100782175,Medium,151,TRUE
9/23/2044,South China Sea,34.79602895,189.7581716,26.71649127,8.00007993,Low,136,FALSE
9/30/2044,Caribbean Sea,-12.70143304,34.07601597,27.7182222,8.064838335,Medium,113,FALSE
10/7/2044,Red Sea,12.3042399,108.8401386,27.94894099,7.947480177,Low,147,FALSE
10/14/2044,Maldives,1.791446775,54.45142821,28.25416056,8.053687365,Low,56,FALSE
10/21/2044,South China Sea,6.246368537,-16.16883812,26.50690963,8.048189864,Medium,76,FALSE
10/28/2044,Caribbean Sea,30.91153222,-138.26072,25.21610155,8.088420922,High,130,FALSE
11/4/2044,Caribbean Sea,-7.023104063,10.51095575,28.65358185,8.052681626,None,164,FALSE
11/11/2044,Caribbean Sea,1.859384621,189.56332,30.31641695,7.956448689,Low,85,FALSE
11/18/2044,Red Sea,-4.884594387,78.73131174,27.18860132,8.007319113,Medium,80,FALSE
11/25/2044,Caribbean Sea,-19.21423978,64.9265684,26.59902905,8.06448102,High,164,FALSE
12/2/2044,Galápagos,10.75370433,10.50918614,27.0895906,7.997582702,High,121,FALSE
12/9/2044,Maldives,19.21552607,129.2704609,28.55973563,7.998625837,None,158,FALSE
12/16/2044,Galápagos,-9.560194754,82.06651883,29.45698593,8.030405513,Medium,66,FALSE
12/23/2044,Red Sea,1.234510583,108.8275978,28.35677947,8.069298286,Medium,113,FALSE
12/30/2044,Red Sea,43.84572106,35.33363813,28.97961996,7.973539294,Medium,119,FALSE
1/6/2045,South China Sea,18.82449021,-211.0166349,27.99592504,8.011125951,High,166,TRUE
1/13/2045,Red Sea,2.611091784,-216.2810597,29.08285404,8.035452357,High,167,FALSE
1/20/2045,Great Barrier Reef,10.65188339,157.1736978,28.7101335,8.081852052,High,110,FALSE
1/27/2045,Galápagos,-4.148796512,-64.17944305,28.97184044,8.050603499,Medium,99,FALSE
2/3/2045,Galápagos,42.93492656,-147.8972686,30.19908757,8.052210852,High,74,FALSE
2/10/2045,Galápagos,13.13474298,-62.03601404,29.70424391,8.097874089,High,86,FALSE
2/17/2045,Maldives,-10.83670553,117.5650369,27.32937698,8.080600134,Low,136,TRUE
2/24/2045,Caribbean Sea,21.34812023,67.31109107,29.19777636,8.026482557,High,79,FALSE
3/3/2045,Galápagos,3.865977233,-110.5802961,30.08682071,8.110552088,High,146,FALSE
3/10/2045,Hawaiian Islands,23.25791675,91.00883888,29.54935029,7.997870032,None,63,FALSE
3/17/2045,Red Sea,5.790597977,-18.27249702,29.29525337,8.127218971,High,99,TRUE
3/24/2045,Red Sea,19.94396682,47.7819152,28.61834078,7.991375088,Medium,94,FALSE
3/31/2045,Maldives,12.12143161,-15.6136085,27.27718885,8.015209018,Medium,141,FALSE
4/7/2045,Hawaiian Islands,-16.15185954,74.57757506,27.08003741,8.039964092,High,72,FALSE
4/14/2045,Great Barrier Reef,-10.17123771,71.2829623,26.82704829,8.03663157,Low,73,FALSE
4/21/2045,Red Sea,8.899531424,158.548567,29.46828873,8.049640818,Medium,132,FALSE
4/28/2045,Caribbean Sea,1.531049791,52.57437126,27.12273762,7.905983557,None,113,TRUE
5/5/2045,Galápagos,2.84556162,-73.41394158,27.00908213,7.882653766,None,67,FALSE
5/12/2045,Hawaiian Islands,16.06039823,33.43719882,27.11039932,8.092747669,Medium,97,FALSE
5/19/2045,South China Sea,31.26728865,35.42896866,30.98303778,8.081900593,Low,106,FALSE
5/26/2045,Maldives,-5.888528669,185.6334613,26.91678717,8.078439974,None,166,FALSE
6/2/2045,Maldives,18.59977791,71.01316452,30.50391109,7.97299957,High,118,FALSE
6/9/2045,South China Sea,23.11609005,-158.8525862,30.05478903,8.110653271,None,160,FALSE
6/16/2045,Maldives,5.525687803,20.22637438,30.30529345,8.087072215,High,55,FALSE
6/23/2045,South China Sea,9.393165043,40.49626969,29.93574019,8.037095048,None,71,FALSE
6/30/2045,Maldives,-2.757500965,-66.04326396,28.98867189,8.097589583,None,132,FALSE
7/7/2045,Red Sea,-22.35561926,78.5291792,25.7724323,8.044962302,Low,144,FALSE
7/14/2045,Red Sea,5.1983001,24.32196406,28.73510762,8.007703899,High,106,FALSE
7/21/2045,Great Barrier Reef,-14.52096503,-63.26335322,27.33513777,8.106273546,High,169,FALSE
7/28/2045,Hawaiian Islands,5.59140518,72.69379036,28.20317905,8.116010068,High,70,FALSE
8/4/2045,Maldives,27.68493705,-6.550045621,28.06568942,8.010204444,None,64,FALSE
8/11/2045,Caribbean Sea,7.631819765,-105.3404177,28.88854243,7.98051167,Medium,122,TRUE
8/18/2045,Galápagos,7.998056714,21.33929365,29.08090564,8.122449258,None,92,TRUE
8/25/2045,Maldives,-23.64545637,-139.8254182,29.22256942,8.06269247,None,66,FALSE
9/1/2045,Maldives,8.844969035,-81.85411327,30.0136827,8.045815228,Low,93,FALSE
9/8/2045,South China Sea,-13.31367409,-166.7041813,28.47081919,8.015283158,High,164,FALSE
9/15/2045,Hawaiian Islands,20.27206847,-34.32087377,29.47419879,8.135167115,High,117,FALSE
9/22/2045,Galápagos,15.16763948,112.7816631,32.44200084,8.053698836,Low,88,FALSE
9/29/2045,Caribbean Sea,8.442642373,60.79049007,26.26444573,7.946435985,High,144,TRUE
10/6/2045,Hawaiian Islands,9.352574091,-51.65736439,29.05075702,8.001614154,None,90,FALSE
10/13/2045,Red Sea,14.42207837,-45.59049949,27.98660056,8.119191397,Low,64,FALSE
10/20/2045,Caribbean Sea,-12.41836026,-224.7676973,29.39267728,8.044593413,High,108,FALSE
10/27/2045,Caribbean Sea,9.658564897,-19.12930902,28.26929733,7.918486813,High,116,FALSE
11/3/2045,Red Sea,21.94938459,96.65173354,29.52846093,8.04923769,None,129,FALSE
11/10/2045,Caribbean Sea,7.366942075,47.70133595,30.46355893,8.05547179,None,155,FALSE
11/17/2045,Maldives,10.06844137,-42.43739803,28.46818682,8.143122635,High,114,FALSE
11/24/2045,South China Sea,0.324244999,-33.75296077,29.33436278,8.143487561,Low,95,FALSE
12/1/2045,Caribbean Sea,4.868859555,28.90197806,27.87975352,8.073864409,Low,58,FALSE
12/8/2045,South China Sea,32.85104429,-179.232744,28.74742147,8.012450159,High,121,FALSE
12/15/2045,South China Sea,30.33450364,-42.81525683,30.52424862,8.065558839,None,88,FALSE
12/22/2045,Caribbean Sea,2.956911496,95.79778738,28.53755547,8.028034069,High,144,FALSE
12/29/2045,Hawaiian Islands,20.06108442,-67.06533676,29.31165902,8.10427449,High,153,FALSE
1/5/2046,Maldives,23.13981028,265.2883702,29.17017685,8.031414111,High,138,FALSE
1/12/2046,Hawaiian Islands,28.63948571,93.36549374,28.84351534,8.100895924,None,79,FALSE
1/19/2046,Maldives,13.77956896,-155.5472744,28.41062211,8.018348043,Low,139,FALSE
1/26/2046,Galápagos,-4.792409241,-16.59140336,30.46408557,8.089295595,None,95,FALSE
2/2/2046,South China Sea,25.18457416,-33.66451535,30.28106037,8.060786908,Low,134,FALSE
2/9/2046,Galápagos,-2.463469165,140.9626993,27.65157083,8.092230217,None,89,FALSE
2/16/2046,Caribbean Sea,-5.891044802,139.8288103,25.81619696,8.029519266,Medium,117,FALSE
2/23/2046,Caribbean Sea,4.948715473,18.76058888,29.01334068,8.099307104,High,62,FALSE
3/2/2046,Hawaiian Islands,-5.18850735,-40.09955025,32.10232541,7.970952891,High,140,FALSE
3/9/2046,Great Barrier Reef,-4.625372027,3.54115516,27.40740333,8.116095865,Low,139,TRUE
3/16/2046,South China Sea,10.96045943,-11.63027316,29.20251029,8.024345378,Medium,146,FALSE
3/23/2046,Caribbean Sea,14.66262002,-95.23062454,28.31202586,8.064847984,High,164,FALSE
3/30/2046,Caribbean Sea,36.996883,-86.87261616,29.49066878,8.098116253,Medium,150,TRUE
4/6/2046,South China Sea,14.87028362,74.84066008,29.34090159,8.071392609,Low,107,FALSE
4/13/2046,Caribbean Sea,-7.863945893,166.7900877,26.29844691,7.978970647,High,153,FALSE
4/20/2046,Red Sea,9.778097871,-106.1364444,28.68241898,8.049005465,None,163,FALSE
4/27/2046,Galápagos,-2.585851125,115.3843703,27.55637126,8.013499353,None,73,FALSE
5/4/2046,South China Sea,8.416481256,-30.23475564,27.77617118,8.007176485,High,106,TRUE
5/11/2046,South China Sea,-3.343391817,-43.22305294,27.74383772,8.100760316,None,80,FALSE
5/18/2046,Maldives,4.043771182,46.6603156,29.01857891,8.029051009,High,72,FALSE
5/25/2046,Hawaiian Islands,13.57903093,97.95196817,28.26702357,7.969904003,None,92,TRUE
6/1/2046,South China Sea,-1.899783708,123.8736157,27.45576926,8.098146984,High,165,FALSE
6/8/2046,South China Sea,10.3604269,-78.09503723,29.55559289,8.033198699,None,56,FALSE
6/15/2046,Caribbean Sea,-8.35501171,-3.698983514,27.69330251,8.079904492,High,116,FALSE
6/22/2046,Caribbean Sea,-0.811725616,-60.99813836,27.46430006,8.093045441,High,58,FALSE
6/29/2046,Red Sea,24.95913685,251.6909118,28.32846641,8.097718221,High,71,FALSE
7/6/2046,Hawaiian Islands,14.21372714,193.2271686,28.09231959,8.00141169,Medium,169,FALSE
7/13/2046,Great Barrier Reef,1.240959662,95.81420016,28.27216474,8.003767833,High,76,FALSE
7/20/2046,Hawaiian Islands,11.71428318,60.11283552,28.77266845,8.11289167,Low,127,FALSE
7/27/2046,Maldives,-15.28516024,-80.68431488,28.37953901,8.007266198,High,97,FALSE
8/3/2046,Hawaiian Islands,9.200838716,-211.5287887,27.86014604,8.099722971,Medium,119,FALSE
8/10/2046,Hawaiian Islands,9.380386659,-186.6874525,28.25800781,8.165095204,Medium,117,FALSE
8/17/2046,Galápagos,11.47043698,217.1039819,28.07674987,8.029983548,Low,105,FALSE
8/24/2046,South China Sea,14.0233179,204.313421,27.22299964,8.056794532,Low,103,TRUE
8/31/2046,Red Sea,-17.28298822,42.01655535,24.98073743,8.037618699,Low,151,FALSE
9/7/2046,Galápagos,21.32121491,11.67545739,26.09207295,7.948892383,High,84,FALSE
9/14/2046,Maldives,16.09855052,95.83088454,29.4938933,8.103926808,None,165,FALSE
9/21/2046,Galápagos,0.541499729,24.38288035,27.31004591,8.002805735,Low,158,TRUE
9/28/2046,Red Sea,27.83990955,-136.3462173,28.32801885,8.110691116,None,101,FALSE
10/5/2046,Caribbean Sea,-0.409313432,-11.13396282,28.10898891,8.063702562,None,102,FALSE
10/12/2046,Galápagos,26.79736971,-2.744164162,29.78113729,7.998294976,Medium,164,FALSE
10/19/2046,Red Sea,8.453032034,23.26919384,27.71844513,8.034557764,None,153,FALSE
10/26/2046,Galápagos,20.7988083,9.534958802,29.47117509,8.110509562,High,55,FALSE
11/2/2046,Galápagos,12.469305,144.2996621,27.23970324,8.037993903,Medium,162,FALSE
11/9/2046,Great Barrier Reef,43.22757318,61.74302317,31.21384893,7.976289706,Medium,87,FALSE
11/16/2046,Maldives,22.26372482,-24.46319978,29.27007244,8.122112625,None,171,FALSE
11/23/2046,Great Barrier Reef,-2.140791883,-177.0196574,28.73957024,8.024953963,High,95,FALSE
11/30/2046,Red Sea,12.46817839,30.39288256,30.49058795,7.950078778,High,123,FALSE
12/7/2046,Great Barrier Reef,1.560158098,-23.91270015,29.5524475,8.086138416,None,114,FALSE
12/14/2046,Hawaiian Islands,9.846814106,110.8608282,30.51368436,8.069258653,None,87,FALSE
12/21/2046,South China Sea,11.83572596,-123.2261155,28.60175583,8.045802066,Low,120,FALSE
12/28/2046,Red Sea,-1.699916133,-52.6614904,30.02023097,8.038674113,Low,141,TRUE
1/4/2047,Maldives,15.17502231,261.6595108,28.34906522,8.087955198,None,136,FALSE
1/11/2047,Caribbean Sea,4.146999812,-385.3309021,27.82252947,8.087177329,High,69,FALSE
1/18/2047,Great Barrier Reef,-4.858591908,-15.57541391,30.89222069,7.977299172,Low,97,FALSE
1/25/2047,Caribbean Sea,-0.594297244,-73.90198549,28.74058222,8.019208336,Medium,156,FALSE
2/1/2047,South China Sea,18.12753298,-6.544272876,27.92364688,8.085527388,Low,138,FALSE
2/8/2047,Caribbean Sea,5.16887566,-2.848372363,27.86228568,8.020054244,None,141,FALSE
2/15/2047,Red Sea,23.2448293,127.969804,28.33517556,8.049681326,High,60,TRUE
2/22/2047,Maldives,21.4523577,-7.41824138,28.0942452,8.092266093,Medium,98,TRUE
3/1/2047,Great Barrier Reef,7.798739088,-74.0977216,28.79026673,8.003263136,High,86,FALSE
3/8/2047,Hawaiian Islands,-3.339081557,-188.9957822,28.64251166,8.012959321,None,168,TRUE
3/15/2047,Maldives,-3.75573091,67.31199447,27.79730923,8.016242067,High,82,FALSE
3/22/2047,Caribbean Sea,11.17694615,131.0799034,28.14703472,7.922006198,None,110,FALSE
3/29/2047,South China Sea,3.881340252,9.033475667,29.22301441,8.092696633,None,124,FALSE
4/5/2047,Great Barrier Reef,-9.323660384,-130.7268641,30.26086625,8.056077996,High,130,FALSE
4/12/2047,Galápagos,28.15118877,158.6706967,25.5311317,8.077302788,High,61,FALSE
4/19/2047,Maldives,16.62134652,-14.40703632,27.54075411,8.020340789,High,103,FALSE
4/26/2047,Great Barrier Reef,-9.425821943,214.9791128,28.17791146,8.091729735,High,117,FALSE
5/3/2047,Red Sea,3.037758094,-160.9340173,29.53441923,8.012375381,High,104,TRUE
5/10/2047,South China Sea,29.01685719,-49.11826541,30.31768671,8.114224324,Low,118,FALSE
5/17/2047,Galápagos,3.835909341,145.9511278,27.99624912,8.115445368,High,104,FALSE
5/24/2047,Maldives,-41.03875938,-76.82190779,28.53069596,8.00973736,None,81,FALSE
5/31/2047,Hawaiian Islands,-6.025677429,-117.2278819,28.16807958,8.157928706,Medium,146,FALSE
6/7/2047,South China Sea,-1.952464975,-21.51719323,29.07207542,7.997246801,Medium,58,FALSE
6/14/2047,Galápagos,-0.446387779,-136.9969773,27.48384486,8.09513528,High,171,FALSE
6/21/2047,Caribbean Sea,1.872115916,-60.03132885,28.13393521,8.003896037,None,58,FALSE
6/28/2047,Galápagos,-5.9734778,70.95641511,26.82271383,8.029566452,None,116,FALSE
7/5/2047,Great Barrier Reef,-11.6246043,230.2718712,29.70797856,8.051645782,Medium,163,FALSE
7/12/2047,Caribbean Sea,4.152441064,-50.97738448,28.17300741,8.080928967,High,108,FALSE
7/19/2047,Great Barrier Reef,-2.249748617,33.92050474,27.57419277,8.042948784,High,156,FALSE
7/26/2047,Great Barrier Reef,-3.321387652,-109.3162073,28.4398706,8.054270137,High,83,FALSE
8/2/2047,Maldives,6.064656489,-86.87951703,27.09720717,8.178481559,High,160,FALSE
8/9/2047,Great Barrier Reef,22.88272979,54.41777752,27.19273534,8.219001766,High,167,FALSE
8/16/2047,Caribbean Sea,26.66955204,56.86190398,28.83341997,7.984888329,High,74,FALSE
8/23/2047,South China Sea,-7.185291171,141.2827516,27.33265964,8.058832361,Low,56,FALSE
8/30/2047,Caribbean Sea,25.78647362,-1.943716314,32.15603629,8.113691262,High,66,FALSE
9/6/2047,Galápagos,25.72388776,47.95309624,28.14084983,7.967228931,Low,153,FALSE
9/13/2047,Maldives,33.74546724,30.51864381,29.26648829,8.044264274,Low,68,FALSE
9/20/2047,Caribbean Sea,-21.05286844,39.60855757,27.88235647,8.011250797,Medium,146,FALSE
9/27/2047,Great Barrier Reef,12.16341694,-57.2249649,28.45297823,8.028944644,Low,75,FALSE
10/4/2047,Maldives,5.982778223,53.77069358,29.18316609,8.091024981,None,167,FALSE
10/11/2047,Galápagos,8.457782359,-14.76814684,29.00304889,7.954298027,None,69,FALSE
10/18/2047,Caribbean Sea,14.72385067,98.03023688,26.4451105,8.070073007,None,59,TRUE
10/25/2047,Caribbean Sea,23.06797413,104.9905295,28.09829242,8.034699777,Medium,58,TRUE
11/1/2047,Red Sea,-1.596896593,-36.77600289,25.83321043,8.060358778,Medium,129,FALSE
11/8/2047,Caribbean Sea,8.548223539,-154.1447412,28.10259212,8.209724383,Low,135,FALSE
11/15/2047,Red Sea,-9.596486387,0.623638905,29.00762817,8.044107752,None,105,FALSE
11/22/2047,South China Sea,-14.7349245,-93.45580571,29.05053684,8.040424372,Low,132,TRUE
11/29/2047,Maldives,30.27873388,57.60753466,26.40069011,8.032439519,None,120,FALSE
12/6/2047,Great Barrier Reef,-25.62811826,-68.86578529,25.89498258,8.036942436,None,143,FALSE
12/13/2047,South China Sea,-17.56944329,143.7285392,29.32388357,8.030102963,None,114,FALSE
12/20/2047,Great Barrier Reef,14.45880766,150.7235857,29.55136833,8.008712732,Medium,81,FALSE
12/27/2047,Galápagos,18.58833002,-36.19224837,28.59288267,8.106359143,None,55,FALSE
1/3/2048,Hawaiian Islands,-11.99473966,30.47867499,25.98979655,8.008887947,None,83,FALSE
1/10/2048,South China Sea,8.222891986,-38.76409784,29.12336673,7.911765334,Medium,95,FALSE
1/17/2048,South China Sea,-10.65424975,-93.32239084,26.34538361,8.039602672,Low,103,FALSE
1/24/2048,South China Sea,-14.49768932,-60.68986334,29.38276465,8.032333732,None,120,FALSE
1/31/2048,Great Barrier Reef,19.36216307,226.4132133,27.46771324,8.024994441,Low,156,FALSE
2/7/2048,Maldives,-3.679642473,82.50833974,26.82373247,7.976664129,Medium,157,FALSE
2/14/2048,Galápagos,20.49173522,18.34989917,30.19614968,8.045042311,High,162,FALSE
2/21/2048,Hawaiian Islands,-7.180007148,63.1692329,28.9184486,8.158163664,High,74,FALSE
2/28/2048,Hawaiian Islands,8.117789491,-151.6274779,29.71963451,8.120169824,Medium,137,FALSE
3/6/2048,Hawaiian Islands,27.02314135,-74.41094173,27.7111175,8.08407803,High,161,FALSE
3/13/2048,Hawaiian Islands,14.90390212,69.00985505,26.26254645,8.125833549,Low,145,FALSE
3/20/2048,South China Sea,-3.287992207,12.07175821,27.17056346,8.168057196,High,65,FALSE
3/27/2048,Great Barrier Reef,0.187414544,-41.6687368,27.11943165,8.08115345,None,76,FALSE
4/3/2048,Hawaiian Islands,17.54494813,33.87108569,25.72493908,8.005800915,None,125,FALSE
4/10/2048,Maldives,3.176039636,11.78576639,30.24877593,8.097114622,High,75,FALSE
4/17/2048,South China Sea,2.11780366,151.5183726,26.85372479,7.963010967,Medium,150,FALSE
4/24/2048,Hawaiian Islands,14.75037427,-78.11977527,27.15707529,7.956932367,None,160,FALSE
5/1/2048,Red Sea,2.319908989,-30.31931214,30.34455903,8.093106251,None,125,FALSE
5/8/2048,Caribbean Sea,4.070495018,133.0886204,30.07700242,8.073601418,Medium,136,FALSE
5/15/2048,Galápagos,5.442663695,-24.75407122,27.79282171,8.075807909,High,151,FALSE
5/22/2048,Galápagos,21.48981768,-103.0063525,30.13175482,8.07837109,Medium,61,FALSE
5/29/2048,South China Sea,-25.73298295,124.4783979,29.81153236,8.079296278,Medium,118,TRUE
6/5/2048,Red Sea,17.48140987,-24.84157902,30.98491521,8.183508947,High,113,FALSE
6/12/2048,Galápagos,-18.6524015,112.6698694,27.20653888,8.114816593,High,93,FALSE
6/19/2048,Hawaiian Islands,18.4919406,98.76535119,28.9871975,8.091933108,None,126,FALSE
6/26/2048,South China Sea,-15.37612385,202.4990768,26.8566435,7.980186698,Low,63,FALSE
7/3/2048,Maldives,-1.80411187,13.78963035,29.71341466,7.991866149,High,57,TRUE
7/10/2048,South China Sea,13.70282349,-61.55366761,27.55317126,8.075854697,None,98,FALSE
7/17/2048,Galápagos,2.831418483,97.60305467,28.21158235,7.979433363,Medium,101,FALSE
7/24/2048,Caribbean Sea,19.71868233,-92.93698475,28.59284523,8.096544224,Medium,141,FALSE
7/31/2048,Maldives,-0.489707461,-65.07718804,25.5927863,8.107192544,None,95,TRUE
8/7/2048,Red Sea,7.712066177,202.3077648,29.31129726,8.120355446,None,59,FALSE
8/14/2048,South China Sea,10.03827598,21.89107259,29.75430343,8.022058221,Medium,141,FALSE
8/21/2048,Galápagos,17.25111711,-34.16776973,29.11359663,8.076288691,None,140,FALSE
8/28/2048,South China Sea,49.55183192,-16.48627638,27.66663583,8.014077965,None,150,FALSE
9/4/2048,South China Sea,10.81591265,-59.35725672,28.84917986,8.037360339,High,141,FALSE
9/11/2048,Hawaiian Islands,11.57116746,-109.9190883,29.30799074,8.046445804,None,116,FALSE
9/18/2048,Caribbean Sea,12.04681459,-54.11559995,26.72469775,8.027178092,Medium,143,FALSE
9/25/2048,Great Barrier Reef,6.958059025,61.21653522,29.01467835,8.047006167,High,162,FALSE
10/2/2048,Galápagos,-10.95494147,9.640674373,29.85330423,8.014466613,Medium,110,FALSE
10/9/2048,Maldives,13.99977372,100.5320907,28.3183251,8.218241152,High,63,FALSE
10/16/2048,South China Sea,-2.801487035,-17.74100336,27.52663885,8.059396589,None,88,TRUE
10/23/2048,Maldives,5.696324536,10.87999157,29.53839861,8.064780416,Medium,160,TRUE
10/30/2048,Caribbean Sea,-3.300235476,115.824375,29.43363705,8.080213115,Low,144,FALSE
11/6/2048,Great Barrier Reef,-10.71013503,-22.73668385,28.09650574,8.048678237,Low,161,FALSE
11/13/2048,Maldives,0.591121487,154.681287,27.18079916,8.069474163,Medium,152,FALSE
11/20/2048,South China Sea,18.93926603,-114.169283,26.49561994,8.019730757,High,131,FALSE
11/27/2048,Hawaiian Islands,-3.603343155,133.6668601,29.14369975,8.078605054,Medium,119,FALSE
12/4/2048,Hawaiian Islands,13.91244754,-84.08775444,26.88022458,8.008717649,High,105,FALSE
12/11/2048,Great Barrier Reef,-13.03587671,159.1710047,28.80635042,8.054968288,Low,138,FALSE
12/18/2048,Hawaiian Islands,-10.22656037,-32.52424592,29.53945832,7.985550334,High,150,FALSE
12/25/2048,Hawaiian Islands,20.32015325,21.87260695,25.06791304,8.173330206,Medium,106,FALSE
1/1/2049,Caribbean Sea,1.327497789,-59.06111873,29.26298325,8.100285967,High,81,FALSE
1/8/2049,South China Sea,-3.067895039,-86.25852345,26.6373733,8.175825866,Medium,65,TRUE
1/15/2049,Maldives,-5.834391762,208.2719884,27.84843103,8.004123728,None,157,FALSE
1/22/2049,Maldives,28.92592812,-80.19231762,27.38259453,8.14583498,None,138,FALSE
1/29/2049,Red Sea,17.13421016,96.22782774,30.27082803,8.039396047,Low,99,FALSE
2/5/2049,Red Sea,13.34255908,-93.66878236,29.20284847,7.974248057,High,161,TRUE
2/12/2049,South China Sea,16.83279932,-20.26524895,28.96517887,8.036383183,None,86,FALSE
2/19/2049,Galápagos,12.60513038,-53.20824856,27.94655193,8.109869467,None,72,FALSE
2/26/2049,Hawaiian Islands,-0.790172501,-80.34508386,29.39380382,8.050640621,None,79,FALSE
3/5/2049,Galápagos,4.094376034,226.6199037,27.03628554,8.026260994,None,89,TRUE
3/12/2049,Great Barrier Reef,2.213271667,85.97427516,28.24578327,8.037542656,None,65,FALSE
3/19/2049,Maldives,34.42575967,82.62047321,29.3614856,8.113789263,None,151,FALSE
3/26/2049,Great Barrier Reef,7.691895285,37.75029534,28.52750554,7.995388782,Medium,120,FALSE
4/2/2049,Caribbean Sea,12.57361761,115.9849666,27.07921499,8.033638414,None,85,FALSE
4/9/2049,Red Sea,-13.09559015,-132.8368207,28.25572161,8.130866117,None,109,FALSE
4/16/2049,Galápagos,-0.490271388,-75.65170723,27.85778003,8.011061327,Low,79,FALSE
4/23/2049,Maldives,-12.85783634,27.32864166,28.97167427,8.101709198,High,127,FALSE
4/30/2049,Great Barrier Reef,8.952963041,246.2425543,28.5487703,8.020957519,None,77,FALSE
5/7/2049,Red Sea,9.349827967,84.92234503,29.0909318,7.990487407,High,170,FALSE
5/14/2049,Hawaiian Islands,2.723290246,78.50081508,27.94073415,8.049853812,Low,149,FALSE
5/21/2049,Hawaiian Islands,6.194945002,-18.2282975,28.23337613,7.991401377,None,67,FALSE
5/28/2049,Red Sea,6.525667593,59.89828288,30.99320138,8.107799228,High,152,TRUE
6/4/2049,Hawaiian Islands,-11.694605,-16.65170057,29.30156935,8.019019547,High,63,FALSE
6/11/2049,Galápagos,-1.259195789,-136.9129173,29.12375163,8.034813215,None,73,FALSE
6/18/2049,Galápagos,16.11651691,-296.8482778,27.22735985,8.142325771,Medium,151,TRUE
6/25/2049,Great Barrier Reef,28.43351181,-136.0829177,29.09821332,8.086765353,None,82,FALSE
7/2/2049,Maldives,5.888058471,136.2329335,29.79340739,8.001773369,High,61,FALSE
7/9/2049,South China Sea,2.655256878,-161.7891094,29.81127995,7.932414193,None,64,FALSE
7/16/2049,Maldives,2.201659283,90.41544088,28.55046628,8.018716357,High,143,FALSE
7/23/2049,Galápagos,-34.46509129,172.2988619,29.53966705,7.993306488,High,91,TRUE
7/30/2049,Maldives,21.63289465,-115.6499719,26.54676119,7.980080533,Medium,77,FALSE
8/6/2049,South China Sea,-7.693923678,-171.1777824,28.87390738,8.053250148,Medium,88,FALSE
8/13/2049,Great Barrier Reef,-2.373662236,-136.9365374,30.47105752,8.050725138,Medium,158,FALSE
8/20/2049,Maldives,-15.97523647,17.45146976,28.88455797,8.096435845,Medium,115,FALSE
8/27/2049,Caribbean Sea,-9.06615227,115.9160261,27.3679628,8.038364028,None,152,FALSE
9/3/2049,Caribbean Sea,-1.579710533,-0.073174951,26.89383063,7.98302783,Medium,136,FALSE
9/10/2049,Great Barrier Reef,9.03139258,134.3350466,29.08353437,8.122164452,High,160,TRUE
9/17/2049,Red Sea,17.57042525,77.72413144,30.10895646,8.114806824,Medium,54,FALSE
9/24/2049,South China Sea,-1.729363708,-76.32330486,29.22244311,8.031716176,Medium,160,FALSE
10/1/2049,South China Sea,-9.196625921,-124.0035841,30.43814552,8.003583471,Low,86,FALSE
10/8/2049,Maldives,37.65290867,38.22503037,27.97728473,8.019786268,Medium,86,FALSE
10/15/2049,Maldives,-7.044600402,184.8075399,28.55156539,8.027057615,High,97,FALSE
10/22/2049,Galápagos,-17.76307091,-19.95079365,30.30400722,8.074897762,Medium,139,FALSE
10/29/2049,Hawaiian Islands,19.49727518,-37.06486813,27.5507944,8.073986534,Low,135,FALSE
11/5/2049,Red Sea,-5.476215274,-93.80261441,29.70155264,7.981307663,High,54,FALSE
11/12/2049,Galápagos,-5.297220135,-78.03042975,30.28657043,8.034727496,Medium,95,FALSE
11/19/2049,Red Sea,8.269520129,19.63767266,28.20700036,8.003419862,Medium,73,FALSE
11/26/2049,Galápagos,8.068888118,-232.8816712,28.61169594,7.973153135,None,59,TRUE
12/3/2049,Maldives,9.231719694,-50.59417633,29.80712408,8.041545728,Low,131,FALSE
12/10/2049,Caribbean Sea,3.835132229,-8.301068816,27.35134993,8.057213586,Low,133,TRUE
12/17/2049,Caribbean Sea,-16.48397618,91.05828511,27.02362237,8.120948409,None,100,FALSE
12/24/2049,Caribbean Sea,13.44758153,5.897786599,29.11357649,8.024659136,High,70,FALSE
12/31/2049,Great Barrier Reef,18.07329186,70.86377407,30.80169533,8.062290976,Low,158,TRUE
1/7/2050,South China Sea,7.263062783,56.88068321,28.19472152,8.046349248,Low,168,FALSE
1/14/2050,Red Sea,18.42977818,67.926531,29.58544594,8.028281279,High,102,FALSE
1/21/2050,Hawaiian Islands,27.79717035,26.44550521,29.21236523,8.00674062,High,84,TRUE
1/28/2050,South China Sea,17.05886838,49.62419474,28.51011042,8.077585336,High,152,FALSE
2/4/2050,Galápagos,-4.411580896,52.28539723,26.58573402,8.071127645,Medium,79,FALSE
2/11/2050,Galápagos,-6.705622405,111.9457232,27.99289429,8.037319,High,97,TRUE
2/18/2050,Galápagos,36.05662813,247.2296627,29.15038204,8.133280696,High,146,FALSE
2/25/2050,Caribbean Sea,-0.44598567,-117.943507,28.92049221,7.959138882,High,60,TRUE
3/4/2050,Maldives,21.2984496,89.99058382,28.14882819,7.965138273,High,54,FALSE
3/11/2050,Maldives,22.2567426,-60.2833181,28.53140409,8.116094109,None,80,FALSE
3/18/2050,Red Sea,3.211020261,-190.1582337,27.03892216,8.149935278,Low,113,FALSE
3/25/2050,Red Sea,-16.53719969,32.19947267,26.83743502,8.033541663,High,108,FALSE
4/1/2050,Galápagos,2.847688567,-2.816306425,27.32013713,8.053199887,Low,62,FALSE
4/8/2050,South China Sea,30.32991706,-66.648211,25.73206349,8.137292664,High,166,FALSE
4/15/2050,Hawaiian Islands,15.85946079,-29.7197906,29.36938512,7.933421554,Medium,117,FALSE
4/22/2050,Caribbean Sea,15.14974818,5.877929996,28.11763989,8.08959971,High,138,TRUE
4/29/2050,Red Sea,-0.956870487,116.7837209,31.20292496,8.014932336,Medium,114,FALSE
5/6/2050,Great Barrier Reef,19.51363906,-74.71778344,26.38137371,8.00096443,High,74,FALSE
5/13/2050,Caribbean Sea,1.520681926,-42.5736538,24.95784594,8.02145906,High,91,FALSE
5/20/2050,Hawaiian Islands,13.08913253,9.390332459,27.79588478,8.0648007,None,61,TRUE
5/27/2050,Great Barrier Reef,1.610431676,75.84807803,30.23013412,8.153479918,None,127,FALSE
6/3/2050,South China Sea,17.5520213,-29.34835474,26.39544506,8.019589985,Medium,115,FALSE
6/10/2050,Caribbean Sea,10.87536351,136.2368814,30.31320025,8.101400934,None,156,FALSE
6/17/2050,Hawaiian Islands,-10.36532869,-48.37092787,28.34492026,7.985169183,None,165,FALSE
6/24/2050,Maldives,18.22555149,-150.7252666,29.49060742,8.071399205,None,59,FALSE
7/1/2050,Caribbean Sea,16.47522158,-81.95062336,30.19375584,8.057236153,None,108,FALSE
7/8/2050,Red Sea,42.55355113,-82.88959896,27.43944955,8.105464099,None,90,FALSE
7/15/2050,South China Sea,4.482486492,82.80297405,27.07002855,8.068483104,None,120,TRUE
7/22/2050,Hawaiian Islands,37.10613439,118.1331837,28.37069747,8.020099926,Medium,105,FALSE
7/29/2050,Caribbean Sea,-9.854821573,84.76908963,29.77423155,8.136535066,Medium,111,FALSE
8/5/2050,Great Barrier Reef,-33.42373881,37.40927567,30.0519233,8.066342779,High,61,FALSE
8/12/2050,Galápagos,-4.38071556,-23.24548459,30.47872796,7.957644987,High,140,FALSE
8/19/2050,Great Barrier Reef,2.211045717,104.4116533,26.33090323,8.105022873,None,93,FALSE
8/26/2050,Caribbean Sea,14.50661208,-128.2405191,30.2125131,8.05921076,Low,142,FALSE
9/2/2050,Galápagos,21.3456224,-114.7473185,29.18194911,8.012806147,None,149,FALSE
9/9/2050,Great Barrier Reef,-2.847094555,-34.79826828,29.77613521,8.019186207,High,78,TRUE
9/16/2050,Great Barrier Reef,18.80850983,-160.6312783,29.24824393,8.023587087,None,117,FALSE
9/23/2050,Caribbean Sea,-3.778866966,102.6052245,28.98740256,8.06131593,Medium,131,FALSE
9/30/2050,Hawaiian Islands,-20.42116904,-164.4095322,29.59153407,8.063676065,Low,56,FALSE
10/7/2050,South China Sea,22.02100171,-188.7144714,28.23643775,8.154704413,None,79,FALSE
10/14/2050,Maldives,-4.197500843,221.6007897,29.88120806,8.086556922,None,61,FALSE
10/21/2050,South China Sea,29.32643644,-38.94059193,30.41646697,8.056704098,Low,147,FALSE
10/28/2050,Galápagos,4.262141345,-54.49113288,29.23066064,8.058484631,Medium,60,FALSE
11/4/2050,Great Barrier Reef,15.58877055,242.6802429,27.96670311,8.014886495,None,111,TRUE
11/11/2050,Hawaiian Islands,27.758516,-46.76918312,28.58589432,8.101429105,Low,151,FALSE
11/18/2050,Maldives,24.36219979,68.80963706,27.86367143,8.045544894,Medium,139,FALSE
11/25/2050,Red Sea,-12.2775366,-109.0298928,28.87311855,8.047716703,None,130,FALSE
12/2/2050,Red Sea,16.74193948,68.62474139,27.60753998,8.170638194,High,111,TRUE
12/9/2050,Caribbean Sea,6.951572151,109.2129731,28.1219263,8.097629054,None,156,FALSE
12/16/2050,Red Sea,2.534866044,124.4548316,26.9807479,8.016865366,Medium,125,FALSE
12/23/2050,Hawaiian Islands,6.780365696,-48.95342553,28.91727027,8.039376238,None,71,FALSE
12/30/2050,Maldives,6.780813916,16.97669293,28.15785579,8.115321977,Low,63,TRUE
1/6/2051,Maldives,15.41845086,55.7199791,29.09931681,7.999084502,High,167,TRUE
1/13/2051,Maldives,5.028250069,13.83554581,30.58682608,8.033190532,None,105,FALSE
1/20/2051,Maldives,-9.823543597,-35.4858471,27.6928734,8.133719626,High,114,TRUE
1/27/2051,Great Barrier Reef,-0.635949886,-41.77980195,28.44055163,7.91582448,Medium,81,TRUE
2/3/2051,Maldives,16.76473063,163.7967073,28.17556546,8.155926492,High,158,FALSE
2/10/2051,Hawaiian Islands,-1.587691431,-39.08329708,27.42593712,8.017674395,None,149,FALSE
2/17/2051,Maldives,15.8775513,-84.90537348,30.02620451,8.167542738,None,109,FALSE
2/24/2051,Maldives,8.65072007,-71.0252443,29.19575936,7.877822292,Medium,168,FALSE
3/3/2051,Hawaiian Islands,10.19686,145.8808607,27.42158475,7.905383328,None,70,FALSE
3/10/2051,Great Barrier Reef,2.55008582,97.63827728,27.2684498,8.063397177,Medium,84,FALSE
3/17/2051,Galápagos,0.732819354,87.40953497,28.84126103,8.091517836,High,102,FALSE
3/24/2051,Caribbean Sea,9.237625841,-267.7221695,27.11776224,8.136682516,High,147,FALSE
3/31/2051,Red Sea,21.95207843,-170.38889,32.07182773,8.161962785,Medium,109,FALSE
4/7/2051,Maldives,-11.28740841,53.1975907,26.49681773,8.05260439,Medium,79,FALSE
4/14/2051,Maldives,-10.70495252,7.38639505,31.61398511,8.108202765,Medium,166,FALSE
4/21/2051,Maldives,7.092732144,-55.16872788,28.04970741,8.102353887,Medium,96,FALSE
4/28/2051,Red Sea,45.79259175,-196.3354717,29.4541632,8.022848326,None,58,FALSE
5/5/2051,Red Sea,-23.93717551,-133.1408063,30.37177667,8.111340548,High,139,FALSE
5/12/2051,Caribbean Sea,24.98714596,136.5172959,28.18888795,7.999075311,High,137,FALSE
5/19/2051,Maldives,-4.506706186,74.86096918,29.67577846,7.912917861,High,99,FALSE
5/26/2051,Great Barrier Reef,-18.23439264,169.772552,28.14156051,8.030761026,High,113,FALSE
6/2/2051,Maldives,3.024305932,-112.2843098,29.30392083,8.126273765,Low,120,FALSE
6/9/2051,Galápagos,-10.84003986,124.9053973,28.8208703,8.087221112,High,104,TRUE
6/16/2051,Hawaiian Islands,19.23611766,-285.219324,28.30804552,8.050073446,None,141,FALSE
6/23/2051,Maldives,14.00359446,-109.9442806,30.81396781,8.046641894,None,107,FALSE
6/30/2051,Galápagos,17.13213417,179.1823734,27.46986864,8.079614553,None,136,FALSE
7/7/2051,Caribbean Sea,24.20243888,114.0646719,27.21861634,8.088635434,Medium,126,FALSE
7/14/2051,Great Barrier Reef,-2.136333409,-5.877658529,28.46534443,7.997750858,High,66,FALSE
7/21/2051,Hawaiian Islands,13.36931105,228.5378993,27.2982994,8.002668775,None,94,FALSE
7/28/2051,South China Sea,16.22247663,141.8872548,30.91593549,8.132598874,Low,112,TRUE
8/4/2051,South China Sea,-4.508491205,58.17937415,28.70132454,8.11008807,Low,159,FALSE
8/11/2051,Maldives,-8.160409103,-22.90454071,29.46134969,8.02013874,None,117,TRUE
8/18/2051,Great Barrier Reef,6.108634361,99.6643177,29.1832335,8.088913384,High,85,FALSE
8/25/2051,Great Barrier Reef,-16.63334049,48.65328997,27.4946851,7.99489693,High,99,FALSE
9/1/2051,Maldives,17.61799867,151.162524,29.59487357,8.082284323,None,131,FALSE
9/8/2051,Maldives,5.05935922,-6.575750519,29.71074676,7.968278924,None,94,FALSE
9/15/2051,Hawaiian Islands,20.77973518,120.0034309,25.48282021,8.05347474,High,73,TRUE
9/22/2051,Galápagos,19.3858986,-7.570835479,28.39386043,8.111946271,High,123,FALSE
9/29/2051,Great Barrier Reef,2.481201787,81.7572121,28.64312696,8.082147252,High,154,FALSE
10/6/2051,Maldives,23.59401931,-31.1156069,28.26949663,7.982846094,None,121,FALSE
10/13/2051,Hawaiian Islands,30.72672163,29.39884646,28.66602014,8.061109416,Medium,79,FALSE
10/20/2051,Hawaiian Islands,30.52621983,-7.141241076,30.43559369,7.946303074,None,151,FALSE
10/27/2051,South China Sea,20.83403524,-20.7425585,31.46594557,8.018819698,Medium,72,TRUE
11/3/2051,South China Sea,4.329214151,111.8588661,27.94026283,7.947968424,High,62,FALSE
11/10/2051,Hawaiian Islands,42.72372765,239.9403893,26.22581566,8.115748952,Medium,104,FALSE
11/17/2051,Great Barrier Reef,-0.772196836,-294.6295903,28.38925689,8.057075538,High,72,FALSE
11/24/2051,Galápagos,3.459606114,-255.8804966,25.72309035,8.019017008,High,64,FALSE
12/1/2051,Caribbean Sea,8.929500331,22.48882627,29.76985559,8.119572384,Medium,140,FALSE
12/8/2051,South China Sea,14.84965741,-54.22490285,30.43673285,8.099361638,Medium,71,FALSE
12/15/2051,Galápagos,-4.875819494,96.86786128,29.61854982,8.081269059,Medium,58,FALSE
12/22/2051,Caribbean Sea,5.688920474,146.4417673,31.62133152,8.096728153,Medium,59,FALSE
12/29/2051,Caribbean Sea,4.981962686,96.09082843,28.40399289,8.003407189,Low,145,TRUE
1/5/2052,South China Sea,12.28206889,115.4502391,25.90924381,8.042140131,None,100,FALSE
1/12/2052,Maldives,-12.56726335,275.7791391,28.39979824,8.028024791,High,67,FALSE
1/19/2052,Hawaiian Islands,6.293196579,154.7877924,29.12709127,8.039207407,High,76,FALSE
1/26/2052,Hawaiian Islands,19.7986499,32.15215421,27.4633895,8.050563414,Medium,79,FALSE
2/2/2052,Red Sea,6.70420323,305.9330355,30.58057757,8.094003835,Low,56,FALSE
2/9/2052,Red Sea,5.993979009,68.23039956,27.9494725,8.009509837,High,158,FALSE
2/16/2052,Great Barrier Reef,7.781071325,64.07920574,30.38366821,8.067573674,None,111,TRUE
2/23/2052,Hawaiian Islands,6.649288745,20.40997284,27.11512417,8.115690118,None,141,FALSE
3/1/2052,Caribbean Sea,1.671953426,41.29935978,28.12046726,8.152258774,High,74,FALSE
3/8/2052,Maldives,4.568847001,-195.2621639,29.42956496,8.08079946,Low,69,FALSE
3/15/2052,Galápagos,11.40567811,86.38824824,30.52225941,8.016499197,None,154,FALSE
3/22/2052,South China Sea,18.79869363,15.21650519,26.6993833,8.119939369,None,68,TRUE
3/29/2052,Maldives,10.29956468,-98.82601379,29.15487314,8.076362119,Medium,160,FALSE
4/5/2052,Maldives,-7.478879973,-91.17586712,28.54472686,7.967775399,None,92,FALSE
4/12/2052,Galápagos,12.76063295,-72.45249247,28.35711727,8.147031798,High,96,FALSE
4/19/2052,Red Sea,-3.640492237,44.3333305,28.26136229,8.09374449,None,149,FALSE
4/26/2052,South China Sea,-24.52184123,4.280342557,26.53339746,8.075017935,Low,105,TRUE
5/3/2052,Caribbean Sea,-7.913572219,-220.6809581,30.16890538,8.042611052,Low,151,FALSE
5/10/2052,Caribbean Sea,-15.94973215,-21.50345636,29.1901232,8.032214394,High,161,FALSE
5/17/2052,Hawaiian Islands,-6.551114293,77.60697223,29.33620481,8.018875315,Medium,153,FALSE
5/24/2052,Galápagos,8.853877268,-140.0762289,27.89556861,7.944652035,High,82,FALSE
5/31/2052,Galápagos,17.29784201,127.2542606,26.65797181,7.966738418,Medium,140,FALSE
6/7/2052,Red Sea,-0.952565879,-282.0369642,29.14835691,8.08976075,None,170,FALSE
6/14/2052,Maldives,-5.707053422,250.8237877,27.58931673,8.010301793,None,108,FALSE
6/21/2052,Hawaiian Islands,-0.714315071,-94.97289784,28.29869726,8.098414965,None,60,FALSE
6/28/2052,Caribbean Sea,3.347475367,88.03246929,27.92422519,7.992673964,High,88,FALSE
7/5/2052,Red Sea,5.273370934,-195.6882357,29.00220096,8.14259137,Low,67,FALSE
7/12/2052,Caribbean Sea,-15.03817001,-59.75143735,26.89719739,8.020486805,None,87,FALSE
7/19/2052,Galápagos,-18.65735264,136.3313008,30.25849889,7.976884731,Medium,129,FALSE
7/26/2052,Galápagos,4.723745157,-53.80790843,30.55264699,8.08439257,Medium,68,FALSE
8/2/2052,Galápagos,-2.216607354,137.8898587,28.20152396,7.982760517,Low,117,FALSE
8/9/2052,Great Barrier Reef,13.16984035,-131.7205091,27.41281844,8.174308069,Medium,106,FALSE
8/16/2052,South China Sea,6.750262892,157.677684,30.40395007,8.095793667,Low,116,FALSE
8/23/2052,Hawaiian Islands,8.097148178,149.1062326,29.53790563,8.199052226,Medium,87,FALSE
8/30/2052,Red Sea,-3.536439891,143.6707759,31.39397523,8.065761094,High,161,FALSE
9/6/2052,Red Sea,18.34057701,-4.851070983,28.11128512,7.934402035,None,103,FALSE
9/13/2052,Hawaiian Islands,11.72221035,113.91511,29.26748768,8.030558133,None,148,FALSE
9/20/2052,Maldives,23.4113657,9.095589606,31.19801503,7.971650028,Low,72,FALSE
9/27/2052,Great Barrier Reef,21.02594966,-152.4568539,27.97824666,8.05809852,None,139,FALSE
10/4/2052,Maldives,26.45842135,-74.21313149,29.46422735,8.029878265,Low,108,TRUE
10/11/2052,Red Sea,-17.29823262,36.64985636,30.63964352,8.120505119,High,68,FALSE
10/18/2052,Hawaiian Islands,16.44543683,127.178995,29.37313699,8.031068487,Medium,129,FALSE
10/25/2052,Red Sea,20.46704704,-107.9743536,31.03145009,8.079500971,High,67,TRUE
11/1/2052,Red Sea,1.39872343,-7.355510607,28.08359244,7.991610886,None,77,FALSE
11/8/2052,South China Sea,-10.98141458,43.48997127,29.90834144,8.138935343,High,70,FALSE
11/15/2052,Caribbean Sea,16.15250312,173.9575376,28.89820447,8.01065183,None,133,FALSE
11/22/2052,Hawaiian Islands,11.57020668,-140.2299898,27.1867972,8.07472511,High,166,FALSE
11/29/2052,Red Sea,10.04801455,-261.1425801,27.36798959,8.102297327,None,139,FALSE
12/6/2052,Caribbean Sea,-12.45537363,-156.3698518,31.51833532,8.121724507,Low,113,FALSE
12/13/2052,Hawaiian Islands,18.04840219,-37.94510329,28.60167241,8.083176091,Medium,154,FALSE
12/20/2052,Red Sea,12.75232113,-2.642415063,27.94246416,8.045691657,High,152,FALSE
12/27/2052,Caribbean Sea,4.775041498,-100.2078888,27.36912832,8.15506632,None,91,FALSE
1/3/2053,Maldives,6.821548159,-32.12764313,28.10886481,7.997504616,None,82,FALSE
1/10/2053,Caribbean Sea,-0.771810961,135.4561115,27.05387325,8.046747991,None,115,FALSE
1/17/2053,Great Barrier Reef,-3.103518601,-83.15425796,28.81144572,8.053284623,None,91,FALSE
1/24/2053,Red Sea,27.03430638,64.72177771,28.71684385,7.981894128,Low,93,FALSE
1/31/2053,Hawaiian Islands,-15.64907961,-80.55107418,27.74522259,8.0513652,Medium,67,FALSE
2/7/2053,Caribbean Sea,4.730742292,-162.1787213,29.423211,8.079220489,Low,82,TRUE
2/14/2053,Maldives,17.45614148,77.38211128,28.00397562,8.029736848,Low,139,FALSE
2/21/2053,South China Sea,9.489612564,-53.6451333,27.71377673,7.963922634,High,54,FALSE
2/28/2053,Red Sea,-10.89451859,129.0897463,29.74020962,8.100534432,None,138,FALSE
3/7/2053,Maldives,31.56673367,167.9137199,28.96504206,8.089174774,High,80,FALSE
3/14/2053,South China Sea,26.78644135,-67.49978059,30.72792852,8.050447434,High,130,FALSE
3/21/2053,Maldives,29.8761565,-85.91842178,30.40089965,8.056944692,Medium,170,FALSE
3/28/2053,Maldives,27.99243951,170.4121198,28.10759534,8.093395836,High,67,FALSE
4/4/2053,Great Barrier Reef,9.937970437,-196.0852634,27.62657492,8.066390163,Low,122,FALSE
4/11/2053,Maldives,2.415216119,-101.327979,28.50267946,8.087553206,Low,109,FALSE
4/18/2053,Maldives,0.725201424,-26.96228044,29.30275547,8.082165894,None,171,FALSE
4/25/2053,Caribbean Sea,21.27657419,109.8306659,27.59582413,8.089362227,None,140,FALSE
5/2/2053,Caribbean Sea,-8.950535091,186.3161945,27.50316725,8.092318969,High,122,FALSE
5/9/2053,Hawaiian Islands,7.499344259,128.1952769,28.27146304,7.982635184,Medium,129,FALSE
5/16/2053,Galápagos,15.17104027,-161.1981563,26.80200418,8.018577971,High,103,FALSE
5/23/2053,Caribbean Sea,-0.486737145,-106.882787,26.23472334,8.103816928,Medium,139,FALSE
5/30/2053,Caribbean Sea,-5.77813503,-91.60424399,27.90893992,8.142269035,None,128,TRUE
6/6/2053,Caribbean Sea,10.4412445,116.3031598,26.54173812,7.954857913,Low,150,TRUE
6/13/2053,Maldives,-3.755025793,-155.1446574,29.41416426,8.02911095,High,140,TRUE
6/20/2053,Galápagos,-6.452693222,-124.5629953,27.47849575,7.995235932,Medium,83,TRUE
6/27/2053,Galápagos,-8.615776974,115.9585314,27.60138296,8.077968087,Low,132,TRUE
7/4/2053,Hawaiian Islands,7.358241614,150.2195163,29.70201853,7.989096812,Low,116,TRUE
7/11/2053,Red Sea,30.40424046,-37.40805854,27.749398,7.952258204,High,79,FALSE
7/18/2053,Red Sea,13.69152711,-190.8431383,29.24308458,8.099921238,None,159,FALSE
7/25/2053,Red Sea,13.25371933,-10.60119256,28.48909998,8.01812087,Medium,117,FALSE
8/1/2053,Galápagos,-15.90563001,-159.2120544,29.74435995,8.040253561,Low,167,FALSE
8/8/2053,Red Sea,-1.58204146,26.36204278,30.57690701,8.051916257,Medium,119,TRUE
8/15/2053,Red Sea,-7.339863342,-11.951234,27.56576526,8.015093619,High,122,FALSE
8/22/2053,Hawaiian Islands,14.29444704,141.760283,27.98816979,8.081519944,High,61,FALSE
8/29/2053,Red Sea,16.76074421,-180.2201378,29.64010443,8.047557635,High,117,FALSE
9/5/2053,Galápagos,7.9270094,162.9655938,29.88780629,8.038905362,None,127,FALSE
9/12/2053,Caribbean Sea,-8.400396047,130.158233,25.73618357,7.989451936,None,102,FALSE
9/19/2053,Great Barrier Reef,9.108433288,-347.1105024,28.92493441,8.02298141,None,95,FALSE
9/26/2053,Hawaiian Islands,2.569343422,-138.1293397,28.66170879,8.036781258,Medium,66,TRUE
10/3/2053,Galápagos,29.34826135,-198.2213249,29.1986221,8.097357345,None,171,FALSE
10/10/2053,Caribbean Sea,15.75043337,1.544909195,29.38034245,8.114127767,Low,150,TRUE
10/17/2053,South China Sea,12.03765528,-65.62605254,27.29696699,8.031358557,Low,67,FALSE
10/24/2053,South China Sea,7.277010473,-169.3447843,28.9194054,8.009657709,None,72,FALSE
10/31/2053,Caribbean Sea,20.67862367,-238.5087175,30.32958256,8.099158545,Medium,117,FALSE
11/7/2053,Great Barrier Reef,27.90419712,166.748665,28.08161741,7.954744046,High,127,FALSE
11/14/2053,Caribbean Sea,21.56902807,-0.723549411,27.27907524,8.071859588,None,145,FALSE
11/21/2053,Red Sea,11.34674377,-15.14701609,26.62867292,7.915996997,None,140,TRUE
11/28/2053,Galápagos,7.426610049,-1.390232149,30.40082315,8.093533707,None,57,FALSE
12/5/2053,Red Sea,-4.001772482,124.1541962,26.52724004,8.07781569,Low,150,FALSE
12/12/2053,Galápagos,-1.277171531,110.011419,28.27802575,8.065001262,None,114,FALSE
12/19/2053,Hawaiian Islands,-2.610419394,4.071258397,29.85641959,8.061382331,None,58,TRUE
12/26/2053,Red Sea,-16.88469826,70.55711878,31.49438437,8.061677905,Low,82,FALSE
1/2/2054,Hawaiian Islands,18.79044587,34.88303036,29.08218917,8.172282187,Medium,104,TRUE
1/9/2054,Red Sea,25.31163782,55.4168681,29.16186076,8.01446089,Medium,85,TRUE
1/16/2054,Maldives,7.483845065,-150.65434,26.4649851,7.93316347,Low,83,FALSE
1/23/2054,South China Sea,-4.263193592,-4.336126668,27.42222922,8.036986171,Medium,170,FALSE
1/30/2054,Maldives,18.54181087,31.1154453,29.77743466,7.984020935,None,84,TRUE
2/6/2054,Red Sea,-17.29359344,-13.46883388,27.90047937,8.065809678,None,118,TRUE
2/13/2054,Galápagos,22.68183872,-22.53124075,30.96530913,7.990432369,None,124,FALSE
2/20/2054,Maldives,7.490098406,-168.5698588,26.62424116,8.024139048,Medium,107,FALSE
2/27/2054,Maldives,12.3810325,-112.8788555,28.88483636,8.05275316,None,138,TRUE
3/6/2054,Maldives,13.24417403,108.3835601,32.15024251,7.9674351,High,137,FALSE
3/13/2054,Red Sea,22.00706024,85.51677036,27.66217383,8.086988455,High,88,TRUE
3/20/2054,Great Barrier Reef,39.72560295,98.91875682,29.60463598,7.940612957,Medium,100,TRUE
3/27/2054,Caribbean Sea,13.98151802,216.2413411,28.54918453,8.033691976,High,136,FALSE
4/3/2054,Hawaiian Islands,11.16480493,-34.95344215,28.90738428,8.074156398,High,108,FALSE
4/10/2054,Caribbean Sea,-6.113588239,87.71020014,27.85983803,8.057572208,None,62,FALSE
4/17/2054,Caribbean Sea,-26.81325448,69.04942125,29.64424072,7.988200323,High,66,FALSE
4/24/2054,Red Sea,18.93990569,46.63564114,30.73659826,8.013354337,None,77,FALSE
5/1/2054,Hawaiian Islands,19.657342,-197.9456756,27.1998243,8.024045571,High,76,TRUE
5/8/2054,Galápagos,13.03645681,37.39664369,25.66224021,8.155083738,High,120,TRUE
5/15/2054,Galápagos,-13.91590249,132.3448966,29.31576015,8.118808019,None,121,FALSE
5/22/2054,Caribbean Sea,0.17901219,-65.58671687,25.43534848,8.143168635,None,61,TRUE
5/29/2054,Maldives,-0.09702274,-21.72882745,27.07893126,8.04312161,Low,125,FALSE
6/5/2054,Red Sea,1.725068056,49.01251094,27.70424748,7.983103613,None,59,FALSE
6/12/2054,Hawaiian Islands,16.93629793,109.1673225,29.70892284,8.003727884,None,92,FALSE
6/19/2054,Red Sea,9.493833927,153.4450414,29.53784688,8.076661968,None,126,TRUE
6/26/2054,Maldives,10.67364198,97.89338882,29.3651538,8.027274897,None,136,FALSE
7/3/2054,South China Sea,20.8751498,114.0883356,28.53477663,8.005359686,High,76,FALSE
7/10/2054,Galápagos,-0.540423139,-44.1252119,31.52329327,8.019333236,None,130,FALSE
7/17/2054,Hawaiian Islands,-9.807377305,36.13735138,27.88717114,8.063017841,None,154,FALSE
7/24/2054,South China Sea,-0.825762636,115.9794818,26.02712141,8.015460023,Medium,71,FALSE
7/31/2054,Maldives,11.47946759,135.8891251,27.17554814,8.016415243,None,136,FALSE
8/7/2054,Maldives,31.72165629,161.1156382,28.73723135,8.081825743,Low,112,FALSE
8/14/2054,South China Sea,-1.552131895,110.4032879,30.09228785,7.975697992,None,150,FALSE
8/21/2054,Galápagos,29.09480901,158.4125822,29.65502999,7.996191337,High,143,FALSE
8/28/2054,Caribbean Sea,17.24581902,264.7947135,29.68177969,8.062947858,Medium,95,FALSE
9/4/2054,Great Barrier Reef,9.787088088,63.64658835,29.7076233,8.058274641,None,63,FALSE
9/11/2054,Maldives,-24.5013221,108.811587,28.75841597,8.098602584,Medium,96,FALSE
9/18/2054,Caribbean Sea,-7.464085736,31.68561607,27.87164638,7.986552715,None,161,FALSE
9/25/2054,Caribbean Sea,14.15924495,-100.8083475,25.91164139,7.998410625,Medium,137,FALSE
10/2/2054,Maldives,24.67446936,92.31161549,28.71474523,7.929563863,High,119,FALSE
10/9/2054,South China Sea,24.33352343,-115.3222351,28.77751995,7.979248155,Low,136,FALSE
10/16/2054,Great Barrier Reef,1.298542836,93.35741328,27.03891241,8.032583105,Medium,127,TRUE
10/23/2054,South China Sea,-6.115749636,19.98539558,29.87644939,8.037476857,Medium,115,FALSE
10/30/2054,Great Barrier Reef,18.68077173,84.31670641,29.1093965,7.949764112,High,158,FALSE
11/6/2054,Red Sea,-2.979979572,47.48968114,28.87214844,8.086170581,Low,116,FALSE
11/13/2054,Hawaiian Islands,-0.963071202,-92.58662621,28.09409439,7.95724752,Medium,136,TRUE
11/20/2054,Galápagos,36.19467142,91.12191838,31.61126322,8.051051794,Low,134,TRUE
11/27/2054,Maldives,2.767611659,130.5457378,28.72455048,8.086309312,High,127,FALSE
12/4/2054,Red Sea,-13.00000111,190.9504558,29.74751047,8.108669607,Low,105,TRUE
12/11/2054,Galápagos,3.4917872,-87.40470459,28.1461588,8.08680996,Medium,64,FALSE
12/18/2054,Great Barrier Reef,10.85089421,77.24739542,28.40651216,8.160282097,Medium,144,TRUE
12/25/2054,Red Sea,5.217188279,-20.75246582,29.31257918,8.086835052,Low,79,FALSE
1/1/2055,Hawaiian Islands,19.06190068,-15.40788477,27.65173638,8.030689295,Medium,141,FALSE
1/8/2055,Great Barrier Reef,22.88278541,-105.6961812,29.67478121,8.077549341,Low,112,FALSE
1/15/2055,Hawaiian Islands,-14.47157576,84.49209555,26.73825535,8.05628748,None,100,FALSE
1/22/2055,Great Barrier Reef,9.203101728,144.1237815,27.83098537,8.01121817,None,65,FALSE
1/29/2055,South China Sea,18.24284786,40.04729495,28.30660415,8.038089872,Medium,118,FALSE
2/5/2055,Red Sea,6.570277377,-33.1052785,28.23858598,8.046221554,High,116,TRUE
2/12/2055,Maldives,26.67387932,-90.00223323,28.42831816,8.062294483,High,79,FALSE
2/19/2055,Galápagos,-0.24454867,53.73860986,27.24061401,8.133046346,None,111,FALSE
2/26/2055,Maldives,10.29520281,60.32569504,26.54057623,8.027627584,None,65,FALSE
3/5/2055,Hawaiian Islands,6.137954006,44.69957228,29.62352978,8.135315274,Low,137,FALSE
3/12/2055,Hawaiian Islands,13.16583791,-2.591896999,29.55750867,7.973320387,Medium,113,FALSE
3/19/2055,South China Sea,20.42784624,213.1699562,25.78894163,8.017434579,High,139,TRUE
3/26/2055,Great Barrier Reef,12.5973769,-84.18660087,30.1537153,8.091130905,None,156,FALSE
4/2/2055,Great Barrier Reef,12.72620518,-144.9353745,25.91996889,8.07118518,None,166,FALSE
4/9/2055,Caribbean Sea,4.325921478,107.8111668,28.97778844,8.137892858,Low,61,FALSE
4/16/2055,Caribbean Sea,18.36231164,75.515652,28.04350176,8.016484009,High,80,FALSE
4/23/2055,Maldives,-1.199357939,-92.55486508,30.03778522,8.107109529,None,169,FALSE
4/30/2055,Maldives,5.299974732,2.696942249,27.96701572,8.06332975,Medium,148,TRUE
5/7/2055,Hawaiian Islands,10.06662393,18.70900691,30.75124204,8.01470009,None,77,FALSE
5/14/2055,Galápagos,21.93138426,-252.4729164,27.57703023,8.100700397,Medium,161,TRUE
5/21/2055,Great Barrier Reef,-20.31254581,99.9275696,27.60211361,8.071458642,None,80,FALSE
5/28/2055,Hawaiian Islands,0.730727754,-190.847501,28.38231441,8.136476016,Medium,95,FALSE
6/4/2055,Caribbean Sea,4.660110129,-13.22394569,29.86792302,8.091293178,None,165,FALSE
6/11/2055,Maldives,14.58315312,120.4013968,28.52944092,8.05712658,Low,86,FALSE
6/18/2055,South China Sea,20.39301934,22.01977647,30.33805273,8.114717872,None,131,TRUE
6/25/2055,Galápagos,-0.442850169,-142.4446612,28.88649246,8.094919296,Medium,118,TRUE
7/2/2055,Great Barrier Reef,1.090556712,-128.0912154,28.03401469,8.135439807,High,81,TRUE
7/9/2055,Great Barrier Reef,-14.47232742,-6.420064384,31.66020374,8.069572969,Low,133,TRUE
7/16/2055,Hawaiian Islands,-1.181824149,-4.268927771,28.56657185,8.074354657,Medium,136,FALSE
7/23/2055,Hawaiian Islands,-0.803778417,-2.073770648,28.76591157,8.002310501,High,107,FALSE
7/30/2055,Hawaiian Islands,-1.738273425,-20.62749874,28.10228734,8.071232982,Medium,106,FALSE
8/6/2055,Maldives,34.92195651,56.06817512,28.57794375,8.094871225,None,107,FALSE
8/13/2055,Red Sea,-2.942504215,247.1701371,26.18800253,7.939783266,High,91,FALSE
8/20/2055,Galápagos,-1.639744978,-57.92618078,29.917093,8.09715685,High,64,FALSE
8/27/2055,Galápagos,22.3254067,-21.18636026,29.98149886,8.047756984,Low,76,FALSE
9/3/2055,Great Barrier Reef,-7.538617461,108.0046056,26.08443979,8.076043643,Medium,76,FALSE
9/10/2055,Great Barrier Reef,-2.588171869,69.94115069,29.90704841,8.078358683,High,99,FALSE
9/17/2055,South China Sea,33.57756654,-106.2389813,26.91132339,8.03091953,Medium,168,TRUE
9/24/2055,Caribbean Sea,5.896110562,291.0118716,29.08129659,8.093540326,Low,92,FALSE
10/1/2055,Red Sea,-9.981412704,-153.3691612,29.87497861,8.091158254,None,119,FALSE
10/8/2055,Caribbean Sea,-16.60396403,303.7943541,28.79826126,8.065055898,None,85,FALSE
10/15/2055,South China Sea,-0.147899468,-26.85993991,27.28489229,8.049096565,High,97,FALSE
10/22/2055,Maldives,-0.223813054,44.294416,29.68927268,7.974977266,None,99,FALSE
10/29/2055,Hawaiian Islands,2.218748559,-82.52342996,27.41742854,7.997128328,Low,155,FALSE
11/5/2055,Maldives,1.732178064,-105.5639601,25.58217127,8.090155109,Medium,146,FALSE
11/12/2055,Great Barrier Reef,18.74999686,-18.38965333,28.92105887,8.112881528,Medium,101,FALSE
11/19/2055,Red Sea,13.62748408,239.6631315,30.47952272,8.095906988,Low,149,FALSE
11/26/2055,Red Sea,11.6366861,28.30498007,27.90097379,8.036984054,Low,168,FALSE
12/3/2055,Galápagos,10.14357811,87.93705365,27.50890277,8.066211086,High,67,FALSE
12/10/2055,Hawaiian Islands,-3.087637977,56.94806025,28.8918086,8.115163702,High,122,FALSE
12/17/2055,South China Sea,9.045823502,238.1669881,29.20523553,8.066955872,High,61,FALSE
12/24/2055,South China Sea,12.87012234,33.1437984,29.97626161,8.083482685,Medium,112,TRUE
12/31/2055,Maldives,5.33645691,-114.7250041,26.26837513,8.050553632,Low,119,FALSE
1/7/2056,Maldives,4.933259626,133.0300962,29.32866677,8.072052609,None,118,TRUE
1/14/2056,Hawaiian Islands,23.42978722,167.8640886,30.35485961,8.093696514,High,119,FALSE
1/21/2056,Hawaiian Islands,10.15093988,-17.42996159,31.58974883,7.957930321,Medium,120,FALSE
1/28/2056,Great Barrier Reef,29.19622235,18.22136047,28.31169861,8.014515814,None,137,FALSE
2/4/2056,Great Barrier Reef,8.131579457,97.48675799,31.02486303,8.051348723,Medium,93,FALSE
2/11/2056,Galápagos,21.69370717,-65.01796406,30.05997411,7.949726967,High,107,TRUE
2/18/2056,Red Sea,-13.44670455,-105.3756717,30.74589772,8.014341334,None,121,FALSE
2/25/2056,Hawaiian Islands,3.048334464,8.135375868,26.53171349,8.019055049,Low,149,FALSE
3/3/2056,Great Barrier Reef,-13.97590758,-101.3001403,28.94019352,8.097104669,High,99,TRUE
3/10/2056,Great Barrier Reef,0.485817831,-21.6097264,26.68952786,8.092152831,Medium,75,FALSE
3/17/2056,Maldives,-4.977266738,6.617456934,28.22805799,8.133185703,None,74,TRUE
3/24/2056,Great Barrier Reef,1.798163488,-125.5311651,28.70437368,7.986816696,Medium,102,FALSE
3/31/2056,Great Barrier Reef,27.44777065,-49.99957903,29.57293446,8.071227693,High,167,FALSE
4/7/2056,Red Sea,11.66583365,41.23201112,29.74466014,8.046523367,Medium,59,FALSE
4/14/2056,South China Sea,19.11262561,91.74812085,25.91625608,8.088483841,Medium,80,FALSE
4/21/2056,Galápagos,19.39514947,-16.87009367,28.47018352,8.040046616,None,168,FALSE
4/28/2056,Maldives,5.980465972,-30.90712845,28.60821822,8.020607426,None,66,FALSE
5/5/2056,Great Barrier Reef,1.246102296,-34.18908624,27.17151903,8.108187289,None,74,TRUE
5/12/2056,Great Barrier Reef,11.52105395,142.0040712,30.22068463,7.969173741,Medium,125,FALSE
5/19/2056,Hawaiian Islands,-4.750630816,-12.21155803,28.45244863,8.125031343,None,103,FALSE
5/26/2056,Red Sea,9.995540681,-55.47358958,27.15873614,8.078534423,Medium,94,FALSE
6/2/2056,Hawaiian Islands,-11.43854781,112.761545,27.5897087,8.045662407,High,73,FALSE
6/9/2056,Red Sea,-12.58414449,147.4711853,28.91466982,8.040913716,Low,80,FALSE
6/16/2056,Great Barrier Reef,9.067772629,224.8683004,27.47716632,8.037117126,Medium,121,FALSE
6/23/2056,Great Barrier Reef,14.40928058,-171.039423,27.56977355,8.100970675,High,171,FALSE
6/30/2056,Red Sea,20.33094052,-113.9120849,28.34005781,8.001079132,High,77,FALSE
7/7/2056,Maldives,-8.512159539,101.0283965,29.69660114,8.052523187,Low,162,FALSE
7/14/2056,Galápagos,20.0119592,-88.01108684,27.85894035,8.059573957,None,61,FALSE
7/21/2056,Galápagos,3.198041862,-17.79155286,26.95963888,8.03607258,High,134,TRUE
7/28/2056,Galápagos,17.11784011,4.042403931,27.25248126,7.913777661,Low,111,FALSE
8/4/2056,Galápagos,-3.322101797,-98.89233641,27.309172,7.920949759,Medium,171,FALSE
8/11/2056,Maldives,19.4781959,108.1741179,29.03286665,7.940832312,None,118,TRUE
8/18/2056,Great Barrier Reef,11.63809493,-13.25575521,26.74142308,8.210109449,Low,128,FALSE
8/25/2056,Great Barrier Reef,0.166585042,14.81289689,29.80097692,8.117750745,None,140,FALSE
9/1/2056,Great Barrier Reef,2.915936841,121.9742063,29.70130943,8.10370416,None,146,FALSE
9/8/2056,Great Barrier Reef,1.74316728,86.81790774,30.21070721,8.006848521,None,139,FALSE
9/15/2056,Great Barrier Reef,15.18535176,98.29709692,27.32797681,8.084557218,Medium,135,FALSE
9/22/2056,Red Sea,11.13545916,143.4494136,28.06662892,8.034129702,None,62,FALSE
9/29/2056,South China Sea,22.81748646,-77.63490476,26.59636048,8.023747994,High,71,FALSE
10/6/2056,Red Sea,20.8971253,-118.8525194,27.81631811,8.122987917,None,96,FALSE
10/13/2056,Red Sea,14.74512581,103.1465372,27.77023927,7.998598716,High,62,FALSE
10/20/2056,Caribbean Sea,23.82585005,-92.7174193,27.7364827,8.060904069,Medium,148,FALSE
10/27/2056,South China Sea,17.1506763,-59.42644842,28.21407077,8.145032215,Medium,120,FALSE
11/3/2056,South China Sea,-6.726308476,118.2702217,28.3736279,8.090345619,None,160,TRUE
11/10/2056,Red Sea,3.227923016,49.07399214,30.98711256,8.077303642,None,161,FALSE
11/17/2056,Great Barrier Reef,12.00247494,329.7813782,27.94307544,8.079017759,Medium,142,FALSE
11/24/2056,South China Sea,21.38381376,91.44352169,29.6285171,7.888286368,None,129,FALSE
12/1/2056,Red Sea,-13.04496564,90.12298753,29.82664069,8.090400682,Low,92,FALSE
12/8/2056,Caribbean Sea,-14.31821616,-126.2275092,27.27067215,8.00393411,Low,56,FALSE
12/15/2056,Caribbean Sea,9.491991402,94.37096529,27.16132947,8.016926088,None,116,FALSE
12/22/2056,Maldives,-9.964357125,1.226455105,28.1683746,8.008348328,Low,116,FALSE
12/29/2056,Maldives,9.315364119,-63.05090947,29.04392638,8.032251941,Low,68,FALSE
1/5/2057,Caribbean Sea,18.55173576,-98.35242274,29.04562857,8.006266661,None,100,FALSE
1/12/2057,Red Sea,17.40163863,-29.33119303,28.62969686,8.102937226,Low,167,FALSE
1/19/2057,Galápagos,-0.975494794,8.253881865,29.54352494,7.968035035,Medium,60,TRUE
1/26/2057,Red Sea,0.947518201,-74.50010351,26.36801789,8.034699559,None,125,FALSE
2/2/2057,Great Barrier Reef,10.23267001,-14.30688236,28.62201295,8.156344501,Medium,75,TRUE
2/9/2057,Great Barrier Reef,6.248155125,232.5456116,26.80990238,8.079479724,High,113,FALSE
2/16/2057,Maldives,32.33720233,16.04005892,25.32132746,8.121626729,None,136,FALSE
2/23/2057,Galápagos,-17.28259584,-41.41011909,28.91807287,7.999975547,None,153,TRUE
3/2/2057,South China Sea,-2.73949568,324.5390158,28.3450423,7.960595665,Medium,103,FALSE
3/9/2057,Galápagos,7.25657437,192.5771376,31.56056624,8.057930699,High,78,FALSE
3/16/2057,Great Barrier Reef,2.722045564,11.00770338,25.32354946,8.009357376,High,94,FALSE
3/23/2057,Caribbean Sea,10.85516083,103.8201072,28.59743062,8.011602718,Medium,130,FALSE
3/30/2057,Galápagos,13.05732424,-125.6004418,27.43995835,8.098712317,None,140,TRUE
4/6/2057,Red Sea,25.90151758,59.79970226,29.21472952,8.066971936,Medium,167,TRUE
4/13/2057,Hawaiian Islands,35.77780154,25.59739909,30.11318843,8.023885184,High,166,FALSE
4/20/2057,Red Sea,0.154467144,-57.18854791,27.80177885,8.025310819,High,90,FALSE
4/27/2057,Hawaiian Islands,14.03736236,56.63914624,27.29886328,7.996848265,None,170,FALSE
5/4/2057,Hawaiian Islands,-21.23859168,-28.87735854,29.09387939,7.999429605,None,101,FALSE
5/11/2057,Caribbean Sea,-6.57614684,340.8136742,27.69741002,7.971538928,High,165,FALSE
5/18/2057,Red Sea,22.34647185,201.1047646,26.5025373,7.967340388,None,113,FALSE
5/25/2057,Hawaiian Islands,-4.232263861,-82.74979239,27.88373942,8.099722959,None,113,TRUE
6/1/2057,Hawaiian Islands,11.67004148,153.0754425,29.06092565,8.072344509,None,147,FALSE
6/8/2057,Hawaiian Islands,7.842906929,-10.79060497,28.61674918,8.048477904,None,159,FALSE
6/15/2057,Red Sea,10.68332401,21.62457279,26.30487983,7.942124046,High,114,FALSE
6/22/2057,Caribbean Sea,-6.689650137,-31.39625995,27.78567786,8.082631818,High,82,FALSE
6/29/2057,Maldives,-24.78900934,-149.6051404,29.08672174,8.014870461,Low,159,FALSE
7/6/2057,Hawaiian Islands,-2.839911784,163.0184681,28.29427423,8.095804531,Low,101,FALSE
7/13/2057,Red Sea,10.0387666,-107.7996371,26.39934503,7.882118603,Medium,129,FALSE
7/20/2057,Hawaiian Islands,-11.79114905,-90.7948598,32.24465408,8.09047926,None,106,FALSE
7/27/2057,Maldives,33.72607553,24.43915264,26.65644786,8.040639273,Medium,81,FALSE
8/3/2057,Hawaiian Islands,-0.14735309,7.213460307,25.99237299,8.111460048,High,94,FALSE
8/10/2057,Galápagos,16.79141892,56.84723836,28.71353678,8.070922319,Low,163,FALSE
8/17/2057,Maldives,-9.618734278,107.6638864,28.55660189,8.040669222,Low,73,TRUE
8/24/2057,Maldives,6.521180849,154.3548215,27.18542936,8.074638119,None,152,FALSE
8/31/2057,Maldives,1.149153656,-44.49004272,29.34963206,8.133190266,Low,134,FALSE
9/7/2057,Red Sea,-16.71270653,142.1614347,26.73266288,7.997323905,High,70,FALSE
9/14/2057,Caribbean Sea,0.653761871,80.97159357,26.95190369,8.044731921,None,66,FALSE
9/21/2057,Caribbean Sea,8.478511409,-200.5700615,30.50545593,8.089428147,High,54,FALSE
9/28/2057,Caribbean Sea,11.06385162,186.4961194,30.43760312,8.114939616,High,92,FALSE
10/5/2057,Great Barrier Reef,4.906474196,-14.96373502,28.50258876,7.997389468,Low,159,FALSE
10/12/2057,Red Sea,-42.74356716,70.25567848,26.80121826,8.03550619,High,130,FALSE
10/19/2057,Galápagos,5.329582041,1.509544997,30.33403365,8.110114603,None,166,FALSE
10/26/2057,Caribbean Sea,-4.193348271,-16.38831762,28.86302198,8.084944175,Low,70,FALSE
11/2/2057,Caribbean Sea,12.01619429,226.2944198,28.32193678,8.042697404,Medium,132,FALSE
11/9/2057,Caribbean Sea,31.34202616,14.11872611,29.64325224,8.027155708,Medium,139,FALSE
11/16/2057,Red Sea,-18.10136219,134.2202805,26.51892252,8.06201882,None,99,FALSE
11/23/2057,Red Sea,-4.513015037,51.77741032,29.34266431,8.02068041,Low,106,FALSE
11/30/2057,Maldives,3.141703404,69.10739978,28.70645541,8.115603951,Medium,78,FALSE
12/7/2057,South China Sea,17.58684427,71.22855589,32.40975862,8.076686513,None,100,FALSE
12/14/2057,South China Sea,3.666820645,-180.0422545,29.04636378,8.081672425,Medium,62,FALSE
12/21/2057,Maldives,23.48965845,-119.1813657,25.65740369,7.981265438,Medium,166,FALSE
12/28/2057,Great Barrier Reef,-3.055442978,-77.6005234,28.01902945,8.071626618,Medium,81,FALSE
1/4/2058,Caribbean Sea,-1.20021066,-80.1704412,28.8091042,7.89200342,None,97,TRUE
1/11/2058,Maldives,23.07452407,10.92882995,26.28214525,8.009085115,None,88,FALSE
1/18/2058,South China Sea,0.528858164,-43.04964717,28.27926265,8.081892338,None,145,FALSE
1/25/2058,South China Sea,3.712083523,-74.43428194,29.49738974,8.02902535,None,137,FALSE
2/1/2058,Maldives,-23.6687565,-25.02485877,28.1632399,7.981027784,High,119,FALSE
2/8/2058,Caribbean Sea,15.89477074,272.7619628,27.61231786,8.059402532,Low,166,FALSE
2/15/2058,Red Sea,22.03905754,91.11608205,28.44476911,8.063363605,None,152,FALSE
2/22/2058,Maldives,2.469663575,-10.83698908,28.02507132,8.011757178,Low,121,FALSE
3/1/2058,Caribbean Sea,-12.93254509,118.9906061,25.58241101,7.994669877,High,54,TRUE
3/8/2058,Caribbean Sea,-3.414673364,52.58283287,26.8549827,8.067992849,Low,55,FALSE
3/15/2058,Hawaiian Islands,10.73604638,-153.6888692,28.72413708,8.091391767,High,144,FALSE
3/22/2058,Hawaiian Islands,30.65548117,-3.55249492,30.48265431,7.959427386,Low,108,FALSE
3/29/2058,Red Sea,1.163589117,122.6785234,27.36966398,8.073552831,None,117,FALSE
4/5/2058,Red Sea,25.75409095,157.8798804,28.04422246,8.053164392,Medium,117,FALSE
4/12/2058,Galápagos,7.23979192,-60.1981322,28.66302848,8.005365471,High,105,TRUE
4/19/2058,Red Sea,18.53342318,-8.303008612,27.39700737,8.018176985,High,165,FALSE
4/26/2058,Red Sea,0.152587348,151.840482,28.94517343,8.051171125,High,135,FALSE
5/3/2058,Galápagos,5.65573218,57.57410913,30.77533122,8.155621202,Low,88,FALSE
5/10/2058,South China Sea,15.67615294,8.69714084,24.89467436,8.088878808,High,110,FALSE
5/17/2058,Red Sea,-11.25628958,-35.93473259,27.44884278,8.040117405,None,138,FALSE
5/24/2058,Red Sea,11.53699635,127.7819772,28.28919546,8.090061977,Medium,141,FALSE
5/31/2058,Caribbean Sea,8.873606409,-9.448675292,26.86225684,8.077330092,None,116,FALSE
6/7/2058,Red Sea,-8.647118357,116.1854412,29.91216795,8.027779379,None,129,FALSE
6/14/2058,Red Sea,21.93898755,187.3813664,27.45554858,8.050725976,Medium,127,FALSE
6/21/2058,Caribbean Sea,-13.45783672,60.50718667,29.21295552,7.988708842,Low,153,FALSE
6/28/2058,Red Sea,13.13038486,94.36601744,30.72690838,8.002743427,High,81,FALSE
7/5/2058,Caribbean Sea,-6.984868734,34.09734266,28.75556294,8.096325861,Medium,130,FALSE
7/12/2058,Maldives,17.27591881,-139.842414,26.38381404,8.195383071,Low,118,FALSE
7/19/2058,Hawaiian Islands,0.28403058,45.62437022,30.26890588,8.05163959,None,107,FALSE
7/26/2058,Caribbean Sea,-5.69292955,1.433704862,28.43634884,8.064148667,None,55,FALSE
8/2/2058,Caribbean Sea,-17.41924049,-30.38282799,30.78734162,8.019610417,None,105,FALSE
8/9/2058,Caribbean Sea,33.52728228,77.8134626,28.65861208,8.010548439,None,128,FALSE
8/16/2058,Caribbean Sea,25.92267853,-90.82560906,26.32302215,7.968723935,Low,67,FALSE
8/23/2058,Great Barrier Reef,-3.638952884,-95.85226141,28.33658682,8.036983099,Medium,164,FALSE
8/30/2058,Hawaiian Islands,-5.580615348,93.13133452,28.16632168,8.012596012,High,84,FALSE
9/6/2058,Great Barrier Reef,-16.96593805,51.45797307,28.51661987,8.101667495,High,166,FALSE
9/13/2058,South China Sea,15.46224104,-101.8119807,31.9380059,7.991792036,Medium,142,FALSE
9/20/2058,Red Sea,7.125843424,151.6609045,30.07049601,8.04328775,None,135,FALSE
9/27/2058,Red Sea,17.84033952,-86.04989924,27.75792772,8.227038777,Medium,153,FALSE
10/4/2058,Red Sea,-3.950242776,-31.41962028,25.83575472,8.03153256,None,77,FALSE
10/11/2058,South China Sea,-2.519058407,-125.7630453,28.50642298,7.959266096,Medium,90,FALSE
10/18/2058,Great Barrier Reef,2.42135652,34.08581288,26.50747834,8.018700852,Low,155,TRUE
10/25/2058,Galápagos,-0.222825437,-100.0674657,28.61977262,7.969671078,None,125,FALSE
11/1/2058,Hawaiian Islands,20.41028987,120.2253093,28.04361914,8.012128938,None,159,FALSE
11/8/2058,Red Sea,3.876523081,-25.51381795,29.12406263,8.083980091,High,150,FALSE
11/15/2058,Red Sea,-7.626779808,-107.9628855,30.50084053,8.020224232,Low,94,FALSE
11/22/2058,South China Sea,10.06890568,140.1723055,30.00361524,8.032160201,Medium,55,FALSE
11/29/2058,Hawaiian Islands,9.328380558,3.703771965,26.17984367,7.974098028,High,100,FALSE
12/6/2058,South China Sea,17.9698159,-22.23879212,29.54085942,8.093172628,Low,83,FALSE
12/13/2058,Great Barrier Reef,-7.38707414,-82.45541872,25.69439961,8.101224719,None,149,FALSE
12/20/2058,South China Sea,-17.83474191,-50.81201569,26.96741108,8.113060017,Low,59,FALSE
12/27/2058,Galápagos,24.75240475,-23.19037609,26.75594167,7.954522607,High,154,FALSE
1/3/2059,South China Sea,10.29615475,151.5217084,27.31669653,7.949377932,None,131,FALSE
1/10/2059,South China Sea,12.12944477,144.5547449,28.61254168,8.007214711,None,135,FALSE
1/17/2059,Caribbean Sea,5.946452912,-149.1411601,30.14409206,8.024928034,None,56,TRUE
1/24/2059,Great Barrier Reef,9.206113889,59.29545923,31.15354908,7.953768041,Medium,152,FALSE
1/31/2059,Red Sea,-4.401874345,27.88657085,29.71307,8.081428091,High,70,TRUE
2/7/2059,Maldives,1.206957212,-26.64358358,27.84895376,7.993699946,None,133,TRUE
2/14/2059,Hawaiian Islands,-12.81091005,113.4884352,27.70698949,8.004921874,None,86,FALSE
2/21/2059,Galápagos,29.72066205,-7.032028388,28.00565754,8.108412866,Low,64,FALSE
2/28/2059,Red Sea,-4.815526469,-68.90413624,28.11911991,7.947658897,High,115,FALSE
3/7/2059,Maldives,26.92824909,69.10238768,28.82460735,7.906753792,None,122,FALSE
3/14/2059,Maldives,16.63241061,259.1593879,27.7328271,7.992932018,None,160,TRUE
3/21/2059,Hawaiian Islands,4.110432392,-42.86432468,27.84639884,8.080869069,Medium,83,FALSE
3/28/2059,South China Sea,15.49748782,-46.98903044,28.9156586,7.9870892,High,60,FALSE
4/4/2059,Hawaiian Islands,-6.230506512,-65.17005853,30.27259694,8.064686795,Low,96,FALSE
4/11/2059,Maldives,14.98986443,-89.4653861,31.4463681,8.121264759,High,124,TRUE
4/18/2059,Great Barrier Reef,20.49080776,89.95375834,26.67542137,8.024532794,None,102,TRUE
4/25/2059,Galápagos,31.03859944,-65.37222411,29.04250749,8.016234247,Low,139,FALSE
5/2/2059,Caribbean Sea,11.67219845,151.9156169,28.41689414,8.046640665,High,129,FALSE
5/9/2059,Maldives,34.95336809,52.59384284,27.31643029,8.134292226,Medium,75,FALSE
5/16/2059,South China Sea,-7.671705014,-46.47235383,30.48091399,8.132804812,High,170,FALSE
5/23/2059,South China Sea,4.567338416,-147.522564,29.09561803,8.041695483,Low,162,TRUE
5/30/2059,South China Sea,9.858656935,5.277238735,26.14769055,8.050058626,High,69,FALSE
6/6/2059,Maldives,-0.462838828,-122.0822268,29.64485436,8.021043822,High,131,FALSE
6/13/2059,Hawaiian Islands,22.30591333,20.83250853,27.34022928,7.886781757,None,146,FALSE
6/20/2059,Caribbean Sea,-18.51283498,-23.63499217,26.80849494,8.023185206,Medium,96,FALSE
6/27/2059,Hawaiian Islands,-8.45485139,276.4556596,29.30777776,8.036746097,None,129,FALSE
7/4/2059,South China Sea,-18.68777294,-85.50243589,29.45409761,8.08283618,High,117,FALSE
7/11/2059,Red Sea,-9.823647203,-142.9332882,30.7178493,7.973530197,Medium,162,FALSE
7/18/2059,Galápagos,8.229505246,37.60927573,27.62100557,7.948021121,Low,168,FALSE
7/25/2059,Maldives,6.915482045,-110.2520424,28.35987244,8.180062431,Medium,99,TRUE
8/1/2059,Great Barrier Reef,-6.869684901,-71.81475898,27.21458561,7.994379047,High,98,FALSE
8/8/2059,Galápagos,-7.83398552,-189.8924599,27.55852809,8.042872207,None,72,FALSE
8/15/2059,Red Sea,15.26620982,11.85443842,28.63218791,8.061559801,High,66,TRUE
8/22/2059,Maldives,17.08006922,285.1353138,30.61973677,8.022731803,High,140,FALSE
8/29/2059,Galápagos,37.63819158,12.04835699,28.45324883,8.105678775,None,99,FALSE
9/5/2059,Hawaiian Islands,-9.651786868,48.70098128,30.54594453,8.043737526,High,113,FALSE
9/12/2059,Red Sea,9.483149188,86.1565266,28.31029092,7.965057648,Medium,59,FALSE
9/19/2059,Hawaiian Islands,26.6899495,-4.715343064,30.87536835,8.096540519,Low,125,FALSE
9/26/2059,Galápagos,-5.127504173,-151.8744773,30.5199426,7.966455644,None,74,FALSE
10/3/2059,Maldives,13.28184881,41.15868836,27.0859987,8.001926223,Medium,92,FALSE
10/10/2059,Great Barrier Reef,1.75735147,-190.410311,30.24088915,8.020432589,Medium,157,FALSE
10/17/2059,Galápagos,22.8857426,-92.3630221,29.11141445,8.075373893,Medium,127,FALSE
10/24/2059,Caribbean Sea,17.85858029,137.3266821,28.54439267,8.036795966,Low,81,TRUE
10/31/2059,South China Sea,16.79073908,174.2861384,30.83731133,8.09063664,Medium,88,FALSE
11/7/2059,Hawaiian Islands,9.458533619,-69.37655188,29.47904268,8.059366783,High,94,FALSE
11/14/2059,Maldives,1.782004263,277.2987285,29.87694581,8.113302133,High,80,FALSE
11/21/2059,South China Sea,-7.666994045,223.274743,26.60896923,8.081488542,Medium,67,TRUE
11/28/2059,Caribbean Sea,5.643983642,-95.55082179,31.35653067,8.132716381,Medium,70,FALSE
12/5/2059,Hawaiian Islands,-6.581056729,-287.1489339,28.15327555,8.106989155,High,146,FALSE
12/12/2059,Galápagos,33.12784679,66.96082022,29.62262356,8.064018908,High,165,FALSE
12/19/2059,Hawaiian Islands,17.18002069,68.76453454,25.95914981,7.9896586,Medium,139,TRUE
12/26/2059,Caribbean Sea,-2.509063925,141.8208002,29.0455591,8.18108411,Medium,160,FALSE
1/2/2060,South China Sea,-13.44558757,260.7082757,30.23002589,8.044117852,High,99,FALSE
1/9/2060,Caribbean Sea,19.44885729,180.0039303,28.39541104,8.065767414,Medium,102,FALSE
1/16/2060,Great Barrier Reef,-0.549749189,189.4594705,27.88007255,8.087929463,Low,55,FALSE
1/23/2060,Maldives,-5.006083861,73.60258599,26.11993082,8.061061536,Medium,119,FALSE
1/30/2060,Red Sea,-14.20297138,-35.73724761,28.68965836,8.027737797,High,154,FALSE
2/6/2060,Galápagos,-4.015553784,88.32453978,26.54560531,8.005102015,Low,71,FALSE
2/13/2060,Maldives,-0.461583602,-77.26977797,30.85826975,7.93108559,Medium,67,FALSE
2/20/2060,Red Sea,5.054363638,162.9072181,27.68850712,8.133170263,None,113,TRUE
2/27/2060,Caribbean Sea,8.518512461,33.15588054,28.72954428,8.007438887,None,95,FALSE
3/5/2060,Red Sea,7.274545714,72.30665869,27.88681424,8.062376951,High,129,FALSE
3/12/2060,Great Barrier Reef,9.333817309,85.35565509,28.68835586,8.118121134,Low,158,FALSE
3/19/2060,Hawaiian Islands,33.87077465,-98.94973451,28.39106973,8.0486149,Low,146,FALSE
3/26/2060,Red Sea,11.65743786,-204.149653,30.24313995,7.997269412,Medium,169,TRUE
4/2/2060,Galápagos,3.033849816,-53.02744257,28.68232516,8.09604109,High,150,FALSE
4/9/2060,South China Sea,22.53866383,-67.52786902,26.94366011,8.120254806,Medium,65,FALSE
4/16/2060,South China Sea,3.439130721,83.26551126,27.62922422,8.076503118,None,105,FALSE
4/23/2060,South China Sea,10.44856331,72.76083716,31.5689278,8.012221198,None,73,FALSE
4/30/2060,Hawaiian Islands,2.509555301,-42.15031823,25.47760571,8.096772372,High,103,FALSE
5/7/2060,Maldives,14.00686857,21.00420436,28.45080443,8.023466882,Medium,102,FALSE
5/14/2060,Galápagos,18.86772593,18.53328102,27.0227887,8.029309491,None,140,FALSE
5/21/2060,Red Sea,2.350361659,54.83081021,30.10674733,8.128211839,Medium,145,FALSE
5/28/2060,Hawaiian Islands,0.792245356,-45.95354403,29.99684826,8.107671075,None,155,FALSE
6/4/2060,Galápagos,6.563691095,113.465752,28.50577635,8.054227643,High,81,FALSE
6/11/2060,Red Sea,12.38644051,-93.09965341,30.7083319,7.98928433,Medium,67,FALSE
6/18/2060,Great Barrier Reef,27.85357198,198.4289503,27.33381591,8.07554465,Medium,127,FALSE
6/25/2060,Galápagos,4.557084651,60.53446186,29.23227222,8.046388673,Low,166,FALSE
7/2/2060,Hawaiian Islands,28.37479469,-1.489429577,30.11444537,8.026595879,Medium,110,FALSE
7/9/2060,Caribbean Sea,14.24742931,0.149090636,28.27298114,7.882513679,Medium,161,FALSE
7/16/2060,Maldives,-11.65228381,106.1566696,29.39766536,8.130136951,Medium,57,FALSE
7/23/2060,Galápagos,18.7495669,141.0030677,29.1928502,8.167507249,None,54,FALSE
7/30/2060,Caribbean Sea,40.50763851,-65.42934056,29.35349759,8.037661859,Low,125,FALSE
8/6/2060,Red Sea,20.84768325,-118.8734921,29.12523675,7.957588597,High,65,FALSE
8/13/2060,Great Barrier Reef,22.55185496,82.98357206,26.31814383,8.050509641,None,123,FALSE
8/20/2060,Great Barrier Reef,15.22524609,-91.46521407,26.43694545,8.014336631,High,170,FALSE
8/27/2060,South China Sea,29.96780241,172.3229935,29.17988912,8.017693592,Medium,89,FALSE
9/3/2060,Maldives,1.074341759,82.32725568,27.25780575,8.039325763,None,136,FALSE
9/10/2060,Hawaiian Islands,7.586876856,113.5012994,28.44574773,8.099515567,High,120,FALSE
9/17/2060,Maldives,22.40002928,88.06034339,29.80360119,8.018250422,Low,131,FALSE
9/24/2060,Great Barrier Reef,-4.899577813,162.943393,27.51698895,8.0805546,High,98,TRUE
10/1/2060,Galápagos,4.86992233,-15.45061103,27.04532525,8.04629381,None,145,FALSE
10/8/2060,Caribbean Sea,10.79999233,237.9480185,29.81574523,8.084401563,High,118,FALSE
10/15/2060,Maldives,-12.31381174,-59.76651479,27.72526817,8.100661327,High,154,FALSE
10/22/2060,Galápagos,-9.263960706,12.85795386,27.59031359,8.056431857,Medium,143,FALSE
10/29/2060,Maldives,24.60914615,96.65372874,28.37208702,8.047138479,None,88,FALSE
11/5/2060,Caribbean Sea,1.828583377,-4.149181254,29.19796081,7.973571868,None,108,FALSE
11/12/2060,Caribbean Sea,16.95571091,-138.6375285,27.8451681,8.089033105,High,161,TRUE
11/19/2060,Maldives,11.38488917,21.92349782,28.64293074,8.019179271,High,73,FALSE
11/26/2060,South China Sea,-5.097852774,83.66372592,27.66194821,8.058628536,Medium,57,FALSE
12/3/2060,Red Sea,0.880303532,-24.26868057,27.53324835,8.039802113,Low,122,FALSE
12/10/2060,South China Sea,7.45734111,-13.4250583,28.12003778,8.035102298,High,118,FALSE
12/17/2060,Maldives,33.38026104,116.8216671,27.61152143,8.093182218,Low,95,TRUE
12/24/2060,Hawaiian Islands,17.04541619,28.39985968,30.35432483,8.032170103,High,110,FALSE
12/31/2060,Hawaiian Islands,11.50231009,13.33588637,31.39564551,8.031523008,Low,165,FALSE
1/7/2061,Galápagos,31.30371792,256.1080644,28.90852921,8.000093093,Medium,129,FALSE
1/14/2061,Caribbean Sea,15.95175424,-77.49259422,25.11891309,8.140493543,Low,169,FALSE
1/21/2061,Hawaiian Islands,-14.12446172,41.72361619,28.05039873,8.01595707,High,122,TRUE
1/28/2061,South China Sea,25.87870755,-28.40519352,27.49408519,8.086115599,High,169,FALSE
2/4/2061,Hawaiian Islands,5.001530645,28.35270395,26.71626063,8.093576175,High,167,FALSE
2/11/2061,Maldives,35.68521075,-111.5222851,28.40046283,7.986069581,None,95,TRUE
2/18/2061,Caribbean Sea,21.84359618,-257.4478505,28.82916143,8.009594681,Medium,113,FALSE
2/25/2061,South China Sea,-14.04401221,-31.7504144,30.17634487,8.164598183,None,109,FALSE
3/4/2061,Red Sea,-0.867556872,31.5503613,27.20233813,8.016628065,None,111,FALSE
3/11/2061,Maldives,2.110844909,-136.7355071,27.85886663,8.081944579,Low,144,FALSE
3/18/2061,Galápagos,18.43724537,115.5681757,28.46413211,8.017168562,None,141,FALSE
3/25/2061,Red Sea,4.573036373,-47.60933236,31.41055267,8.037718827,None,64,FALSE
4/1/2061,Caribbean Sea,1.352698922,110.3545056,26.56109998,8.102685423,None,147,FALSE
4/8/2061,Great Barrier Reef,0.763149494,90.18551781,30.12669906,8.049831682,Low,98,FALSE
4/15/2061,Maldives,9.221272583,-88.77893951,29.33625011,8.064551146,High,171,TRUE
4/22/2061,South China Sea,7.33986033,-26.13215187,28.43344364,8.088288595,High,133,FALSE
4/29/2061,South China Sea,24.33391316,-77.31020625,29.70353645,7.962416484,Medium,90,FALSE
5/6/2061,South China Sea,6.152904697,-25.432956,28.69618199,7.9522194,None,144,FALSE
5/13/2061,Maldives,-16.41149312,12.88356903,30.84221599,8.114967471,None,117,FALSE
5/20/2061,Hawaiian Islands,6.198780818,174.1945898,26.55013822,8.005536961,High,89,FALSE
5/27/2061,Maldives,-20.45408879,-104.1605623,29.35106989,7.980891536,Medium,139,FALSE
6/3/2061,South China Sea,25.5526276,-99.87420851,28.13844607,8.027358963,None,155,FALSE
6/10/2061,Maldives,3.155635655,-55.46110098,29.27419951,8.063717913,Medium,139,FALSE
6/17/2061,Maldives,11.49898747,70.30757428,28.26347268,7.984109344,High,119,TRUE
6/24/2061,Caribbean Sea,-4.038992274,-99.71223367,28.05920986,8.025374624,None,120,FALSE
7/1/2061,Red Sea,-3.531248503,-17.68642421,32.23753674,8.028737142,None,134,FALSE
7/8/2061,Maldives,9.411692188,-6.661997087,27.47034004,7.948078036,High,119,TRUE
7/15/2061,Hawaiian Islands,-2.53995442,-67.15003684,26.56946798,8.047187539,Medium,141,FALSE
7/22/2061,South China Sea,29.61289014,135.6553961,28.37728667,8.041195,Medium,54,FALSE
7/29/2061,Hawaiian Islands,11.93828006,-65.96262906,30.41831031,8.063096029,None,116,FALSE
8/5/2061,Maldives,18.44287181,51.52684313,27.45493952,8.004878354,Medium,138,FALSE
8/12/2061,South China Sea,26.41627668,-19.72341055,26.15481689,8.051474201,Medium,116,FALSE
8/19/2061,Great Barrier Reef,-16.21679998,21.50743023,28.11997513,8.127279587,Low,56,FALSE
8/26/2061,Caribbean Sea,7.51946132,91.56677378,29.05612498,8.158299389,None,160,FALSE
9/2/2061,Red Sea,-3.140927301,-68.7462282,27.67105064,8.011425749,Medium,147,FALSE
9/9/2061,South China Sea,-3.28625431,37.12853534,28.86557206,7.969228204,None,122,TRUE
9/16/2061,Maldives,2.801239802,205.4632611,30.26677274,8.2022759,High,84,FALSE
9/23/2061,South China Sea,11.3200452,29.71668351,26.25749357,8.040178808,Medium,96,FALSE
9/30/2061,Great Barrier Reef,-2.101247348,31.26880499,27.84901985,8.076387201,High,109,FALSE
10/7/2061,Galápagos,-6.801980323,13.30485007,27.73759419,8.007160726,Medium,64,FALSE
10/14/2061,Galápagos,9.428364252,159.3519524,26.96231852,8.134474569,None,107,FALSE
10/21/2061,South China Sea,11.68697024,20.88766677,26.430349,8.00035781,Medium,81,FALSE
10/28/2061,Maldives,32.37363292,2.252832776,28.08658921,7.972891738,Medium,116,FALSE
11/4/2061,Hawaiian Islands,-1.540887975,-32.73383929,28.32721213,8.087570868,Medium,111,FALSE
11/11/2061,Caribbean Sea,7.127312746,148.3939932,29.22328891,8.032875113,Medium,65,TRUE
11/18/2061,South China Sea,8.033783917,-191.8079786,29.15981999,8.123756929,Medium,87,FALSE
11/25/2061,Hawaiian Islands,36.26301286,36.38215377,29.8601543,7.8894609,Medium,85,FALSE
12/2/2061,Caribbean Sea,24.98639023,97.96642864,29.72035145,8.053488297,Medium,84,FALSE
12/9/2061,Galápagos,34.16435872,-13.36969116,29.04780821,8.116682753,Medium,146,FALSE
12/16/2061,Great Barrier Reef,-11.92604774,19.63913976,28.55577718,7.979260035,Medium,66,FALSE
12/23/2061,Galápagos,2.714905689,6.007511836,31.0891963,8.133901614,Medium,58,FALSE
12/30/2061,Caribbean Sea,1.385898689,23.96723353,29.7977638,8.153556102,High,87,TRUE
1/6/2062,Maldives,30.84686898,37.5554251,27.86427948,8.091217276,Low,103,FALSE
1/13/2062,South China Sea,11.34797276,-113.9411261,31.21493448,8.029789349,Low,152,FALSE
1/20/2062,Great Barrier Reef,15.11740426,-61.47141479,31.11546024,8.044400092,Low,102,FALSE
1/27/2062,Maldives,13.69283958,-12.10775724,25.65915385,8.160230017,None,159,FALSE
2/3/2062,Great Barrier Reef,23.6390857,-105.2530334,29.44695042,8.008657907,Low,169,FALSE
2/10/2062,Maldives,26.79038609,60.11159306,27.17358671,8.220289961,Medium,69,TRUE
2/17/2062,Caribbean Sea,3.397604532,52.20808764,29.48790333,8.048030672,None,109,FALSE
2/24/2062,Galápagos,29.67238951,75.84724385,27.26913179,8.12132182,Low,125,TRUE
3/3/2062,Great Barrier Reef,-8.906213391,119.2932651,30.05042513,8.09748522,Medium,123,TRUE
3/10/2062,South China Sea,11.74836987,165.829099,26.30832792,8.015515932,Medium,133,FALSE
3/17/2062,Hawaiian Islands,-3.31354865,-127.8031913,26.65778194,8.15610835,Medium,122,FALSE
3/24/2062,Maldives,12.49247265,101.4638184,29.19215431,8.109038519,None,169,FALSE
3/31/2062,Maldives,15.11977699,28.29002619,29.71607422,7.982703134,Medium,93,FALSE
4/7/2062,South China Sea,-0.777318421,67.28532134,28.21895043,7.911697584,None,133,FALSE
4/14/2062,Hawaiian Islands,8.623671416,13.14128533,28.39300947,8.073811365,High,157,TRUE
4/21/2062,Red Sea,10.08122568,-144.7196992,30.47774906,8.156450573,High,109,TRUE
4/28/2062,Red Sea,0.83711088,102.0203576,31.06488934,7.949715015,Medium,145,FALSE
5/5/2062,Caribbean Sea,-7.887706714,217.6148412,27.26442228,8.025985843,None,107,FALSE
5/12/2062,Red Sea,11.56822221,58.45754537,28.33068297,8.059180962,Low,116,TRUE
5/19/2062,South China Sea,-6.325577678,-30.0377532,27.43607972,8.114221844,High,132,FALSE
5/26/2062,Maldives,1.375672162,70.5525625,29.84494697,8.061665025,None,88,TRUE
6/2/2062,South China Sea,4.078033159,76.12863693,28.09875082,8.031208555,Low,58,FALSE
6/9/2062,Galápagos,1.078554586,71.0360096,27.0818475,7.99744569,Low,136,FALSE
6/16/2062,Galápagos,-2.252493654,-14.43040236,28.24448505,8.009096399,None,62,FALSE
6/23/2062,Maldives,-8.735060075,-61.10112336,30.41837626,8.056040112,High,127,FALSE
6/30/2062,Galápagos,5.15941024,-4.229166253,26.16847572,8.164720733,Medium,134,FALSE
7/7/2062,Galápagos,9.351392595,87.13518342,25.25724626,8.025505696,High,151,TRUE
7/14/2062,Red Sea,15.55524441,63.94116409,27.66266518,8.087199557,High,133,FALSE
7/21/2062,Great Barrier Reef,25.34542821,126.373954,28.58214168,8.093449301,Medium,170,FALSE
7/28/2062,Caribbean Sea,22.26539878,31.84814435,27.43256643,8.064876641,High,148,FALSE
8/4/2062,Hawaiian Islands,-22.38160378,2.005212557,30.22807615,8.115458868,None,162,FALSE
8/11/2062,South China Sea,7.017462851,-5.915328644,30.3444665,8.05054165,None,160,FALSE
8/18/2062,Galápagos,36.52131477,127.3355564,30.57212079,8.031864173,Medium,62,FALSE
8/25/2062,Galápagos,8.354898662,27.59027993,28.59823512,8.060994364,Low,122,FALSE
9/1/2062,Red Sea,-10.60838511,-71.73874683,30.04056876,8.064190876,Medium,93,FALSE
9/8/2062,Great Barrier Reef,13.55645896,-123.3881112,28.48169444,8.01675494,None,159,FALSE
9/15/2062,Red Sea,22.92879016,-48.45004415,32.14584331,7.997566605,High,116,FALSE
9/22/2062,Hawaiian Islands,21.53341083,198.0554509,30.10686282,8.019010852,High,98,FALSE
9/29/2062,Great Barrier Reef,8.173650775,7.630658246,28.11694197,8.119400603,Medium,100,FALSE
10/6/2062,Red Sea,3.762139313,-39.09804038,26.6615311,8.115006284,High,86,FALSE
10/13/2062,Maldives,-6.079281531,48.15647218,29.76034464,8.022754557,High,129,FALSE
10/20/2062,Maldives,2.488142316,-2.167597995,26.22023478,8.046154498,High,159,FALSE
10/27/2062,Galápagos,27.91237406,-166.4579508,28.42198604,7.996026592,Low,72,FALSE
11/3/2062,Galápagos,-6.486335206,220.7255166,28.78823025,8.015731961,Low,62,TRUE
11/10/2062,South China Sea,15.72689775,-31.24113905,31.19467749,8.062278819,Low,123,TRUE
11/17/2062,Maldives,-10.51393637,-67.23172661,29.10742163,8.023824462,Low,77,FALSE
11/24/2062,Great Barrier Reef,26.08991561,29.72146007,27.55259698,8.040971636,High,109,FALSE
12/1/2062,Maldives,3.261433564,40.01622664,27.74690992,8.144702964,Medium,107,FALSE
12/8/2062,Maldives,9.083770763,48.07535704,26.15966462,7.985413233,None,148,FALSE
12/15/2062,Hawaiian Islands,35.85926842,-57.10839442,28.52767066,8.074318672,Medium,121,FALSE
12/22/2062,Red Sea,15.7215766,34.51374952,26.3903187,7.987878669,High,114,FALSE
12/29/2062,Great Barrier Reef,-4.848566431,11.48531779,29.3594422,8.014436889,High,152,FALSE
1/5/2063,Red Sea,26.87149832,81.28747362,29.04319337,7.961333346,None,101,FALSE
1/12/2063,Great Barrier Reef,-6.643714786,98.85174137,26.58800849,8.026410305,High,164,TRUE
1/19/2063,South China Sea,6.292143427,8.620399754,30.23021247,8.060252222,None,78,FALSE
1/26/2063,South China Sea,16.26789158,-174.513444,30.45032584,8.116072316,None,123,FALSE
2/2/2063,Maldives,-6.816476366,57.17183331,26.27299387,8.146852757,Medium,93,FALSE
2/9/2063,Caribbean Sea,-5.454396408,39.11492302,26.69595261,8.109941843,None,106,FALSE
2/16/2063,Maldives,5.787998963,64.89154893,29.78285976,8.104004052,None,107,FALSE
2/23/2063,Maldives,15.64976874,160.8697841,27.63634645,7.98839511,Low,85,FALSE
3/2/2063,South China Sea,-11.68596784,-5.066994465,27.87413999,8.087637262,High,54,FALSE
3/9/2063,Maldives,-26.41388644,195.2625357,27.47786102,8.044089446,None,123,TRUE
3/16/2063,South China Sea,3.841708371,236.9889008,27.25611878,8.011811939,High,108,FALSE
3/23/2063,Maldives,2.27900239,-26.03883349,28.3303265,8.103851216,Medium,78,FALSE
3/30/2063,Galápagos,-10.26683925,100.1642041,28.58791028,8.134399521,Medium,85,FALSE
4/6/2063,Galápagos,-6.545765378,105.6648735,28.01505135,7.916003706,None,112,FALSE
4/13/2063,Hawaiian Islands,-11.05608784,31.23520593,31.19846557,7.918792906,Medium,166,FALSE
4/20/2063,South China Sea,17.56507603,-15.1456817,29.24122393,8.166908728,Medium,132,FALSE
4/27/2063,Caribbean Sea,5.261548327,58.81372471,29.4983895,8.061607884,High,89,FALSE
5/4/2063,Hawaiian Islands,-20.07610282,93.87187073,30.2191363,8.015740287,Low,64,FALSE
5/11/2063,Great Barrier Reef,-1.174790846,-46.67313928,29.32182805,8.058085477,Medium,108,FALSE
5/18/2063,Galápagos,-16.18064755,-182.5790032,27.96725924,8.07492634,Medium,85,FALSE
5/25/2063,Galápagos,47.98415195,41.55097149,26.56322598,8.041492967,None,122,FALSE
6/1/2063,South China Sea,9.516590818,106.2833481,29.61143967,8.086119489,High,63,FALSE
6/8/2063,Red Sea,0.446236341,-54.81949727,29.75021279,8.078353711,Medium,64,FALSE
6/15/2063,Maldives,18.67745029,107.9475592,28.58192903,7.976060679,None,129,TRUE
6/22/2063,Maldives,26.51969708,21.35504127,29.04587953,8.033533155,None,106,FALSE
6/29/2063,Galápagos,0.572348903,-58.02011454,28.92688486,7.989401205,Low,124,FALSE
7/6/2063,South China Sea,-5.006350907,77.19870246,30.35785599,8.005823918,High,160,FALSE
7/13/2063,Great Barrier Reef,14.69809055,-274.4557825,29.50655521,8.021454863,Medium,102,FALSE
7/20/2063,Hawaiian Islands,20.90413077,168.740114,25.25517585,7.977901363,Medium,56,FALSE
7/27/2063,Hawaiian Islands,8.169193264,107.5765811,26.48693572,8.022806238,Medium,136,TRUE
8/3/2063,Hawaiian Islands,7.188797955,13.52855332,26.64255532,8.077691188,High,152,FALSE
8/10/2063,Red Sea,39.49626646,64.96783537,31.09889456,7.987018626,None,74,FALSE
8/17/2063,Galápagos,-4.478861893,12.36375531,24.1947518,8.058619196,High,171,TRUE
8/24/2063,Hawaiian Islands,15.11123653,130.3617478,26.834925,8.051341237,None,71,FALSE
8/31/2063,South China Sea,19.81432974,135.3343977,31.14245724,8.030849227,Medium,153,FALSE
9/7/2063,Caribbean Sea,7.427533459,-18.93529605,26.45106057,8.054098589,High,108,FALSE
9/14/2063,Caribbean Sea,-15.32935976,77.4517127,28.91389023,8.072784424,High,113,TRUE
9/21/2063,Galápagos,-15.36059827,-46.34309957,26.58204734,7.998450894,High,66,FALSE
9/28/2063,Great Barrier Reef,2.355877375,96.40788764,29.54780376,8.122580028,None,139,FALSE
10/5/2063,Red Sea,-2.542800986,83.06815765,30.61251263,8.051338248,Medium,60,TRUE
10/12/2063,Galápagos,10.95497227,24.51882478,27.67510407,8.034058613,Medium,152,FALSE
10/19/2063,Hawaiian Islands,-9.687215176,-18.62261818,30.53506205,8.011258657,Medium,162,TRUE
10/26/2063,Maldives,12.59720788,-28.51123,27.39894424,8.032523622,High,106,TRUE
11/2/2063,South China Sea,21.29729848,22.93006309,26.85589499,8.080020231,High,158,FALSE
11/9/2063,Hawaiian Islands,19.4093296,88.17186252,29.78535155,8.08787611,Low,65,TRUE
11/16/2063,Galápagos,17.28076658,48.07565307,29.69894727,8.062939291,High,54,FALSE
11/23/2063,Maldives,8.709490024,-118.3196353,28.82364136,7.902770949,Low,91,FALSE
11/30/2063,Galápagos,2.671159422,102.0486203,27.76379243,8.066839303,Medium,95,FALSE
12/7/2063,Caribbean Sea,4.974953165,138.4988852,28.73629297,8.084139817,High,107,FALSE
12/14/2063,Hawaiian Islands,-2.241907944,62.97514639,29.51452447,8.071172144,Medium,61,FALSE
12/21/2063,Galápagos,11.94203942,135.5773573,29.36194286,7.981257468,Low,84,TRUE
12/28/2063,Great Barrier Reef,15.82734403,41.11861759,30.23694678,8.005107471,High,170,FALSE
1/4/2064,Red Sea,6.035768397,114.4388323,28.66992955,8.06450426,None,151,FALSE
1/11/2064,Galápagos,-18.06613698,96.99047779,29.0992489,8.018877763,High,62,FALSE
1/18/2064,Maldives,-2.178634049,-94.23030656,28.7475905,8.060886743,High,146,FALSE
1/25/2064,Red Sea,5.053011828,43.084266,25.68192164,8.009671638,None,67,FALSE
2/1/2064,Galápagos,9.373954175,97.14586216,25.8706845,8.043205656,None,66,FALSE
2/8/2064,Galápagos,14.55815908,5.716843131,26.98178443,8.004303538,High,101,FALSE
2/15/2064,Galápagos,3.646725551,-45.60070802,25.37284639,7.991200783,Medium,142,FALSE
2/22/2064,Maldives,20.35944425,-66.26664413,29.90921858,8.068641242,None,95,TRUE
2/29/2064,Hawaiian Islands,-27.68026552,17.86204796,29.08910446,8.05893597,Medium,167,FALSE
3/7/2064,Galápagos,9.861622812,-51.1756205,29.24948258,8.12224272,Medium,98,FALSE
3/14/2064,Red Sea,-12.54101007,-23.70469191,27.53889336,8.079902052,None,137,FALSE
3/21/2064,Caribbean Sea,-17.74008765,-0.472425496,28.61362335,8.057760636,None,84,FALSE
3/28/2064,South China Sea,6.055488445,-0.463369582,30.13206125,8.056510192,Medium,55,TRUE
4/4/2064,South China Sea,3.66024008,157.7891338,28.11989486,8.011607344,None,88,FALSE
4/11/2064,Caribbean Sea,-0.099396101,78.88481489,30.46347135,8.017022562,High,138,FALSE
4/18/2064,Red Sea,34.6885671,0.591445802,27.80057522,8.101713829,High,99,FALSE
4/25/2064,South China Sea,27.00856044,34.30801501,28.50590496,8.144409254,None,99,FALSE
5/2/2064,Great Barrier Reef,26.66231988,11.22712708,28.26791633,8.024942023,Medium,157,FALSE
5/9/2064,Red Sea,2.623262033,44.36798121,28.88702686,8.063569273,None,135,FALSE
5/16/2064,Hawaiian Islands,15.81489573,97.54169534,27.19217026,8.025240624,Low,115,FALSE
5/23/2064,Red Sea,34.69868036,99.91605536,29.88861569,8.021399539,None,146,FALSE
5/30/2064,Maldives,-8.992849599,44.01976475,28.82829303,8.012392391,Medium,54,FALSE
6/6/2064,Maldives,27.67689636,264.0248602,30.09696138,8.134384153,None,93,FALSE
6/13/2064,Galápagos,-23.88565485,70.59408659,27.02311505,8.001185666,High,62,TRUE
6/20/2064,Red Sea,9.823697815,16.28127864,27.97489672,8.114030114,Medium,100,TRUE
6/27/2064,Galápagos,5.334764724,175.4369868,28.99314836,8.117850973,Medium,97,FALSE
7/4/2064,South China Sea,27.0334677,39.46559002,26.89453638,7.994327406,Low,124,FALSE
7/11/2064,Hawaiian Islands,7.046934628,5.110635534,29.55851997,7.960847772,High,133,FALSE
7/18/2064,Maldives,10.86402057,112.5993872,29.55930085,7.915431585,Low,99,FALSE
7/25/2064,Hawaiian Islands,-3.375260898,106.7332015,28.51020949,8.044122047,None,111,FALSE
8/1/2064,Great Barrier Reef,-0.151339559,20.4438422,27.85051202,8.048345591,Medium,75,FALSE
8/8/2064,Caribbean Sea,-1.817634274,107.6424018,29.57045536,8.041402491,None,122,TRUE
8/15/2064,Great Barrier Reef,13.66678668,73.16502013,28.56223617,8.089214174,Medium,87,FALSE
8/22/2064,Red Sea,6.485378007,-103.1542836,28.43766234,8.141323955,High,146,FALSE
8/29/2064,Maldives,13.01259232,35.1725071,28.0407791,8.132380448,Low,119,FALSE
9/5/2064,South China Sea,21.7036936,-117.9613536,26.32454205,8.011975524,Medium,162,FALSE
9/12/2064,Hawaiian Islands,-3.594627044,-22.37671211,30.96054174,8.074373772,None,91,FALSE
9/19/2064,Caribbean Sea,-4.846551866,-38.1319174,31.46989875,8.027679704,Low,128,FALSE
9/26/2064,Great Barrier Reef,-2.91518729,93.12491966,27.79366034,8.111023641,Medium,124,FALSE
10/3/2064,Great Barrier Reef,18.7092389,-116.4224952,26.97552191,7.958741182,High,134,FALSE
10/10/2064,Maldives,7.575183218,-43.55682668,31.99603494,7.934335235,None,135,FALSE
10/17/2064,Hawaiian Islands,12.05603911,58.94816387,29.12873264,8.054789239,Medium,160,FALSE
10/24/2064,Maldives,8.932085849,-115.3387456,28.3840436,8.020929653,None,80,FALSE
10/31/2064,Maldives,18.07503249,130.1789199,30.43598332,8.093544591,High,54,TRUE
11/7/2064,South China Sea,4.764462964,95.39755764,26.12472111,8.029786064,None,68,FALSE
11/14/2064,Galápagos,18.95687923,124.5605823,28.67058076,8.033748805,None,161,FALSE
11/21/2064,Red Sea,1.403892557,62.84368252,30.354488,8.136579124,High,79,FALSE
11/28/2064,Maldives,22.51017674,-63.68948866,29.58449109,7.998809357,Medium,105,TRUE
12/5/2064,Red Sea,-0.122960032,181.4935,29.7449464,7.950641153,Medium,148,FALSE
12/12/2064,Galápagos,12.30493474,137.3575412,28.70050066,8.017766838,Low,143,FALSE
12/19/2064,South China Sea,12.93601086,19.79967137,26.87496623,8.021234336,Low,103,FALSE
12/26/2064,Maldives,6.653583657,164.2975063,29.78297821,7.953262403,Medium,60,FALSE
1/2/2065,Caribbean Sea,27.5273734,-97.58145673,25.8098297,8.070851561,Low,67,FALSE
1/9/2065,Great Barrier Reef,17.75882865,-143.58441,27.45827932,8.064141006,Medium,62,FALSE
1/16/2065,Maldives,-11.57348677,17.07395981,27.59930234,8.054062995,High,55,FALSE
1/23/2065,South China Sea,-0.430583199,-116.6098817,28.36239277,8.076800408,High,99,FALSE
1/30/2065,Maldives,1.212636168,-64.58840247,28.89068569,7.954482835,Medium,107,TRUE
2/6/2065,Hawaiian Islands,-14.65933529,224.7675288,27.71629265,7.988743909,None,72,FALSE
2/13/2065,South China Sea,26.76524539,-52.56856038,25.62093446,8.005319335,High,105,TRUE
2/20/2065,Red Sea,15.91023304,53.60209264,31.13369415,7.971202873,High,105,FALSE
2/27/2065,Great Barrier Reef,-2.620390513,-34.82858654,31.30731073,7.950402989,High,89,FALSE
3/6/2065,Maldives,10.54022823,155.8627269,27.19116859,8.041839018,High,61,FALSE
3/13/2065,Maldives,-4.380972208,62.47013117,28.90841379,8.15994889,None,147,FALSE
3/20/2065,Hawaiian Islands,7.994386172,199.51506,29.60509254,7.982845233,High,117,FALSE
3/27/2065,Galápagos,-4.117456737,15.46976443,28.27951891,7.982777542,High,83,FALSE
4/3/2065,Caribbean Sea,13.46896904,-0.053268281,28.23736908,7.919276051,Medium,122,FALSE
4/10/2065,Caribbean Sea,-2.106468199,67.22895608,29.8736179,7.979577251,Low,117,FALSE
4/17/2065,Galápagos,-0.812973266,-57.95159695,26.26754685,7.974390363,Medium,138,FALSE
4/24/2065,Red Sea,-8.148067705,22.18431454,28.56152488,8.053229929,None,99,FALSE
5/1/2065,Caribbean Sea,14.31375777,-37.4466038,29.64693275,8.109063335,None,104,FALSE
5/8/2065,Hawaiian Islands,-0.444280067,102.0849511,25.9944012,8.143073817,None,84,FALSE
5/15/2065,Galápagos,13.59822679,-235.1358161,31.09192006,8.003011295,None,143,FALSE
5/22/2065,Red Sea,-3.057836746,4.874025499,27.16263985,8.087452688,None,106,FALSE
5/29/2065,Red Sea,-14.13432038,53.15935327,26.1048706,7.916333016,High,149,FALSE
6/5/2065,Galápagos,-14.78916284,-99.70927981,27.47484513,8.166035598,High,140,FALSE
6/12/2065,South China Sea,5.734973544,-82.40151601,30.10422696,8.00246248,High,171,FALSE
6/19/2065,South China Sea,19.80882155,6.693438587,28.24771464,8.105254987,High,77,FALSE
6/26/2065,Red Sea,12.98328762,51.94649266,29.29863788,7.9667173,Medium,119,TRUE
7/3/2065,Red Sea,23.9774446,-100.6785484,29.54356983,8.123917983,High,58,FALSE
7/10/2065,Hawaiian Islands,23.80810844,-117.6006719,27.75152668,8.018865668,None,98,FALSE
7/17/2065,Hawaiian Islands,20.68657914,35.83618303,29.25747427,8.087620116,High,78,FALSE
7/24/2065,South China Sea,8.243410693,-113.3302779,26.23084144,8.120888634,Medium,92,FALSE
7/31/2065,Hawaiian Islands,-3.063854892,-92.78968982,26.44002813,8.054046911,High,158,FALSE
8/7/2065,Hawaiian Islands,32.49147376,22.05264586,28.60073865,7.992916391,Medium,85,FALSE
8/14/2065,South China Sea,17.78982571,2.893131043,27.93504448,8.060186386,High,87,TRUE
8/21/2065,Maldives,8.744306829,94.40236374,29.07056379,8.020544266,Medium,130,FALSE
8/28/2065,Red Sea,22.42444422,7.532662213,28.76411022,8.110539973,Medium,170,TRUE
9/4/2065,Red Sea,39.36536495,-86.13142168,29.43398171,7.990574959,Low,133,TRUE
9/11/2065,Galápagos,12.7400871,25.43126097,30.50460893,7.984080133,Medium,115,FALSE
9/18/2065,Caribbean Sea,24.39062468,-71.56629809,27.81648971,7.992246968,None,149,FALSE
9/25/2065,South China Sea,12.0022529,50.51082476,27.3095572,8.03954329,None,149,FALSE
10/2/2065,South China Sea,-7.04612998,-92.38079464,28.11436966,8.077431748,Low,91,FALSE
10/9/2065,Maldives,4.491582069,5.125508528,28.34159563,8.036136231,None,93,FALSE
10/16/2065,Hawaiian Islands,31.0003444,-109.2051593,28.79343717,8.08106365,High,89,FALSE
10/23/2065,Caribbean Sea,-8.000138675,111.6048237,27.3659879,8.050071524,None,164,FALSE
10/30/2065,Red Sea,-13.16997985,13.43108641,29.04758908,8.030028358,None,66,FALSE
11/6/2065,South China Sea,-1.258830062,-58.33328747,28.30017045,8.005996596,None,91,FALSE
11/13/2065,Great Barrier Reef,19.9043147,148.5183889,28.75207363,8.105351488,Medium,97,FALSE
11/20/2065,Red Sea,8.120884274,162.7302858,25.2065093,7.99598926,None,61,FALSE
11/27/2065,Caribbean Sea,8.483065429,-83.23284239,29.51117383,7.991828204,Medium,58,FALSE
12/4/2065,Hawaiian Islands,7.682483199,189.7410989,28.24217261,8.08425908,Medium,155,FALSE
12/11/2065,Great Barrier Reef,10.30040519,97.41083491,28.87924652,8.075660866,Low,163,FALSE
12/18/2065,Galápagos,18.60880267,20.93578652,27.37668991,8.091631658,High,157,FALSE
12/25/2065,Maldives,15.27066765,-19.97566526,27.07606813,8.083728454,Medium,115,FALSE
1/1/2066,Hawaiian Islands,-7.603027893,-90.85177521,27.44778075,8.017491194,Medium,125,FALSE
1/8/2066,Galápagos,-12.30337622,116.9015958,30.84855824,8.024928361,High,107,FALSE
1/15/2066,South China Sea,-14.2078958,-14.09507184,27.66601539,8.043329394,Medium,159,FALSE
1/22/2066,Caribbean Sea,-18.4635537,-50.54168999,31.06875109,8.078338728,Medium,94,FALSE
1/29/2066,Maldives,-3.185093424,168.888246,27.72505921,8.172821468,High,89,FALSE
2/5/2066,Caribbean Sea,14.64958242,-75.2982894,26.90590492,8.045566978,High,146,FALSE
2/12/2066,Great Barrier Reef,-8.038855978,-6.418499737,28.40955145,7.930244086,Low,119,FALSE
2/19/2066,South China Sea,16.93463225,40.33100884,29.25078208,8.084270296,Medium,58,TRUE
2/26/2066,Great Barrier Reef,17.37449565,-108.7651932,29.82056647,8.005407754,Low,100,FALSE
3/5/2066,Galápagos,16.16250605,-32.67757258,27.88044956,8.097341512,Medium,136,FALSE
3/12/2066,South China Sea,18.2236154,72.13158834,29.51813464,7.995202881,Low,160,TRUE
3/19/2066,South China Sea,-0.727083179,-86.58229863,29.76456862,8.059333755,None,126,FALSE
3/26/2066,South China Sea,1.818686604,65.07559295,29.79695604,8.106020425,None,114,FALSE
4/2/2066,Galápagos,25.57050863,-144.9458988,29.66152199,7.952662229,Low,66,FALSE
4/9/2066,Maldives,34.39251787,-136.458962,28.73778877,8.097809307,High,162,FALSE
4/16/2066,Hawaiian Islands,8.009324399,3.332671434,30.9018862,8.062162537,High,120,FALSE
4/23/2066,Maldives,10.98369486,-0.878592087,29.16933745,8.123773139,High,164,FALSE
4/30/2066,Hawaiian Islands,22.09261928,-204.4425731,27.90497203,8.03559139,Low,111,TRUE
5/7/2066,Red Sea,-10.65471639,222.5751957,27.90418248,8.061184237,Medium,80,FALSE
5/14/2066,Caribbean Sea,5.292123755,136.3842245,29.95644488,8.058515554,High,67,FALSE
5/21/2066,Hawaiian Islands,1.094812887,35.48677074,26.26655961,8.078287667,Medium,157,FALSE
5/28/2066,South China Sea,-6.992647316,-108.7397472,28.45424894,8.000610573,Medium,135,FALSE
6/4/2066,Red Sea,-4.531643937,149.3494383,29.20249953,8.025979898,None,148,FALSE
6/11/2066,Galápagos,-2.959660223,-110.8797461,27.98484985,8.052404401,Low,167,FALSE
6/18/2066,Maldives,11.22680438,43.76206111,27.97922843,8.106988155,High,171,FALSE
6/25/2066,Great Barrier Reef,6.560271722,3.755093364,28.69145968,8.102728952,Medium,99,FALSE
7/2/2066,South China Sea,-1.240641267,136.3705791,29.97794568,7.974036305,Medium,84,FALSE
7/9/2066,Caribbean Sea,9.979776467,64.7743527,29.19622761,8.069547247,Medium,141,FALSE
7/16/2066,Hawaiian Islands,1.763440375,35.70149116,28.43748318,7.974026431,Medium,81,FALSE
7/23/2066,Caribbean Sea,-30.84450015,-222.1367183,29.47557593,8.050244302,Low,144,FALSE
7/30/2066,Caribbean Sea,-1.699580405,-179.9407974,28.10580338,8.049529173,High,85,FALSE
8/6/2066,Red Sea,-4.297607914,6.491586099,28.63336743,8.011354553,Medium,137,FALSE
8/13/2066,Great Barrier Reef,-15.57287154,-293.4434636,29.01557057,8.01888297,None,144,FALSE
8/20/2066,Hawaiian Islands,5.980296282,50.63061334,27.68899296,8.061807518,Low,103,FALSE
8/27/2066,South China Sea,-3.082468443,11.3350752,29.63603262,8.031770429,High,138,TRUE
9/3/2066,Hawaiian Islands,5.028735525,90.69887451,30.04130849,8.021645349,Medium,131,FALSE
9/10/2066,Maldives,10.1357942,73.58735391,29.85903956,7.988291513,None,84,FALSE
9/17/2066,South China Sea,16.86296546,-42.83617597,28.75489281,8.121757073,Low,98,FALSE
9/24/2066,Galápagos,6.823536919,-116.3754272,30.30247404,8.062143147,Medium,118,FALSE
10/1/2066,Red Sea,23.1112007,-7.811397119,26.80734917,8.109668265,High,86,FALSE
10/8/2066,Great Barrier Reef,8.591877554,-52.44601927,28.05775193,8.097650836,None,71,FALSE
10/15/2066,Caribbean Sea,28.55624648,248.9579818,28.67118463,8.185018845,Medium,55,FALSE
10/22/2066,Hawaiian Islands,-5.484048484,55.45871813,28.98861243,8.097626627,High,75,FALSE
10/29/2066,Maldives,2.042962043,82.03510045,31.60064085,7.952743061,Medium,86,FALSE
11/5/2066,South China Sea,40.6489204,-34.02525003,28.7471724,8.02916437,None,73,FALSE
11/12/2066,Caribbean Sea,6.195309943,-50.29421747,29.93863966,8.13244273,Medium,74,FALSE
11/19/2066,Red Sea,19.69767313,8.869443825,27.60290437,8.116709399,High,122,FALSE
11/26/2066,Maldives,-1.495071552,-137.2724958,27.2351056,7.969024581,Low,123,FALSE
12/3/2066,South China Sea,3.276798516,-86.09711294,26.55108735,7.993769532,Medium,78,FALSE
12/10/2066,Great Barrier Reef,7.085773581,83.10459544,27.68325502,7.97272634,Medium,145,TRUE
12/17/2066,Maldives,16.14869889,14.31402134,31.35663289,7.992744501,High,118,FALSE
12/24/2066,Great Barrier Reef,32.33431806,96.00270289,28.66226649,8.004027971,High,140,FALSE
12/31/2066,Galápagos,16.84099771,72.03723417,26.80310795,8.114389168,Medium,90,FALSE
1/7/2067,Galápagos,7.748697618,242.3083752,27.7996575,8.005596784,Low,153,TRUE
1/14/2067,Galápagos,-3.039161202,-69.72335604,26.54379208,8.039536348,High,135,FALSE
1/21/2067,Caribbean Sea,-9.453697747,-41.10409576,28.99824088,8.102067634,High,153,FALSE
1/28/2067,Maldives,20.96871971,-45.63758185,29.26938571,8.111439851,Medium,90,FALSE
2/4/2067,Great Barrier Reef,-3.885596261,-33.85911582,27.19897469,8.18580197,High,62,FALSE
2/11/2067,Galápagos,-4.899268355,-156.060844,28.60168909,8.087481516,None,146,FALSE
2/18/2067,Maldives,-7.809874941,-45.88061079,28.57130153,8.011552966,High,73,FALSE
2/25/2067,Great Barrier Reef,24.33017505,-9.601232807,28.25778597,8.075926572,High,118,FALSE
3/4/2067,Caribbean Sea,2.130733265,12.80379532,26.84590236,8.065719684,High,58,FALSE
3/11/2067,Great Barrier Reef,0.787242602,74.80609887,24.68194822,7.997252051,None,169,FALSE
3/18/2067,Maldives,-14.14895246,53.58352099,27.54613845,8.163118374,None,70,FALSE
3/25/2067,South China Sea,2.227062109,-145.5814007,30.61009866,8.136216473,High,140,TRUE
4/1/2067,Caribbean Sea,-12.23222608,167.5014174,29.55344538,8.047724691,High,98,FALSE
4/8/2067,Maldives,9.246479782,64.09411355,28.68967888,8.082429622,None,165,FALSE
4/15/2067,Galápagos,34.26556685,188.7965281,27.96572565,7.946953323,None,88,FALSE
4/22/2067,Great Barrier Reef,-0.443126796,-104.8905058,27.97536923,8.07275831,High,81,FALSE
4/29/2067,Hawaiian Islands,16.10993765,-23.39756795,28.86122463,8.087470967,Medium,147,FALSE
5/6/2067,Hawaiian Islands,9.684200084,98.7171498,30.67426121,7.934833867,High,79,FALSE
5/13/2067,Hawaiian Islands,24.73432638,-62.99288893,31.46235621,7.998985541,Low,127,FALSE
5/20/2067,Red Sea,-4.081856783,20.7678975,29.65450716,7.961027608,Low,88,FALSE
5/27/2067,Galápagos,48.50442049,-168.1325135,29.25546069,8.112780313,Medium,166,FALSE
6/3/2067,Galápagos,30.23852977,50.67211871,25.91565515,8.090285542,High,162,FALSE
6/10/2067,Galápagos,5.941404294,381.5509375,28.71828222,8.094512397,High,85,FALSE
6/17/2067,Hawaiian Islands,32.1811271,-50.42969036,28.23595825,8.110598028,None,146,FALSE
6/24/2067,Great Barrier Reef,35.20801639,98.88521937,28.30691746,7.973459102,High,75,TRUE
7/1/2067,South China Sea,22.410821,255.0254855,26.30649409,7.976484589,Medium,164,TRUE
7/8/2067,Maldives,16.69212463,47.20777686,28.6117257,8.115251656,None,133,FALSE
7/15/2067,Caribbean Sea,-9.3313659,113.9679156,24.60784886,8.023624136,Low,57,FALSE
7/22/2067,Caribbean Sea,24.23787832,-111.3238898,30.58301909,8.151179872,High,167,FALSE
7/29/2067,Caribbean Sea,-10.75469446,5.933084292,28.18846313,8.062178415,None,121,TRUE
8/5/2067,South China Sea,7.529179608,-45.05516001,25.32356043,8.136922327,None,102,FALSE
8/12/2067,Red Sea,-14.50048898,-27.23162121,28.2728974,8.114222491,None,167,FALSE
8/19/2067,South China Sea,20.33393434,74.93134364,26.15622461,8.107421216,High,150,FALSE
8/26/2067,Red Sea,6.943905379,108.0270056,29.62114497,8.050848115,Low,122,FALSE
9/2/2067,Hawaiian Islands,-15.6737595,54.52003158,29.23493032,8.115081408,High,137,FALSE
9/9/2067,Hawaiian Islands,26.24687509,-37.29079282,27.56739938,8.073981442,Medium,107,FALSE
9/16/2067,Caribbean Sea,-10.4947607,49.86248655,28.91620617,8.031159071,High,132,FALSE
9/23/2067,Red Sea,2.20473049,24.11922678,26.46572166,8.081027307,High,127,FALSE
9/30/2067,Galápagos,7.197705722,66.87198925,27.32127625,8.068868688,Medium,79,TRUE
10/7/2067,South China Sea,-0.467647958,-156.6735955,31.70294151,8.029792258,Medium,147,FALSE
10/14/2067,Maldives,-2.685726232,11.45506719,25.58007504,8.192839093,Medium,85,FALSE
10/21/2067,Hawaiian Islands,12.94370085,83.68599874,28.99215172,7.992295991,Medium,91,TRUE
10/28/2067,Caribbean Sea,23.527979,123.9038175,26.88464578,8.08004248,High,160,FALSE
11/4/2067,South China Sea,13.78922742,-98.35354115,32.1271533,8.168011934,None,109,FALSE
11/11/2067,South China Sea,-2.581300847,-123.2214797,25.71540343,8.023816717,Low,63,FALSE
11/18/2067,Hawaiian Islands,8.280575677,-127.3958546,28.37788837,7.977061548,Low,125,FALSE
11/25/2067,Caribbean Sea,0.492002879,-139.6508779,28.99045446,8.068771673,None,136,FALSE
12/2/2067,Maldives,-2.060428506,10.26542736,29.1853175,8.107851284,High,135,FALSE
12/9/2067,Maldives,10.46860138,6.709064206,28.35833227,7.980350711,None,120,FALSE
12/16/2067,Galápagos,1.482220272,2.051321017,30.61375606,7.958456053,Low,57,FALSE
12/23/2067,Hawaiian Islands,26.99538177,83.08984273,29.88059425,8.086771578,Medium,87,FALSE
12/30/2067,South China Sea,-3.166227934,-46.43721742,29.19886825,8.031081135,None,140,FALSE
1/6/2068,Maldives,12.50694818,278.1599737,26.54058787,8.101466128,Medium,119,FALSE
1/13/2068,Great Barrier Reef,44.80733011,32.47216458,27.09858814,7.986849183,High,54,FALSE
1/20/2068,Maldives,-10.67471287,62.07823483,31.16021128,8.021907395,Medium,73,FALSE
1/27/2068,South China Sea,0.952485783,282.3923021,27.74459122,8.067313428,Low,148,FALSE
2/3/2068,South China Sea,-3.885988558,-34.19362206,30.86553678,7.999008129,None,85,TRUE
2/10/2068,Hawaiian Islands,-3.865889643,-248.8670664,28.09159068,7.980563141,Medium,118,FALSE
2/17/2068,Great Barrier Reef,-14.63882066,-119.7833863,28.56890618,8.091787983,High,146,TRUE
2/24/2068,Caribbean Sea,2.232077733,14.34364801,28.44772679,8.144053826,Low,123,FALSE
3/2/2068,South China Sea,3.535734626,82.84446298,26.36641988,8.046757985,None,118,TRUE
3/9/2068,Caribbean Sea,16.73206601,115.8673366,29.14197454,8.08589558,High,152,FALSE
3/16/2068,Caribbean Sea,24.38487899,-56.44066369,28.6881471,8.116531142,High,84,FALSE
3/23/2068,South China Sea,8.623449147,9.130361789,27.78945185,8.055388006,Low,62,FALSE
3/30/2068,Galápagos,2.997480496,245.6536369,32.50256681,8.031663759,None,115,FALSE
4/6/2068,Great Barrier Reef,22.21472548,-22.63381402,28.78632288,8.077169194,High,124,FALSE
4/13/2068,Red Sea,8.360178697,-195.2237288,26.66966908,8.113008915,None,89,FALSE
4/20/2068,Galápagos,2.012720284,-109.6813797,28.13496436,8.005164471,None,153,FALSE
4/27/2068,Hawaiian Islands,18.8307885,151.9684178,26.0140498,8.048526759,High,114,FALSE
5/4/2068,Maldives,-3.735464774,-194.0669676,28.68919699,8.123393664,None,108,FALSE
5/11/2068,Great Barrier Reef,0.811536652,-61.06243758,27.57796971,8.063996721,None,117,TRUE
5/18/2068,Caribbean Sea,10.18005781,173.2351823,27.45087394,8.095829837,High,108,FALSE
5/25/2068,Caribbean Sea,-18.33769703,152.485972,27.53578503,8.029810951,Medium,124,FALSE
6/1/2068,Great Barrier Reef,38.19228298,28.28199906,26.54430312,8.020999752,None,146,FALSE
6/8/2068,Maldives,-4.606887653,103.5043152,29.56535604,8.089839274,None,144,TRUE
6/15/2068,Maldives,-10.16451359,69.8377893,28.06168776,8.086505408,None,130,FALSE
6/22/2068,Caribbean Sea,-1.110421573,-52.33627741,27.37350679,8.116550391,Low,148,FALSE
6/29/2068,Great Barrier Reef,10.66488616,46.88614808,30.01019023,8.06650725,Medium,119,FALSE
7/6/2068,Red Sea,4.040146078,78.70024472,29.790034,8.080416286,Medium,68,FALSE
7/13/2068,Galápagos,0.71234656,-57.18593686,26.80554788,8.004431148,None,135,FALSE
7/20/2068,Galápagos,-6.766943287,97.85078073,28.70952643,8.163221522,Medium,111,FALSE
7/27/2068,Great Barrier Reef,1.561773094,175.7506064,26.60222138,8.059832455,Medium,81,FALSE
8/3/2068,Hawaiian Islands,21.88969554,441.9875502,28.48964371,8.02756688,Medium,75,FALSE
8/10/2068,Red Sea,-9.970227271,116.3601724,29.89640026,8.062215026,None,95,FALSE
8/17/2068,Galápagos,14.18605218,-72.49835656,26.63522755,8.028232702,High,118,TRUE
8/24/2068,Caribbean Sea,16.41593705,-117.1076582,27.91641411,7.976601723,None,163,FALSE
8/31/2068,Great Barrier Reef,37.13848819,22.34708601,28.73062294,8.15782112,Medium,101,FALSE
9/7/2068,South China Sea,-15.73572043,58.59236541,27.83761574,7.960836593,High,125,TRUE
9/14/2068,South China Sea,36.89569512,23.17937795,28.14269741,8.01469048,Medium,64,FALSE
9/21/2068,Caribbean Sea,-8.177992966,30.5716508,26.80466425,8.055178481,High,159,FALSE
9/28/2068,Hawaiian Islands,3.670182961,150.7859225,29.05587057,8.082795896,High,131,TRUE
10/5/2068,Caribbean Sea,-8.64219506,110.640459,24.86813184,8.094883502,None,145,FALSE
10/12/2068,Maldives,10.93842261,55.94044952,29.01192931,8.084248705,None,114,TRUE
10/19/2068,South China Sea,28.94211403,10.61925476,27.89584922,8.066043379,Medium,73,FALSE
10/26/2068,Galápagos,-21.47525918,16.34412665,29.75778256,7.991090203,High,171,TRUE
11/2/2068,Maldives,30.19955851,-111.7039541,29.84651659,8.033093937,Medium,135,FALSE
11/9/2068,Maldives,-2.131939052,-177.3398788,30.36413598,7.974660826,None,132,FALSE
11/16/2068,Great Barrier Reef,1.094611262,81.74893929,28.93045464,8.082713736,None,164,FALSE
11/23/2068,Caribbean Sea,4.054324051,89.8143364,28.88908677,7.991764991,Medium,63,FALSE
11/30/2068,Galápagos,0.501607053,-5.579999595,29.1238636,8.033033697,Low,143,TRUE
12/7/2068,Red Sea,-7.100125185,36.49931746,30.96450382,8.088976027,Medium,101,FALSE
12/14/2068,Galápagos,42.18938502,89.01711947,27.52969418,8.05543732,High,165,FALSE
12/21/2068,South China Sea,1.020003146,-73.54540705,28.47352984,8.035119646,None,155,FALSE
12/28/2068,Red Sea,-7.081682451,-28.98844393,29.64389986,8.066709843,None,161,FALSE
1/4/2069,Red Sea,-6.401739095,162.3853501,25.78380522,8.064981885,High,123,FALSE
1/11/2069,Galápagos,5.451888485,-85.55111685,28.00127678,8.089636184,None,64,TRUE
1/18/2069,South China Sea,-15.39809257,108.322668,28.0757176,7.964165704,Medium,170,FALSE
1/25/2069,Caribbean Sea,33.89250244,26.49093739,31.46079185,7.938633082,Medium,68,FALSE
2/1/2069,Caribbean Sea,0.921683943,62.28703042,26.97214327,8.0622549,Medium,72,TRUE
2/8/2069,Caribbean Sea,29.04588956,-18.16674143,29.76788681,8.016749671,Low,119,TRUE
2/15/2069,Galápagos,9.957463129,-16.91267965,28.33900807,8.03956572,Low,120,FALSE
2/22/2069,Red Sea,-2.672232552,149.8868313,27.59148365,8.09715584,Low,57,FALSE
3/1/2069,South China Sea,-0.285425784,160.1936323,29.4103861,7.974561024,None,154,FALSE
3/8/2069,South China Sea,-0.688690804,162.6688365,28.05318552,7.998928858,Low,113,FALSE
3/15/2069,Caribbean Sea,-8.841477713,-151.7659518,25.65274114,8.065842854,High,99,FALSE
3/22/2069,Caribbean Sea,1.908695128,164.0087281,27.89985842,8.148936508,Low,116,FALSE
3/29/2069,Red Sea,8.726598777,-19.62368199,29.86087101,8.055908755,Low,73,FALSE
4/5/2069,Caribbean Sea,-19.71755566,-130.7335699,30.59921953,8.017836594,None,115,FALSE
4/12/2069,Great Barrier Reef,4.871243378,-94.26717314,29.29916532,8.056581144,None,127,FALSE
4/19/2069,South China Sea,-1.80124616,-92.01747957,31.60036039,8.03166339,Low,123,TRUE
4/26/2069,Great Barrier Reef,5.660566759,130.0935712,27.39043005,8.045385153,Medium,116,FALSE
5/3/2069,Caribbean Sea,-3.524199299,71.58973379,28.5099042,8.023804847,None,117,FALSE
5/10/2069,South China Sea,-9.519841924,75.84557985,29.13404647,8.086777121,Medium,110,FALSE
5/17/2069,South China Sea,-8.081705156,35.13365473,27.03012337,7.967807973,Medium,132,FALSE
5/24/2069,Galápagos,7.272237983,-60.79733996,26.96634821,7.997232618,None,126,FALSE
5/31/2069,Hawaiian Islands,20.42419111,-38.07436976,26.88577345,7.9847974,None,91,FALSE
6/7/2069,Galápagos,30.29860716,42.70782491,28.73488994,8.114980624,High,161,FALSE
6/14/2069,Red Sea,25.04688784,197.6877876,26.45141572,8.095396287,High,109,TRUE
6/21/2069,Maldives,-9.729919522,-116.7694969,26.87500513,8.00790641,High,144,FALSE
6/28/2069,Caribbean Sea,4.286237515,33.83640825,27.42422607,7.996396546,High,123,FALSE
7/5/2069,Caribbean Sea,-1.421601952,27.8906208,28.47444398,7.957394051,High,148,FALSE
7/12/2069,Maldives,11.88418257,-85.13530141,29.23026222,8.077902969,None,153,FALSE
7/19/2069,Great Barrier Reef,13.42546152,-14.65655042,28.60372359,8.058506139,High,146,FALSE
7/26/2069,Galápagos,43.41709346,-59.19649369,30.04747597,8.027369719,Medium,97,FALSE
8/2/2069,Hawaiian Islands,-2.886814728,32.45736996,25.82369008,8.038005767,High,124,FALSE
8/9/2069,Caribbean Sea,1.141576802,214.9840023,29.9700762,8.045104719,Medium,134,TRUE
8/16/2069,Red Sea,-6.934971528,157.0245918,29.25338139,8.096241693,High,147,FALSE
8/23/2069,Great Barrier Reef,29.72619542,61.7110129,27.03600271,8.119924424,None,82,FALSE
8/30/2069,South China Sea,-17.46452554,149.6412344,31.03361551,8.034339485,None,171,FALSE
9/6/2069,Galápagos,29.66753638,176.5927355,25.2442171,7.917203269,Medium,61,FALSE
9/13/2069,Hawaiian Islands,24.51659087,-4.934818568,29.08187519,8.028145673,Low,148,FALSE
9/20/2069,Red Sea,13.79646123,-116.1115098,27.96217539,7.989945082,Medium,101,FALSE
9/27/2069,Galápagos,12.62455042,58.91439159,29.35875701,7.933208655,None,162,FALSE
10/4/2069,Great Barrier Reef,-13.66076118,30.67863422,28.69782705,8.020493633,Low,146,TRUE
10/11/2069,Red Sea,14.1355644,-22.29769651,27.32967431,8.048892322,Low,91,FALSE
10/18/2069,Galápagos,-13.58032954,30.38015886,29.71908533,8.029239593,Medium,117,TRUE
10/25/2069,Maldives,19.41250384,-100.56465,26.14587622,8.059405172,High,78,FALSE
11/1/2069,Hawaiian Islands,2.983886151,40.74982096,25.75408686,8.087793796,Medium,70,FALSE
11/8/2069,Galápagos,6.157079309,72.16792431,28.96574749,8.138727621,Medium,165,FALSE
11/15/2069,Red Sea,2.67050912,3.153909401,30.61403844,8.106373678,Medium,158,FALSE
11/22/2069,Great Barrier Reef,8.925603013,-0.497177911,27.27832657,7.995177175,Medium,159,FALSE
11/29/2069,Great Barrier Reef,9.445691844,88.31734096,28.9872738,8.102908647,None,157,FALSE
12/6/2069,Red Sea,13.55741647,11.42271993,27.59462645,8.062288304,High,128,FALSE
12/13/2069,Caribbean Sea,11.4362925,68.05492924,28.87137485,8.048682246,None,122,FALSE
12/20/2069,Galápagos,8.412171104,149.6207126,27.49091665,8.033534006,Medium,123,TRUE
12/27/2069,Maldives,-9.445626341,128.2265698,29.00861213,7.99635206,High,167,TRUE
1/3/2070,Maldives,-7.457090573,11.85239692,28.88019371,8.077538105,Low,143,FALSE
1/10/2070,Caribbean Sea,14.4391065,17.80808585,25.46877641,8.212040081,Medium,145,FALSE
1/17/2070,Caribbean Sea,-2.044870133,22.63552417,26.9141843,8.096866399,None,75,TRUE
1/24/2070,Maldives,3.627693576,-115.6904912,28.3445196,8.084073383,High,59,TRUE
1/31/2070,South China Sea,24.89971382,-212.7791084,27.00746028,8.08107621,None,170,TRUE
2/7/2070,Caribbean Sea,14.39025589,128.0357118,26.44815659,7.995580941,High,93,FALSE
2/14/2070,South China Sea,18.25866283,-101.4434437,28.18009,7.942174352,Low,77,FALSE
2/21/2070,Red Sea,-5.691773649,-39.96994885,28.35927407,8.000804867,None,56,FALSE
2/28/2070,South China Sea,26.39902731,31.52045971,27.99751012,8.061069402,None,87,FALSE
3/7/2070,Caribbean Sea,11.36880811,32.81916371,27.47302765,7.982241616,Medium,81,FALSE
3/14/2070,Great Barrier Reef,-20.29991173,5.739453896,27.5468084,7.963184361,High,116,FALSE
3/21/2070,Caribbean Sea,-6.811815671,-70.60876921,29.90563986,8.165965269,None,61,TRUE
3/28/2070,Great Barrier Reef,14.72369805,62.87926054,30.21599407,7.994127995,Low,127,FALSE
4/4/2070,Maldives,31.44964433,130.9020148,30.16089564,7.96160234,Medium,141,TRUE
4/11/2070,Caribbean Sea,0.293116495,-98.63451414,27.67338036,7.963516727,Low,112,FALSE
4/18/2070,Galápagos,32.27638015,58.28099218,28.56813747,7.984260433,None,77,FALSE
4/25/2070,Red Sea,-6.186495676,16.40486783,30.30025019,8.10495175,High,99,FALSE
5/2/2070,Red Sea,-10.21025573,-24.64794176,29.97032718,8.047362395,None,78,FALSE
5/9/2070,Red Sea,-6.749200772,-84.10265827,28.94177516,8.09110018,High,80,FALSE
5/16/2070,Galápagos,-0.722293527,-3.203225291,27.19169965,7.997704742,None,77,FALSE
5/23/2070,Red Sea,-1.06987,242.6865271,29.82371174,8.0309726,None,99,FALSE
5/30/2070,Galápagos,14.62994738,-83.86254543,26.9838325,8.163699096,Low,120,FALSE
6/6/2070,Galápagos,-1.21072655,131.2814887,28.9526583,8.021411451,Low,145,TRUE
6/13/2070,Great Barrier Reef,15.48577224,3.825636349,27.37253878,7.991496896,High,163,FALSE
6/20/2070,Maldives,23.96189222,117.5071592,27.2379642,8.032740396,High,96,FALSE
6/27/2070,Galápagos,1.856332627,289.916529,28.47916635,8.050807219,Medium,70,FALSE
7/4/2070,Maldives,-4.80031081,250.7111725,26.77053169,8.038599893,None,66,FALSE
7/11/2070,Red Sea,1.049671593,35.55366883,27.5585358,7.993739977,High,87,FALSE
7/18/2070,Galápagos,-1.349836068,-74.66312461,29.09060052,8.051472387,None,140,FALSE
7/25/2070,Caribbean Sea,36.03912094,34.087435,27.76568376,7.957685808,None,165,FALSE
8/1/2070,Maldives,17.79906695,-133.8381666,30.04258906,7.948873588,Medium,120,FALSE
8/8/2070,Caribbean Sea,4.010192794,124.1397084,29.93890112,8.071441274,High,143,FALSE
8/15/2070,Hawaiian Islands,14.4455252,-49.37523053,30.75431009,8.028113962,Medium,80,FALSE
8/22/2070,Caribbean Sea,12.55936359,113.602482,30.51408238,8.098161295,High,119,FALSE
8/29/2070,Galápagos,13.90031619,34.31521898,28.77327894,8.044658978,High,95,FALSE
9/5/2070,Maldives,14.78027058,232.0649985,27.2016369,7.965755273,None,61,FALSE
9/12/2070,South China Sea,17.56416404,-16.42978868,30.0007153,8.046116825,High,140,FALSE
9/19/2070,Great Barrier Reef,-3.973970897,23.89257353,28.37539075,7.991163048,High,141,TRUE
9/26/2070,Galápagos,11.64313843,-63.0533673,29.15671842,8.073945492,Low,125,FALSE
10/3/2070,Maldives,-1.820124733,1.15569984,28.62798022,8.001301378,None,139,FALSE
10/10/2070,South China Sea,12.07726095,-33.58969109,28.61754188,7.941750106,None,137,TRUE
10/17/2070,Caribbean Sea,18.84246162,115.3812141,31.75791265,8.134819616,None,59,FALSE
10/24/2070,Maldives,-13.15682513,44.14655448,27.92951502,7.948610879,High,60,FALSE
10/31/2070,Red Sea,7.028794865,4.844912704,29.98547811,8.026461261,High,171,FALSE
11/7/2070,Maldives,19.72106661,155.6868767,28.1621779,8.097885588,High,131,FALSE
11/14/2070,Maldives,5.455328182,-10.81526751,28.33164928,7.997746512,None,102,FALSE
11/21/2070,Great Barrier Reef,8.781281292,-116.9995904,29.09908592,8.050856692,None,60,FALSE
11/28/2070,Galápagos,14.42484769,-38.32431829,25.72494908,7.999019436,None,57,FALSE
12/5/2070,Maldives,-3.45626205,-42.38445182,30.16317169,8.027953514,Low,77,FALSE
12/12/2070,South China Sea,2.951313787,-116.5076271,27.52679656,8.015355526,None,155,FALSE
12/19/2070,Caribbean Sea,11.93024703,-231.2195335,28.734579,8.051115045,None,89,FALSE
12/26/2070,Maldives,6.313933211,35.04636275,28.85778828,8.122150828,None,119,FALSE
1/2/2071,Red Sea,6.511922104,13.85112319,29.62847889,8.175507577,Medium,89,FALSE
1/9/2071,Great Barrier Reef,-16.73809798,17.9608951,29.12642006,8.038152262,Low,109,FALSE
1/16/2071,South China Sea,6.499588578,-22.5612459,26.98475892,8.091952593,Low,116,FALSE
1/23/2071,Red Sea,12.3378513,-123.5915033,27.32630061,8.134759717,Low,58,FALSE
1/30/2071,Great Barrier Reef,-15.08879484,81.99693835,27.00233943,7.987272097,None,77,FALSE
2/6/2071,Galápagos,12.23166977,-29.02686364,29.85511422,8.048641365,Medium,72,FALSE
2/13/2071,Red Sea,-7.81297985,-67.14728683,28.20007775,7.963028517,None,155,FALSE
2/20/2071,South China Sea,4.408290423,104.9529683,28.1691252,8.090510041,Medium,119,FALSE
2/27/2071,Hawaiian Islands,23.77091585,-114.3549586,29.38280044,8.010979111,Medium,160,FALSE
3/6/2071,Hawaiian Islands,40.42041023,124.0023579,26.15922567,8.034721119,None,64,FALSE
3/13/2071,Caribbean Sea,3.159065713,115.8501796,31.61969798,7.84765373,None,154,FALSE
3/20/2071,Maldives,-7.135717124,-9.534642618,26.85125612,8.149648249,None,135,TRUE
3/27/2071,Caribbean Sea,-1.223411924,-48.9014578,30.8552002,8.06313064,None,56,FALSE
4/3/2071,Red Sea,0.029427287,88.22166535,29.08732053,8.018239733,None,93,FALSE
4/10/2071,Hawaiian Islands,8.951929423,84.99468388,30.02116463,8.131490782,Medium,167,TRUE
4/17/2071,Galápagos,15.72359659,97.51955033,29.82040562,8.002101899,Low,57,FALSE
4/24/2071,South China Sea,-17.02252527,-76.92932687,26.53228233,8.12595553,Medium,107,FALSE
5/1/2071,Great Barrier Reef,20.02833195,168.5301906,29.94825688,8.163426779,Medium,168,FALSE
5/8/2071,Maldives,9.812451732,-66.95936173,28.56439137,8.114082215,None,125,FALSE
5/15/2071,Maldives,20.76553584,56.39785085,26.84074865,7.957038411,None,67,FALSE
5/22/2071,Caribbean Sea,-0.655767288,-69.03916126,29.24425083,8.047598193,None,158,FALSE
5/29/2071,Red Sea,14.92164887,-57.55984644,29.55127313,8.094906365,Medium,134,FALSE
6/5/2071,Galápagos,17.10409123,-164.624178,29.37113043,8.015190864,High,120,FALSE
6/12/2071,South China Sea,0.681990311,-16.01953398,29.74470596,7.995334415,High,117,FALSE
6/19/2071,Maldives,5.593614979,-21.84320322,29.0476228,8.11361581,Low,127,FALSE
6/26/2071,Great Barrier Reef,-5.306188815,93.45947552,29.82150076,8.136394105,None,151,FALSE
7/3/2071,Great Barrier Reef,1.871722207,199.1368425,28.53545429,7.967782399,Low,153,TRUE
7/10/2071,Red Sea,-13.17754848,41.82046126,28.39381562,8.061514017,Low,167,FALSE
7/17/2071,Red Sea,27.33721535,44.85877458,27.85423226,7.999716399,Medium,104,FALSE
7/24/2071,Maldives,4.913254698,-167.6293733,28.35238178,8.012100679,Low,161,FALSE
7/31/2071,Red Sea,7.715083024,33.78147591,28.13122468,7.98876162,High,106,TRUE
8/7/2071,Galápagos,-9.324292929,-159.0936146,26.76190177,8.051750187,Medium,147,FALSE
8/14/2071,Maldives,27.51559932,-49.13900132,30.06050777,8.099999074,Medium,79,FALSE
8/21/2071,Red Sea,1.825553501,-12.02503356,29.25222862,7.987584181,High,166,TRUE
8/28/2071,Red Sea,38.32166696,-53.50950493,30.20127538,8.054434985,None,150,FALSE
9/4/2071,Caribbean Sea,33.23368558,-98.11564301,27.36803436,8.057446017,None,154,FALSE
9/11/2071,South China Sea,33.39119171,65.983105,27.68783876,8.137194658,None,110,FALSE
9/18/2071,Hawaiian Islands,-1.659779487,-166.1678196,28.36739829,8.103061014,High,121,FALSE
9/25/2071,Hawaiian Islands,-3.383009554,224.0790884,29.30162293,8.060739386,High,87,FALSE
10/2/2071,Maldives,-25.57388828,-112.0288769,30.6913301,8.07446552,None,98,FALSE
10/9/2071,Hawaiian Islands,1.251211333,-35.35962689,30.78665988,8.076862834,None,107,TRUE
10/16/2071,Great Barrier Reef,0.433246777,65.97678231,27.87089446,8.059585111,Medium,98,TRUE
10/23/2071,Maldives,-3.599687123,15.05854864,28.1243126,8.018479413,High,60,FALSE
10/30/2071,Great Barrier Reef,13.65378948,39.66342624,28.99166262,8.079983771,Low,97,FALSE
11/6/2071,Great Barrier Reef,45.40842891,-92.53461839,28.13316141,8.099269926,Medium,116,FALSE
11/13/2071,Galápagos,11.51553814,112.4471935,28.99569255,8.054477711,None,141,FALSE
11/20/2071,Galápagos,-5.685301517,-9.084493701,31.19523309,8.065057898,Low,95,TRUE
11/27/2071,Caribbean Sea,-14.09091854,-26.14826927,26.76656801,8.080999108,High,142,FALSE
12/4/2071,Hawaiian Islands,-8.144571976,-110.3259918,27.5077016,8.054172632,High,148,FALSE
12/11/2071,Red Sea,-4.376241983,37.57241614,29.9759748,8.034273979,High,121,FALSE
12/18/2071,Maldives,25.15918066,114.8798654,27.70658507,8.049677907,None,64,TRUE
12/25/2071,Galápagos,25.46150277,38.91511043,31.15464584,8.131995442,Medium,156,FALSE
1/1/2072,Red Sea,18.7461704,-106.1677357,29.94467365,8.137567519,Medium,170,FALSE
1/8/2072,Hawaiian Islands,28.32714358,158.6866033,28.85180067,8.082463161,Low,57,FALSE
1/15/2072,Maldives,7.530324986,-247.7353275,27.02638709,8.010527826,None,97,FALSE
1/22/2072,Hawaiian Islands,7.34988128,-169.3091744,26.92316454,8.027249863,Medium,167,FALSE
1/29/2072,Hawaiian Islands,1.165989332,-13.54494144,29.23028772,8.0044957,Medium,57,FALSE
2/5/2072,Great Barrier Reef,6.072243975,-43.21279465,30.96683208,8.041198402,None,136,FALSE
2/12/2072,Hawaiian Islands,6.464565656,-25.02675399,28.04391491,7.989951084,None,147,FALSE
2/19/2072,Red Sea,-19.33245763,118.4810593,28.25600753,8.057907496,Low,132,FALSE
2/26/2072,Great Barrier Reef,11.1131161,-99.11095164,27.93755651,8.153207417,None,134,FALSE
3/4/2072,Hawaiian Islands,12.04092448,14.88608572,30.25717703,8.108277524,None,109,FALSE
3/11/2072,Red Sea,10.14670163,43.16213545,30.29099355,8.061953362,Medium,122,FALSE
3/18/2072,Great Barrier Reef,24.13659549,-2.917142238,29.6523858,8.002708322,Medium,93,FALSE
3/25/2072,Caribbean Sea,14.66305345,-74.2530907,28.01657268,8.020894507,High,146,FALSE
4/1/2072,South China Sea,6.457121453,-44.24701732,29.2664756,8.125101175,Medium,97,FALSE
4/8/2072,South China Sea,13.10620132,164.1370457,28.13508216,8.055522851,None,123,FALSE
4/15/2072,Caribbean Sea,28.87108754,43.70766249,27.88352031,8.043525258,Medium,116,FALSE
4/22/2072,Hawaiian Islands,-4.097560044,92.67576024,26.89637791,8.073250366,Medium,73,FALSE
4/29/2072,Hawaiian Islands,-14.62623801,-33.5404043,28.31701294,8.02467136,None,70,FALSE
5/6/2072,South China Sea,9.637709951,-57.1171431,28.17309098,8.057856206,Medium,170,FALSE
5/13/2072,Red Sea,1.268929638,141.4315171,26.33522809,8.022141628,Low,58,FALSE
5/20/2072,Hawaiian Islands,13.24863313,26.21245322,28.89368503,8.070874001,High,75,FALSE
5/27/2072,Maldives,19.72025369,-232.1942832,26.95006789,7.966455267,Low,86,FALSE
6/3/2072,Great Barrier Reef,23.0083219,110.363106,27.27819448,8.077104656,Medium,115,FALSE
6/10/2072,Hawaiian Islands,12.67014236,-46.51880149,29.2579558,8.040464258,None,58,FALSE
6/17/2072,Great Barrier Reef,9.147149083,-90.12671186,31.4502497,7.977142261,Medium,168,FALSE
6/24/2072,Hawaiian Islands,-1.85480446,-60.44630754,29.20133112,8.129940707,High,155,FALSE
7/1/2072,Hawaiian Islands,2.414277239,-140.9292785,28.37471182,8.067962976,High,54,FALSE
7/8/2072,South China Sea,1.323787856,-74.53410931,31.48308257,8.078814212,Medium,170,FALSE
7/15/2072,Hawaiian Islands,-9.781856197,-61.61849473,27.01777487,8.065413611,Medium,155,FALSE
7/22/2072,Caribbean Sea,-6.161699561,26.72258076,27.87185186,8.099596016,None,54,FALSE
7/29/2072,South China Sea,-0.688996248,51.44779813,28.78034033,7.991313247,Low,118,FALSE
8/5/2072,Galápagos,6.484649716,-10.22448607,28.30405875,8.0909354,High,82,FALSE
8/12/2072,Galápagos,15.37544713,46.19483605,30.30524246,7.981317547,Low,76,FALSE
8/19/2072,Caribbean Sea,34.53243554,31.00128429,25.12151645,8.115611186,None,120,FALSE
8/26/2072,Great Barrier Reef,-3.131610827,98.69007172,29.66899558,7.970818198,Medium,99,FALSE
9/2/2072,Caribbean Sea,-18.08836916,38.67171523,29.02287378,8.022284963,High,66,FALSE
9/9/2072,Hawaiian Islands,8.952921036,36.86870053,29.55414869,8.069425079,High,78,FALSE
9/16/2072,Red Sea,4.950102269,14.75206634,28.12543166,8.059126653,Low,130,FALSE
9/23/2072,South China Sea,1.001176539,128.6764514,28.47594427,8.123418084,Medium,155,FALSE
9/30/2072,Maldives,26.207023,97.42743714,29.01440862,8.097606264,High,81,FALSE
10/7/2072,Caribbean Sea,20.95355324,88.53282856,30.35903253,8.029508234,Medium,90,FALSE
10/14/2072,Hawaiian Islands,7.741311955,78.04333335,28.95584967,8.012487326,High,119,FALSE
10/21/2072,Great Barrier Reef,-9.65214085,-15.52795286,27.44313849,8.120889294,High,139,FALSE
10/28/2072,Great Barrier Reef,-15.43402829,79.05273314,26.95545891,8.053708815,None,107,FALSE
11/4/2072,Maldives,13.54589147,-177.733247,26.42086979,8.004953385,None,145,FALSE
11/11/2072,Hawaiian Islands,4.33636442,-66.97078705,27.40637162,8.054682613,None,131,FALSE
11/18/2072,Galápagos,16.88375197,94.46569886,30.88522569,7.958197185,Medium,146,FALSE
11/25/2072,Hawaiian Islands,5.395199382,-77.97531552,28.62704903,8.056410508,Low,148,FALSE
12/2/2072,South China Sea,-3.292958089,36.80354482,28.70080474,7.990454656,High,108,TRUE
12/9/2072,Maldives,13.90263285,-72.97904325,31.40603713,8.131664042,High,56,TRUE
12/16/2072,Caribbean Sea,-5.941635074,256.862208,27.96103148,8.017345113,High,130,FALSE
12/23/2072,Hawaiian Islands,14.49821999,58.55645588,27.89970699,7.97515133,None,146,FALSE
12/30/2072,Great Barrier Reef,5.296091084,-95.63363458,28.81388186,8.001181935,None,116,FALSE
1/6/2073,South China Sea,-11.13401631,-58.50332548,26.45031978,8.059479208,None,150,TRUE
1/13/2073,Hawaiian Islands,41.67493133,-164.9560957,27.28427834,8.047864863,Medium,117,FALSE
1/20/2073,Caribbean Sea,21.91684052,-72.19751845,27.57026663,8.015485146,Medium,145,FALSE
1/27/2073,Galápagos,1.091575949,35.27195754,32.45529423,8.114393991,Medium,108,FALSE
2/3/2073,Galápagos,-6.011135529,-134.4477366,28.65406407,7.981534668,None,141,FALSE
2/10/2073,South China Sea,34.18936557,66.84704666,26.60852027,8.118697969,Low,80,FALSE
2/17/2073,Hawaiian Islands,13.28248533,46.26862825,28.61634919,8.158173028,High,71,FALSE
2/24/2073,Hawaiian Islands,7.461652935,-31.86195595,28.9444226,8.034397148,Low,72,FALSE
3/3/2073,Great Barrier Reef,19.4450451,4.361431798,29.3613574,8.114959515,High,129,TRUE
3/10/2073,Caribbean Sea,8.369192702,-60.85492395,29.97917491,8.00472667,Low,148,FALSE
3/17/2073,Hawaiian Islands,38.34207761,6.054026851,25.76760188,8.028966012,Low,116,FALSE
3/24/2073,Great Barrier Reef,8.43449553,106.1244065,29.57719962,7.960452779,Medium,140,FALSE
3/31/2073,Hawaiian Islands,2.97080153,61.77593264,29.91726762,8.123751323,Medium,92,FALSE
4/7/2073,Caribbean Sea,-10.66944569,119.1209722,31.33678054,8.097507423,Medium,64,FALSE
4/14/2073,Caribbean Sea,10.58856093,20.02630325,29.35980622,8.04195039,None,81,FALSE
4/21/2073,Red Sea,-8.691290805,57.65610292,29.41547172,8.009267729,Low,135,FALSE
4/28/2073,Galápagos,5.559906395,36.09990397,29.19025862,7.94729474,Low,136,FALSE
5/5/2073,South China Sea,-6.55917485,89.91262273,28.51747253,8.039718074,None,162,FALSE
5/12/2073,South China Sea,12.00407714,53.2632011,28.61506257,8.116010095,Medium,100,FALSE
5/19/2073,Galápagos,7.731507226,150.7623896,27.97280027,8.000989059,Medium,120,FALSE
5/26/2073,Maldives,4.359653235,-17.12406333,27.24911724,8.154531834,None,82,FALSE
6/2/2073,Great Barrier Reef,16.34333368,-76.2288119,29.27217402,8.131284684,Medium,91,FALSE
6/9/2073,Caribbean Sea,14.66557545,-142.3873107,26.93565601,8.074198349,Medium,135,FALSE
6/16/2073,Great Barrier Reef,8.639453276,93.67767848,26.46917396,8.066187535,Medium,66,FALSE
6/23/2073,Great Barrier Reef,6.905300474,-20.13886359,28.63759587,8.024587542,Low,156,TRUE
6/30/2073,Caribbean Sea,13.94055781,16.14535264,29.63775894,8.114011169,None,158,FALSE
7/7/2073,Red Sea,10.43269104,-71.17416216,27.9047472,7.998768245,None,130,FALSE
7/14/2073,Hawaiian Islands,-5.501937174,-114.1372541,26.70255865,7.884049401,Medium,93,TRUE
7/21/2073,South China Sea,20.16919845,95.96359331,27.28782092,8.063045782,None,148,FALSE
7/28/2073,Red Sea,25.85205128,170.2650692,26.01612911,7.974486509,Medium,143,FALSE
8/4/2073,Hawaiian Islands,-5.87286277,81.41843691,28.09268864,8.149267846,High,139,FALSE
8/11/2073,Maldives,-27.16224385,-249.4789124,30.32548359,8.114611163,None,163,FALSE
8/18/2073,Hawaiian Islands,27.13068012,248.1385831,30.59059799,8.003559374,None,136,FALSE
8/25/2073,Maldives,11.66258766,-46.15782684,30.27973284,7.995522032,Low,103,FALSE
9/1/2073,South China Sea,26.49477379,50.55022275,29.42412536,8.079641782,Medium,101,FALSE
9/8/2073,Red Sea,37.15423112,73.07365072,28.50318616,7.980818547,High,163,FALSE
9/15/2073,Galápagos,8.662713222,-64.46603907,28.28300092,8.118653687,Low,68,FALSE
9/22/2073,Great Barrier Reef,10.43145416,-27.20510211,27.65336905,8.066406382,None,91,FALSE
9/29/2073,South China Sea,5.395938825,313.8537826,29.24455414,7.968000659,Low,64,FALSE
10/6/2073,South China Sea,-9.074185908,254.7035373,28.05217323,8.039398167,None,94,TRUE
10/13/2073,Great Barrier Reef,-5.856399033,128.2804328,28.38929903,8.089391768,Medium,72,FALSE
10/20/2073,Great Barrier Reef,12.59926249,43.79878796,28.61679013,8.171833908,High,137,FALSE
10/27/2073,Galápagos,16.59590776,32.88885354,26.04713574,8.079240821,None,65,FALSE
11/3/2073,Caribbean Sea,2.927618701,115.3868185,26.56813406,8.115234594,High,95,TRUE
11/10/2073,Caribbean Sea,3.573903188,-52.65162346,29.21271667,7.960194791,None,70,FALSE
11/17/2073,Caribbean Sea,16.78608217,288.0585894,28.72572753,7.951690611,High,168,FALSE
11/24/2073,Caribbean Sea,-6.463583135,-71.6842938,27.10136693,8.045237684,None,156,FALSE
12/1/2073,Great Barrier Reef,22.71541626,11.4955656,30.67548957,8.091566469,Medium,97,TRUE
12/8/2073,Caribbean Sea,3.052239663,-97.57498467,28.84773357,7.994988508,None,156,FALSE
12/15/2073,Red Sea,1.613233707,-210.3736008,25.15322161,8.025663553,None,151,FALSE
12/22/2073,Great Barrier Reef,-3.646301617,41.83489341,29.0686193,8.056245216,Medium,157,FALSE
12/29/2073,Caribbean Sea,-4.791987606,-131.622147,27.66182804,8.079294677,None,143,FALSE
1/5/2074,Red Sea,20.22676291,35.4209038,28.90942528,8.042006486,Medium,54,FALSE
1/12/2074,Great Barrier Reef,7.706005685,-107.358356,29.87285077,8.088565056,None,151,TRUE
1/19/2074,Red Sea,12.45629511,164.9347076,27.23489503,8.158721982,High,64,TRUE
1/26/2074,Galápagos,-20.0412418,-72.86702044,28.43769622,8.062718666,Medium,170,FALSE
2/2/2074,South China Sea,13.91523351,-43.48688048,29.69880549,8.023650842,High,98,FALSE
2/9/2074,South China Sea,-5.45177578,-25.35749107,28.8469816,8.017392524,Medium,57,FALSE
2/16/2074,South China Sea,14.5445275,130.3391728,29.19996454,8.096321319,Low,135,FALSE
2/23/2074,Maldives,-15.98159681,-97.60990772,30.85159157,8.037539239,High,119,FALSE
3/2/2074,South China Sea,7.269088008,29.46880632,30.56821985,7.935106546,Medium,65,FALSE
3/9/2074,Red Sea,11.69273973,116.1764894,28.96866718,7.933013119,High,115,FALSE
3/16/2074,Caribbean Sea,6.219864932,83.68487192,28.71650009,7.966601057,High,147,FALSE
3/23/2074,South China Sea,12.50633668,-8.833407048,28.37666385,8.006488177,High,79,FALSE
3/30/2074,South China Sea,-3.658923158,-160.1835075,28.80414484,8.02531788,Medium,171,FALSE
4/6/2074,South China Sea,4.281406784,56.7718387,28.91598193,8.124782194,None,118,FALSE
4/13/2074,South China Sea,-8.925938564,28.03664413,28.69233125,7.987796635,High,105,FALSE
4/20/2074,South China Sea,1.454210281,-29.29311053,27.82042721,7.969750801,High,131,FALSE
4/27/2074,Red Sea,39.64601991,-125.8884138,29.23205327,8.135881274,Medium,108,FALSE
5/4/2074,Galápagos,5.841323061,37.18813094,28.9896447,7.972844043,Low,59,FALSE
5/11/2074,South China Sea,12.12863629,-14.35315018,29.51631394,8.052474446,Medium,68,TRUE
5/18/2074,Galápagos,5.55757023,-100.8949162,27.53096922,7.982996128,None,142,FALSE
5/25/2074,Red Sea,-15.86311745,-43.00662146,29.51252305,8.123073674,Medium,143,FALSE
6/1/2074,Hawaiian Islands,-7.825166242,-83.20621154,29.43124949,8.032393248,Medium,95,FALSE
6/8/2074,Caribbean Sea,2.643907968,-92.5102334,24.67453436,8.017819192,None,128,FALSE
6/15/2074,Galápagos,-1.492627171,126.2874818,28.62787033,8.079426411,High,97,FALSE
6/22/2074,Red Sea,31.71784459,-4.638538684,27.5406906,8.073355796,Medium,120,TRUE
6/29/2074,Great Barrier Reef,10.00603543,60.77878105,29.46180363,8.089047291,None,162,TRUE
7/6/2074,Red Sea,8.848710796,-149.3178387,28.33739695,8.003232795,Low,163,FALSE
7/13/2074,Great Barrier Reef,2.93707781,156.7093459,28.59179545,8.153559563,Medium,113,FALSE
7/20/2074,Maldives,8.775780938,49.38894395,26.99433133,8.100881435,Medium,117,FALSE
7/27/2074,South China Sea,25.04663011,106.2623364,28.79699055,8.110378654,None,66,FALSE
8/3/2074,Galápagos,-13.68099613,206.0787264,29.65253542,8.051688366,High,134,FALSE
8/10/2074,Galápagos,-15.49066073,36.98809085,28.13639049,8.049782904,Medium,106,FALSE
8/17/2074,Great Barrier Reef,22.6026076,198.8684168,27.19091744,8.057103824,High,101,FALSE
8/24/2074,Caribbean Sea,15.20736624,173.0157196,28.65600942,8.036234296,None,78,FALSE
8/31/2074,Red Sea,-6.223123632,53.218973,28.47165692,7.967017859,Medium,67,FALSE
9/7/2074,Great Barrier Reef,-4.785487786,-179.6311818,28.08364545,8.071710601,Medium,85,FALSE
9/14/2074,South China Sea,0.164144866,108.6437591,28.94827671,8.062270164,Medium,81,FALSE
9/21/2074,Red Sea,4.538878141,-75.00235621,28.50420023,8.115724803,None,130,FALSE
9/28/2074,Maldives,8.218661987,74.04220705,29.41712266,8.042525331,High,164,FALSE
10/5/2074,Maldives,-27.19214158,63.42820016,29.4865745,8.065672595,Medium,128,TRUE
10/12/2074,Caribbean Sea,-4.642381242,-229.05818,28.6676997,8.094606448,Medium,109,FALSE
10/19/2074,Red Sea,-6.139288038,62.28634968,27.95745861,8.048014774,Medium,86,FALSE
10/26/2074,Great Barrier Reef,-5.963421512,-93.1067069,27.88956882,8.096208828,None,158,FALSE
11/2/2074,South China Sea,4.840048161,217.5939934,28.34776277,8.06406219,High,150,FALSE
11/9/2074,Great Barrier Reef,27.62536148,276.6577991,28.414854,7.991731256,Medium,150,TRUE
11/16/2074,Caribbean Sea,8.920776533,-31.91662302,28.58618819,8.075322422,Medium,69,TRUE
11/23/2074,Red Sea,15.19075002,232.3204003,27.89962607,8.073504336,High,162,TRUE
11/30/2074,South China Sea,-9.655264077,54.9246964,28.32968076,8.061638489,Low,124,FALSE
12/7/2074,Caribbean Sea,11.45822248,-97.35701919,27.27015504,8.15094269,High,65,FALSE
12/14/2074,Red Sea,39.13282908,-202.6861018,28.604853,8.093109131,Medium,146,FALSE
12/21/2074,Red Sea,-8.134820537,-75.95684187,27.25601145,8.129191994,None,94,TRUE
12/28/2074,Caribbean Sea,22.4389043,2.879818794,28.49102063,8.046239091,Medium,55,TRUE
1/4/2075,Great Barrier Reef,-3.38350755,-74.43826997,32.16305083,8.145306755,Low,91,FALSE
1/11/2075,South China Sea,12.5421389,-63.52729209,28.34989003,8.077520014,Medium,64,FALSE
1/18/2075,Great Barrier Reef,1.875839134,-11.51907403,26.05113698,8.0773369,None,133,FALSE
1/25/2075,Red Sea,-2.752022658,255.10334,26.96747906,8.051654432,High,116,FALSE
2/1/2075,Hawaiian Islands,0.867611331,-55.62908663,28.33330874,8.105179218,Medium,113,FALSE
2/8/2075,Galápagos,18.4256911,-51.75490561,28.54368072,8.148982593,Low,158,TRUE
2/15/2075,Caribbean Sea,8.882776129,-0.60322894,28.13295476,8.19240232,None,81,FALSE
2/22/2075,Great Barrier Reef,-28.8734114,147.8109453,30.27046169,8.049228313,None,98,FALSE
3/1/2075,Caribbean Sea,8.326179993,-233.6789479,26.08284697,8.01329614,None,118,FALSE
3/8/2075,South China Sea,37.81810451,-22.00103834,28.07241318,8.04436571,None,158,FALSE
3/15/2075,Great Barrier Reef,-12.3682902,41.26008969,30.08415251,7.97793222,None,66,FALSE
3/22/2075,Caribbean Sea,17.99182366,-38.88376013,28.00990906,8.048397778,Low,166,FALSE
3/29/2075,South China Sea,4.956611613,86.06717528,27.85167877,7.940548868,None,55,FALSE
4/5/2075,Galápagos,27.99425205,-207.2519031,28.86341164,8.120373865,Medium,61,FALSE
4/12/2075,Maldives,26.21792642,64.65458377,27.70065819,8.144449927,None,149,FALSE
4/19/2075,Caribbean Sea,2.291540219,-118.0282128,29.11291491,8.041580354,High,156,TRUE
4/26/2075,Galápagos,0.575962905,3.758843035,27.22998188,8.008364716,Medium,99,TRUE
5/3/2075,Caribbean Sea,5.062040288,160.1881594,30.82888738,8.065845999,Medium,170,FALSE
5/10/2075,South China Sea,12.28892691,16.43672376,29.97588167,8.069282319,None,68,FALSE
5/17/2075,Red Sea,6.01959306,17.46101073,27.55154401,8.061229277,None,66,FALSE
5/24/2075,South China Sea,12.36604615,-232.976464,30.0177189,8.06724768,None,70,FALSE
5/31/2075,Great Barrier Reef,8.272821845,50.79350008,26.99468059,7.97622413,High,144,FALSE
6/7/2075,Red Sea,-0.633869588,22.37072395,28.44114964,7.934504903,None,67,FALSE
6/14/2075,Galápagos,-0.731220702,36.78121008,28.32954787,8.133533109,None,54,FALSE
6/21/2075,Galápagos,-5.938542976,-17.05991516,26.26174356,7.94537012,Medium,73,FALSE
6/28/2075,Caribbean Sea,-20.97361605,-32.79470903,28.97873369,8.100694888,Medium,106,TRUE
7/5/2075,Great Barrier Reef,0.677810102,-26.04154279,30.49584099,8.064656976,Medium,106,FALSE
7/12/2075,Maldives,21.63634401,-33.1866758,27.36736155,8.058391115,Low,55,FALSE
7/19/2075,South China Sea,39.92589715,8.542690351,30.13052312,8.022797894,None,142,FALSE
7/26/2075,Maldives,38.29051982,11.54780166,28.84933616,8.009957654,Medium,158,FALSE
8/2/2075,Red Sea,-2.021251835,46.36170608,28.17823035,8.222569111,High,87,FALSE
8/9/2075,Great Barrier Reef,-6.290516986,95.76951439,28.68943548,7.977849393,None,138,FALSE
8/16/2075,South China Sea,14.66831471,-186.7287775,28.541713,7.976347601,None,129,TRUE
8/23/2075,Hawaiian Islands,18.22396848,106.6803766,27.36724442,7.990231404,None,167,FALSE
8/30/2075,Hawaiian Islands,-4.003604326,122.5852114,25.45250633,8.13332958,None,137,FALSE
9/6/2075,Hawaiian Islands,10.27106797,116.7072582,25.83423385,7.98136281,Medium,135,FALSE
9/13/2075,Caribbean Sea,6.715195541,102.8791407,26.70277516,7.997580728,Medium,94,FALSE
9/20/2075,Great Barrier Reef,20.33622217,2.65122373,28.65936254,8.024778824,None,73,FALSE
9/27/2075,Galápagos,-16.96545628,40.73675191,28.74298626,8.098548079,High,141,FALSE
10/4/2075,Caribbean Sea,-4.193330196,-18.12472031,29.93143302,7.944426835,Medium,160,FALSE
10/11/2075,South China Sea,-15.44144132,69.0427693,25.3053695,8.109517786,Medium,106,FALSE
10/18/2075,Galápagos,7.708024635,-77.98972965,28.5217078,8.149674588,High,70,FALSE
10/25/2075,Red Sea,1.912403682,-77.37616319,28.70113439,8.0860289,Low,116,FALSE
11/1/2075,Hawaiian Islands,-28.31627044,-161.2411645,29.10810752,7.975252101,None,171,TRUE
11/8/2075,Hawaiian Islands,-3.825521534,117.1193469,27.51907311,7.944741595,Low,130,FALSE
11/15/2075,Caribbean Sea,16.93786057,12.05712828,29.53316159,8.044857733,Low,133,FALSE
11/22/2075,Maldives,-5.078930354,135.2300949,26.60642412,7.977635527,None,84,FALSE
11/29/2075,Galápagos,18.02461816,-278.8918224,27.17199486,8.068209322,Low,119,FALSE
12/6/2075,Galápagos,24.62117946,-5.160349084,27.5326964,8.048159819,High,169,FALSE
12/13/2075,Maldives,18.96946952,77.40294763,27.17545087,8.06352811,None,73,TRUE
12/20/2075,Maldives,0.241081631,-10.40031708,28.07794931,8.097088094,None,60,FALSE
12/27/2075,South China Sea,27.92389096,-17.19093376,25.86445202,7.985599009,Low,103,FALSE
1/3/2076,Red Sea,4.263458126,-28.42545422,31.70328182,8.019150325,High,83,FALSE
1/10/2076,Maldives,9.825879851,-105.4382937,30.573604,8.104546621,None,105,TRUE
1/17/2076,Galápagos,10.39836391,66.72717928,28.7443408,7.97295208,Low,163,FALSE
1/24/2076,Great Barrier Reef,45.71293446,-33.09033058,26.52542685,8.023851837,None,60,TRUE
1/31/2076,Galápagos,-8.587444625,-284.3054827,28.90480118,8.065114071,None,113,FALSE
2/7/2076,Maldives,4.240065305,141.0300759,28.36279495,8.082593595,None,69,FALSE
2/14/2076,Maldives,6.127785798,-74.05076822,24.89744956,8.116223271,None,171,FALSE
2/21/2076,Red Sea,7.679196875,44.81925692,28.60918894,8.087166195,None,59,FALSE
2/28/2076,Maldives,20.10175234,1.145421323,25.94902076,8.088622953,None,116,FALSE
3/6/2076,Caribbean Sea,-4.662421133,-205.2295405,27.87887838,8.026059424,None,164,FALSE
3/13/2076,South China Sea,8.014857007,123.487403,26.03741158,8.139735998,High,117,TRUE
3/20/2076,Maldives,14.47320077,-254.0321852,29.07591115,8.065862384,Medium,151,TRUE
3/27/2076,Maldives,-2.292140868,184.8694542,29.97462299,8.021041677,None,107,FALSE
4/3/2076,Great Barrier Reef,27.27870031,117.7309701,29.93297884,8.077679968,None,59,FALSE
4/10/2076,Red Sea,6.939084476,132.163233,26.9929396,8.111791123,Medium,162,TRUE
4/17/2076,Great Barrier Reef,18.99062772,185.1171763,26.10361764,8.116846245,Medium,127,FALSE
4/24/2076,Great Barrier Reef,-3.301321685,47.35515889,28.94591939,8.112954876,Medium,107,FALSE
5/1/2076,Caribbean Sea,0.876762836,-51.28462983,29.78626661,8.056603162,None,163,FALSE
5/8/2076,Maldives,-2.782738286,37.97293855,28.32958001,8.058125165,None,132,TRUE
5/15/2076,Great Barrier Reef,7.629573629,-211.5969871,29.97732058,7.952006105,Medium,140,FALSE
5/22/2076,South China Sea,12.05630871,-87.91450547,27.97694865,8.166142177,Low,128,FALSE
5/29/2076,Caribbean Sea,-5.163972683,218.3270659,25.11125148,8.070697019,Low,91,FALSE
6/5/2076,Maldives,-1.134439464,68.04449738,28.43635167,8.08030486,Medium,67,TRUE
6/12/2076,Galápagos,-1.215435984,25.32954508,29.09643081,7.994486979,Medium,112,FALSE
6/19/2076,Maldives,-0.8086216,100.1325802,27.42279074,8.107592691,Medium,85,FALSE
6/26/2076,Caribbean Sea,17.01268751,162.1554154,28.43979466,8.044660223,Medium,158,FALSE
7/3/2076,Great Barrier Reef,-6.516837512,-186.2161919,29.12714497,8.095097096,High,116,FALSE
7/10/2076,Hawaiian Islands,22.09588855,36.99484846,26.97261122,8.048402463,High,59,FALSE
7/17/2076,Galápagos,-21.55411207,-67.22594735,29.34495483,8.039830152,None,58,FALSE
7/24/2076,Maldives,12.78586157,-204.4747413,29.2698194,7.982215249,Medium,99,FALSE
7/31/2076,Caribbean Sea,3.309785674,15.4090247,27.19774315,8.014708224,High,55,FALSE
8/7/2076,South China Sea,32.64826506,80.60096996,28.60922186,8.083610401,None,99,FALSE
8/14/2076,Great Barrier Reef,2.259563673,132.2376459,27.06656509,8.004001678,High,69,FALSE
8/21/2076,Red Sea,14.81944215,-11.59717138,27.98059485,8.162204554,High,138,FALSE
8/28/2076,Maldives,14.87697457,-7.969380557,26.20273108,8.087019228,None,56,FALSE
9/4/2076,Hawaiian Islands,0.71338585,-4.093798513,28.60488776,8.052282401,High,116,TRUE
9/11/2076,Hawaiian Islands,-13.10295531,-150.0164737,25.16884826,8.078012632,Low,80,FALSE
9/18/2076,Red Sea,18.25759875,98.4487037,25.88480407,8.007963603,None,108,FALSE
9/25/2076,South China Sea,-8.213590718,-146.1474672,28.62603277,8.046655123,High,148,FALSE
10/2/2076,Hawaiian Islands,-12.4124656,86.61224945,30.40288612,8.056471929,Medium,150,TRUE
10/9/2076,Red Sea,4.097840883,-148.1790248,30.51240629,8.090519501,None,88,FALSE
10/16/2076,Red Sea,4.350587999,-217.8483863,28.55024663,8.058983795,None,127,FALSE
10/23/2076,Hawaiian Islands,18.65650771,19.62312196,30.48226274,7.975026912,None,150,FALSE
10/30/2076,Great Barrier Reef,-3.905472403,-34.81058998,28.02166988,8.124519022,None,121,FALSE
11/6/2076,Hawaiian Islands,33.36463985,31.30147386,28.54012647,8.068058671,Medium,122,FALSE
11/13/2076,Galápagos,26.34818522,-12.02460525,30.14918251,8.003017296,Medium,132,FALSE
11/20/2076,Red Sea,23.80184221,26.99950543,26.85852092,8.011270574,Medium,117,FALSE
11/27/2076,Galápagos,3.815026694,-37.91634893,29.23103748,8.094179578,High,131,FALSE
12/4/2076,Red Sea,28.38902816,66.85608921,28.15391195,8.023912581,None,112,FALSE
12/11/2076,Red Sea,-1.052039565,-108.4419115,30.4063117,8.017024229,High,88,FALSE
12/18/2076,Great Barrier Reef,3.313219733,-35.77690263,28.86530773,8.086544346,None,162,TRUE
12/25/2076,Maldives,25.52120892,41.06622837,26.96889472,8.060110328,Medium,80,FALSE
1/1/2077,Red Sea,0.165181306,-19.85377438,26.99056459,8.021880806,None,125,TRUE
1/8/2077,Galápagos,3.073000136,-100.9406405,29.02706082,8.088283255,None,145,FALSE
1/15/2077,Red Sea,-0.209749285,143.6034053,27.21677057,8.051526493,High,82,FALSE
1/22/2077,South China Sea,21.76705678,74.32654536,28.36769772,8.004872399,None,85,FALSE
1/29/2077,Galápagos,7.109401186,-40.23759682,26.76640802,8.000903598,Low,88,FALSE
2/5/2077,South China Sea,-10.01309867,-65.32103264,26.99713579,8.004404257,Medium,91,FALSE
2/12/2077,Hawaiian Islands,-0.16305584,61.39458169,28.49883962,8.004722863,High,125,FALSE
2/19/2077,Hawaiian Islands,-3.404177403,-11.90592858,28.60443637,8.022998456,Low,145,FALSE
2/26/2077,Red Sea,-5.061586877,-6.326695554,28.72505823,7.988554,None,92,FALSE
3/5/2077,Hawaiian Islands,8.650352717,237.6670673,27.68677581,8.028865721,High,112,FALSE
3/12/2077,Red Sea,-7.022611512,35.53060403,28.33330551,8.029565049,Low,123,FALSE
3/19/2077,Galápagos,8.23792259,-141.9880523,30.69107366,8.072212214,Low,170,FALSE
3/26/2077,South China Sea,5.355339901,22.44626147,28.22329353,8.06532714,Medium,62,FALSE
4/2/2077,Great Barrier Reef,0.623089294,59.56599342,29.58108973,8.046468175,None,133,FALSE
4/9/2077,Caribbean Sea,-0.556469465,175.9330571,28.61221169,8.02769308,Low,164,FALSE
4/16/2077,Hawaiian Islands,14.57480326,24.55205045,28.34715454,8.008161716,Medium,133,FALSE
4/23/2077,Great Barrier Reef,-10.45965923,-124.7057707,29.90657996,8.122215463,Medium,92,FALSE
4/30/2077,Maldives,1.449473047,50.63086651,29.51395694,8.021548837,None,55,FALSE
5/7/2077,Maldives,32.6682024,136.4975837,29.31836257,8.024716797,None,169,FALSE
5/14/2077,Maldives,-0.677961532,-76.86748376,29.30416302,8.110047168,High,116,FALSE
5/21/2077,South China Sea,3.75795987,71.20525102,29.94819724,8.001280086,High,58,FALSE
5/28/2077,Great Barrier Reef,8.778271631,47.54257532,28.99849154,7.961340223,Low,69,TRUE
6/4/2077,South China Sea,-9.388890833,-72.31862246,29.5797099,7.957109618,None,60,FALSE
6/11/2077,Great Barrier Reef,29.93439215,-241.543394,28.74154477,8.102971542,Low,120,FALSE
6/18/2077,Galápagos,25.25813429,-45.5668371,26.61013802,8.060840831,High,105,FALSE
6/25/2077,South China Sea,24.773596,-40.91302191,28.85746047,8.04728714,Medium,111,FALSE
7/2/2077,Maldives,-4.196129161,-49.14361866,26.61427689,8.107570454,None,127,FALSE
7/9/2077,South China Sea,0.26547554,180.4062704,28.10915924,8.07617903,Medium,161,FALSE
7/16/2077,Hawaiian Islands,6.929101881,-86.84486377,27.13271065,8.070508075,Medium,148,TRUE
7/23/2077,Red Sea,2.28163336,11.19560268,25.55654402,7.923359915,None,68,TRUE
7/30/2077,South China Sea,8.779832687,-51.02226719,26.60657442,8.098119275,None,92,FALSE
8/6/2077,Hawaiian Islands,18.01432065,-15.0455658,26.73564834,8.042118391,Medium,90,FALSE
8/13/2077,Hawaiian Islands,21.51785188,-83.54364526,25.42715225,7.984126498,Medium,95,FALSE
8/20/2077,Red Sea,-7.280781351,-5.242330174,27.99241156,8.061880597,Low,147,FALSE
8/27/2077,Great Barrier Reef,6.815648188,89.04341875,29.1136355,8.088152639,Medium,119,FALSE
9/3/2077,Maldives,-29.16557824,-92.24986067,28.89796677,8.05088422,Medium,134,FALSE
9/10/2077,Great Barrier Reef,13.98890348,212.1065813,27.81602195,7.99405217,None,169,FALSE
9/17/2077,South China Sea,7.086210938,18.9427748,30.42269276,8.100676713,Medium,116,FALSE
9/24/2077,Maldives,-0.53917094,-12.7108729,30.06128152,8.060036193,Medium,97,FALSE
10/1/2077,Caribbean Sea,-11.18292922,-111.4196551,25.34664813,8.065093728,None,165,FALSE
10/8/2077,Caribbean Sea,7.578234541,-170.6250565,28.39896343,8.104171549,None,137,FALSE
10/15/2077,Hawaiian Islands,-10.71502175,41.64639466,27.97299494,8.11614275,Medium,167,FALSE
10/22/2077,Caribbean Sea,-0.135677069,-30.31862011,28.93137498,8.072158632,None,166,FALSE
10/29/2077,Caribbean Sea,-18.90003917,52.38329355,29.8966572,8.147761016,None,66,FALSE
11/5/2077,South China Sea,19.50216278,-37.2285717,28.86622293,8.134978158,Low,89,FALSE
11/12/2077,Red Sea,6.331826425,-210.494301,28.60864322,8.138310624,Low,163,FALSE
11/19/2077,Caribbean Sea,8.872746569,74.71140778,29.56469711,8.093328066,None,144,FALSE
11/26/2077,Caribbean Sea,17.69722793,-1.728750176,27.05617143,8.018904099,None,122,TRUE
12/3/2077,Caribbean Sea,-16.562809,-60.32046496,28.9550966,8.049669152,Low,126,FALSE
12/10/2077,Galápagos,25.79844769,63.82339157,29.16270689,8.040162872,None,78,FALSE
12/17/2077,Great Barrier Reef,-18.25672211,142.4262733,29.64415759,8.046892781,Low,112,FALSE
12/24/2077,South China Sea,-3.990486003,-177.9564504,27.15814568,7.983127808,Low,67,FALSE
12/31/2077,Red Sea,10.52441652,58.02716394,27.747377,8.084519066,Medium,149,TRUE
1/7/2078,Hawaiian Islands,26.62509338,-47.13381272,29.78397814,7.995580588,Low,118,FALSE
1/14/2078,Maldives,23.63228338,-42.75051739,30.81882401,7.925954666,Low,89,FALSE
1/21/2078,Great Barrier Reef,18.98241253,10.61242176,28.40364619,8.021618038,None,158,FALSE
1/28/2078,Galápagos,42.15112835,20.44151476,28.59988684,7.968692627,Medium,117,FALSE
2/4/2078,Maldives,2.768592013,-93.10648467,27.73847118,8.059927987,Medium,76,FALSE
2/11/2078,Caribbean Sea,3.596083802,21.80200493,30.93955384,7.996931159,Medium,67,FALSE
2/18/2078,Red Sea,6.955515338,36.30557977,28.07071142,8.004867171,Medium,95,TRUE
2/25/2078,Red Sea,-0.033208043,19.15382653,27.56476308,8.05645077,High,126,FALSE
3/4/2078,Maldives,-22.19036465,142.2333939,30.33031053,8.146942896,Medium,104,FALSE
3/11/2078,Galápagos,17.94749189,-173.6624137,26.80587544,8.025788376,None,100,FALSE
3/18/2078,Galápagos,21.4103684,-71.02286803,29.82183201,7.885295985,None,93,FALSE
3/25/2078,Maldives,0.893759779,-30.08034012,29.22746567,7.987705429,High,82,TRUE
4/1/2078,South China Sea,14.66962972,90.23967697,28.07373471,8.086680234,None,128,FALSE
4/8/2078,Red Sea,7.386324281,93.83919047,26.99934717,8.100717776,High,80,FALSE
4/15/2078,Galápagos,-1.22043072,-48.13998493,28.40882879,8.019770623,Medium,79,FALSE
4/22/2078,Galápagos,0.093354977,122.2059832,30.42019179,7.983990409,None,154,FALSE
4/29/2078,Great Barrier Reef,11.74662524,30.50410659,30.5399629,8.031079724,High,168,FALSE
5/6/2078,Red Sea,15.38507315,30.92908886,26.63182473,7.956959946,High,61,FALSE
5/13/2078,Maldives,32.1406049,30.19698423,30.3612482,8.019865711,None,161,FALSE
5/20/2078,Galápagos,14.03040138,52.22549892,27.8467014,8.088984251,High,110,FALSE
5/27/2078,South China Sea,12.26391321,73.16031332,28.41894533,8.058197911,None,54,FALSE
6/3/2078,Galápagos,33.00819782,33.78412932,25.52737013,8.100708327,None,152,FALSE
6/10/2078,Red Sea,8.497708647,-307.9643065,28.52765301,8.085056415,High,144,FALSE
6/17/2078,Galápagos,25.20843172,-17.86583101,28.40484472,8.026162148,Medium,151,FALSE
6/24/2078,South China Sea,2.192687367,107.5815428,26.76077895,8.133580453,Low,119,FALSE
7/1/2078,Red Sea,-14.29304054,102.0314189,30.03523084,8.047796856,None,111,FALSE
7/8/2078,Caribbean Sea,-7.798531725,44.72922082,27.43884976,8.083412179,Low,77,FALSE
7/15/2078,Red Sea,26.71825449,150.1489687,27.72248045,8.021333332,High,68,FALSE
7/22/2078,Red Sea,9.698126735,-23.36650006,27.10165567,8.089723092,Medium,158,FALSE
7/29/2078,Maldives,7.85884575,53.56951695,25.35587076,7.974877714,None,62,FALSE
8/5/2078,Great Barrier Reef,9.315578496,66.00788637,26.6346584,8.039197967,Medium,98,FALSE
8/12/2078,South China Sea,12.43405511,-141.1211329,26.89268505,8.05667965,Low,81,TRUE
8/19/2078,Hawaiian Islands,-13.11380386,-33.19537479,26.735801,8.008269253,Medium,109,TRUE
8/26/2078,Caribbean Sea,9.951892369,12.97051242,28.68961035,8.075766701,Medium,105,FALSE
9/2/2078,Maldives,-30.02750637,-194.6589714,27.34869194,8.08016632,High,165,FALSE
9/9/2078,Great Barrier Reef,-2.0177343,-16.31908081,30.56383929,7.993736838,None,167,FALSE
9/16/2078,Great Barrier Reef,5.946721221,8.907659236,29.31064607,8.156847967,High,66,FALSE
9/23/2078,Caribbean Sea,4.428171053,173.2810056,26.67102128,8.132130002,None,129,FALSE
9/30/2078,Hawaiian Islands,-21.20041261,-27.82682832,26.79085987,7.986596851,High,142,TRUE
10/7/2078,Great Barrier Reef,-7.40758586,158.4348869,29.8469693,8.077696868,High,57,FALSE
10/14/2078,Hawaiian Islands,-4.164965926,164.6631031,29.52804314,8.042752704,High,74,TRUE
10/21/2078,South China Sea,16.05037722,-15.94225208,30.1747157,8.079722091,Medium,100,FALSE
10/28/2078,Great Barrier Reef,-25.99290587,-53.10870001,30.04079099,8.043524605,None,67,FALSE
11/4/2078,Caribbean Sea,-21.603372,135.3426445,28.36249894,8.049871133,High,149,FALSE
11/11/2078,Hawaiian Islands,40.54016492,170.1833489,26.68951249,8.041658185,Medium,160,FALSE
11/18/2078,Hawaiian Islands,2.925963341,54.49983763,28.78405357,8.05828292,None,126,FALSE
11/25/2078,Red Sea,10.26923121,5.994788782,28.30868756,8.026274255,Low,132,FALSE
12/2/2078,Great Barrier Reef,-9.773180779,183.1564855,27.18372526,8.137117836,Low,129,TRUE
12/9/2078,Caribbean Sea,-12.50655715,-73.32782521,29.62530681,8.161652842,Low,138,FALSE
12/16/2078,Great Barrier Reef,10.02477797,-2.507392524,30.10622084,8.081612904,None,168,FALSE
12/23/2078,Galápagos,7.890984958,-37.3676377,28.68683491,7.999801387,High,170,FALSE
12/30/2078,Hawaiian Islands,2.042121665,-68.78897307,29.69910619,8.119338927,Low,135,FALSE
1/6/2079,South China Sea,3.207971066,-7.80884603,30.12613269,8.084796277,Low,147,FALSE
1/13/2079,Maldives,-1.632215977,15.89519861,29.08785901,8.164923058,High,121,FALSE
1/20/2079,Red Sea,14.39034813,105.3002465,28.77089586,8.072781691,Low,63,FALSE
1/27/2079,Caribbean Sea,-4.698241246,-32.99354318,29.74747132,8.038252438,Medium,163,FALSE
2/3/2079,Galápagos,3.224704236,-74.4961495,29.80633931,8.099658717,Medium,167,FALSE
2/10/2079,Caribbean Sea,2.86335687,55.28297026,28.40620243,8.051129217,High,167,FALSE
2/17/2079,Caribbean Sea,8.305935234,169.014282,28.92881801,8.051641888,High,107,FALSE
2/24/2079,South China Sea,15.66795827,42.55357544,29.82383217,7.90012242,None,67,FALSE
3/3/2079,Great Barrier Reef,-4.3704761,-4.646493372,26.28482266,8.077400057,None,149,FALSE
3/10/2079,South China Sea,24.40154775,140.4820404,26.30993143,8.026932539,Medium,127,TRUE
3/17/2079,Red Sea,7.013105067,161.3620142,27.06281592,8.065138583,Medium,107,FALSE
3/24/2079,Great Barrier Reef,5.86083185,69.47267181,27.69430507,8.00554424,None,76,FALSE
3/31/2079,Maldives,3.126083802,41.21726048,27.05055567,8.08358999,Low,60,FALSE
4/7/2079,South China Sea,-1.280889647,190.7231763,28.90281953,8.084498205,Medium,157,TRUE
4/14/2079,Red Sea,13.40803292,13.00212659,29.27324949,8.039633589,Medium,91,TRUE
4/21/2079,Hawaiian Islands,10.90299268,1.621947559,29.93995807,8.073694789,High,81,FALSE
4/28/2079,Red Sea,16.10565825,-108.5461187,30.9665571,8.011947324,High,55,TRUE
5/5/2079,South China Sea,7.419402448,-95.26662036,30.22806132,8.058782273,High,109,FALSE
5/12/2079,Great Barrier Reef,3.074855894,-6.429525751,29.28407866,7.930676973,High,104,FALSE
5/19/2079,South China Sea,-21.94037214,81.01386556,26.95490225,7.953993322,Medium,132,FALSE
5/26/2079,Hawaiian Islands,18.08029325,-140.5034863,28.68844006,8.021598013,Low,134,TRUE
6/2/2079,Caribbean Sea,-17.34118083,-13.00639548,28.43220771,8.074331045,None,82,FALSE
6/9/2079,Great Barrier Reef,25.78469905,-81.7249066,28.66358187,8.105239455,High,105,FALSE
6/16/2079,Maldives,24.85404087,66.53788246,28.63364765,7.998440944,High,128,FALSE
6/23/2079,Caribbean Sea,9.998686245,1.769831286,30.15326998,7.958749751,High,130,FALSE
6/30/2079,Hawaiian Islands,12.86014022,9.70618032,26.66636301,8.079179723,Medium,159,TRUE
7/7/2079,South China Sea,-4.186737982,14.8340213,29.39068454,8.023981274,High,169,FALSE
7/14/2079,Hawaiian Islands,-4.498932488,-147.4338701,28.20348482,8.02303878,Medium,107,FALSE
7/21/2079,Great Barrier Reef,18.70596884,74.30441007,27.31298366,8.042613989,High,86,FALSE
7/28/2079,Great Barrier Reef,39.10994008,28.78212477,29.18534165,8.128808044,None,104,FALSE
8/4/2079,Galápagos,-0.597467584,-50.03687736,28.99149498,8.049191026,High,166,FALSE
8/11/2079,Caribbean Sea,-15.16870877,65.31171015,26.96082652,8.071179533,None,84,TRUE
8/18/2079,South China Sea,9.5010841,52.57984174,30.24641564,7.995756237,Low,93,FALSE
8/25/2079,Red Sea,18.93752906,-66.64847414,24.7421248,8.062787937,None,122,FALSE
9/1/2079,Great Barrier Reef,14.89942202,10.77916726,27.88387821,8.079905569,Low,55,FALSE
9/8/2079,Galápagos,17.20173014,29.74400457,29.98588974,8.0354695,Medium,92,FALSE
9/15/2079,Great Barrier Reef,8.797154352,159.9560132,29.92081855,8.125809825,None,94,FALSE
9/22/2079,Red Sea,26.30222698,76.64176262,29.64734737,8.070304177,High,60,TRUE
9/29/2079,South China Sea,26.76489864,-110.529257,29.22273716,8.000646035,None,81,FALSE
10/6/2079,Great Barrier Reef,26.62684481,82.22794392,25.77837581,8.108882648,Low,162,FALSE
10/13/2079,Galápagos,6.219999161,-175.0238389,26.69380323,8.059582524,High,160,FALSE
10/20/2079,South China Sea,-0.340204621,-114.7675392,24.50827442,8.022467532,Low,95,FALSE
10/27/2079,Maldives,18.38191957,-20.14593818,28.19096673,7.983252784,Low,171,FALSE
11/3/2079,Galápagos,-26.3195661,-57.09920477,29.40065685,8.057383543,High,138,TRUE
11/10/2079,Hawaiian Islands,-10.29473196,115.8201836,29.98528924,8.047808525,None,155,FALSE
11/17/2079,Red Sea,14.30984537,-100.2141502,25.09769348,7.917609453,None,88,TRUE
11/24/2079,Maldives,16.15724538,76.82992043,29.35833631,8.12607457,High,132,FALSE
12/1/2079,Maldives,15.63052659,13.06919582,30.51912438,8.20254521,High,122,FALSE
12/8/2079,Great Barrier Reef,14.83699985,-105.4292147,27.84427973,8.00441726,Low,131,FALSE
12/15/2079,South China Sea,20.64322717,-75.36273413,29.13901936,7.900890258,Low,151,FALSE
12/22/2079,Great Barrier Reef,-7.19347665,-34.10428283,27.43031424,8.067010359,None,167,FALSE
12/29/2079,Caribbean Sea,14.05015937,15.39249575,28.82534305,7.954441929,High,56,FALSE
1/5/2080,Galápagos,12.94407449,-23.29523118,30.02366971,8.118763798,None,160,FALSE
1/12/2080,Maldives,12.06703894,-180.6719386,29.13275016,7.972405885,High,163,TRUE
1/19/2080,South China Sea,17.5746978,140.5290817,28.79563466,8.004101944,Medium,145,TRUE
1/26/2080,Red Sea,15.79867329,40.14604005,28.17313441,8.038699187,None,160,FALSE
2/2/2080,Hawaiian Islands,19.79644321,57.95339682,27.91010316,8.091756805,None,140,FALSE
2/9/2080,Caribbean Sea,22.49536091,68.21744806,29.3384318,7.992504517,Medium,111,FALSE
2/16/2080,Red Sea,21.16428871,66.96864119,28.78370133,7.893575004,None,169,FALSE
2/23/2080,Hawaiian Islands,-1.495375942,20.23288152,27.14302985,8.037170144,None,66,TRUE
3/1/2080,Maldives,5.644793794,-160.5747271,28.59563014,8.105706035,Medium,149,FALSE
3/8/2080,Hawaiian Islands,7.184318615,-30.64572348,28.17972437,7.990406329,High,157,FALSE
3/15/2080,Hawaiian Islands,-9.299517768,7.855461246,26.76658282,8.125909653,Low,83,FALSE
3/22/2080,Hawaiian Islands,5.306415826,285.7670275,27.19132019,8.092531395,High,171,TRUE
3/29/2080,South China Sea,7.137410221,-27.39558426,29.87631784,8.051345895,None,103,FALSE
4/5/2080,Hawaiian Islands,-7.270105811,50.84639848,29.53166931,8.114756855,Medium,92,FALSE
4/12/2080,South China Sea,5.809663779,0.46220785,26.18603918,8.02670132,Low,145,FALSE
4/19/2080,Galápagos,4.151549196,198.2366496,28.77416623,8.006817996,None,157,FALSE
4/26/2080,Galápagos,-5.465345288,-110.1828594,27.22757022,8.135573923,Medium,60,FALSE
5/3/2080,Caribbean Sea,12.79792852,28.65519489,27.99755943,7.95917565,Medium,149,FALSE
5/10/2080,Maldives,-4.181246407,-51.6026581,28.81312552,7.998620145,High,153,FALSE
5/17/2080,Great Barrier Reef,34.60424461,-188.0378592,27.59345782,8.065115187,Medium,91,FALSE
5/24/2080,Great Barrier Reef,7.086809726,-103.8726321,28.59759742,8.06413913,High,171,FALSE
5/31/2080,Great Barrier Reef,23.15194707,-3.619921099,29.93387786,8.078235789,Medium,62,FALSE
6/7/2080,Galápagos,-20.12744672,188.9358955,29.63738355,8.113195075,High,135,FALSE
6/14/2080,Galápagos,27.07703378,-122.6181052,30.78656177,8.086361765,Medium,85,FALSE
6/21/2080,Red Sea,21.09456333,-227.0880339,28.80665734,8.077439336,High,147,FALSE
6/28/2080,Maldives,23.90637706,72.19099054,28.8083564,8.056359701,Low,88,TRUE
7/5/2080,Galápagos,19.85966782,78.57190865,29.70915366,8.02159376,High,134,FALSE
7/12/2080,South China Sea,2.360686588,-52.2191838,28.23650858,8.043745341,None,105,FALSE
7/19/2080,Maldives,15.12169992,15.72787817,29.86682616,7.96246192,Low,54,FALSE
7/26/2080,Maldives,-0.233733742,-39.65745735,25.95273662,8.048674768,High,56,FALSE
8/2/2080,Great Barrier Reef,-16.02890553,-142.3797149,27.25216302,8.01995065,High,118,FALSE
8/9/2080,South China Sea,8.899063697,-17.4070251,28.37350056,8.010582933,Medium,148,FALSE
8/16/2080,Hawaiian Islands,17.11493056,-119.6216153,28.90963562,8.056362353,None,112,FALSE
8/23/2080,Galápagos,-18.58290225,6.734146591,27.8134725,8.065028082,High,171,FALSE
8/30/2080,South China Sea,-4.265601026,-231.064215,28.80840618,8.096069214,High,161,FALSE
9/6/2080,Maldives,-11.2052092,-244.7634339,28.5701542,8.096344541,Medium,127,TRUE
9/13/2080,Great Barrier Reef,-0.619227877,-83.97098644,28.5827398,7.954164623,High,75,FALSE
9/20/2080,Great Barrier Reef,-5.010663876,-230.2642123,24.67286694,8.034586975,None,61,FALSE
9/27/2080,South China Sea,-15.29031545,141.4636162,28.26966355,8.008128391,Medium,160,FALSE
10/4/2080,Galápagos,-0.36078294,8.139647582,30.47329029,8.056668361,Medium,75,FALSE
10/11/2080,Galápagos,11.01447177,145.5991978,27.20527106,8.051747696,None,126,TRUE
10/18/2080,Red Sea,0.98915945,93.72034833,28.78050749,8.071878892,High,58,FALSE
10/25/2080,Caribbean Sea,25.65327161,-136.4228607,27.75383706,8.072500274,High,91,FALSE
11/1/2080,Hawaiian Islands,18.45319395,-71.4325409,28.04418109,7.994803599,Medium,118,FALSE
11/8/2080,South China Sea,15.86472472,-115.8867539,26.68563011,8.001434899,Low,140,FALSE
11/15/2080,Galápagos,-37.68364549,-214.3017229,31.31508373,8.039457254,High,128,TRUE
11/22/2080,Great Barrier Reef,26.19587952,-51.62253977,29.74899574,8.052877177,None,151,FALSE
11/29/2080,Great Barrier Reef,8.838023472,36.39989127,30.81520202,8.142743328,High,94,FALSE
12/6/2080,Galápagos,11.05314001,-17.54268519,28.4428623,8.014283787,Medium,103,FALSE
12/13/2080,Maldives,18.40324692,-22.60703357,27.45299826,7.951879138,High,54,TRUE
12/20/2080,Great Barrier Reef,8.122499557,90.92901618,31.43770683,8.068821916,None,104,FALSE
12/27/2080,Great Barrier Reef,10.91144418,-34.61992196,28.73884254,8.066528112,None,57,FALSE
1/3/2081,Caribbean Sea,-12.9542453,-22.85014966,29.2777912,8.03942741,None,70,FALSE
1/10/2081,Galápagos,-0.168324514,85.70073988,29.22532315,8.086891394,Medium,80,FALSE
1/17/2081,South China Sea,6.169274702,68.86626861,29.5676066,8.039354286,Low,85,FALSE
1/24/2081,Red Sea,18.26468897,-0.558677894,29.13632563,8.06423949,Low,161,FALSE
1/31/2081,South China Sea,27.12703166,-141.9265589,28.06626589,8.074740128,Medium,168,FALSE
2/7/2081,Great Barrier Reef,21.06152155,-34.78070709,29.53688595,8.082447428,Low,118,FALSE
2/14/2081,South China Sea,26.09755827,131.3683856,29.04315044,8.06761363,High,122,TRUE
2/21/2081,Red Sea,-17.64431409,-121.801071,26.42601339,8.077124267,None,136,FALSE
2/28/2081,Maldives,0.618524739,195.7867671,28.8529345,8.074086192,None,141,TRUE
3/7/2081,Caribbean Sea,14.71327948,-153.7468533,29.09172876,8.129553361,High,55,TRUE
3/14/2081,Great Barrier Reef,6.244013821,16.71631153,28.54841085,8.175034446,High,153,FALSE
3/21/2081,Red Sea,-3.900017581,-22.88627431,29.15004211,7.997250073,High,72,FALSE
3/28/2081,Galápagos,5.797320505,157.0007537,25.93100523,7.950833792,Medium,56,FALSE
4/4/2081,Maldives,-12.78211747,1.321402336,27.68261722,8.036575579,Medium,120,FALSE
4/11/2081,Maldives,-1.0802899,153.8481712,28.09099431,8.092601122,Low,99,FALSE
4/18/2081,South China Sea,-6.05011727,-54.70480181,28.41785676,7.944175291,Low,102,FALSE
4/25/2081,Galápagos,-0.495138897,-126.1464117,29.6776058,8.101955793,Medium,70,FALSE
5/2/2081,Maldives,25.72646352,5.253590375,29.68155032,8.049037595,Low,75,FALSE
5/9/2081,Hawaiian Islands,19.67329873,89.03436728,25.50545818,8.03250901,Low,119,FALSE
5/16/2081,Galápagos,9.652574666,-20.71413047,27.88336405,8.041004841,Low,143,FALSE
5/23/2081,South China Sea,16.40920778,321.5113864,29.3308228,7.952043429,High,58,FALSE
5/30/2081,Great Barrier Reef,4.252336701,101.2659689,30.20305821,8.002134869,Low,137,FALSE
6/6/2081,Maldives,13.22272796,28.89675674,28.00166012,8.055253919,Medium,133,FALSE
6/13/2081,Caribbean Sea,0.288120375,53.86481781,29.0880743,7.942930491,Low,101,FALSE
6/20/2081,Galápagos,-7.816976998,-6.860271766,27.61818342,8.076843824,Low,66,FALSE
6/27/2081,Hawaiian Islands,2.548050579,-24.30314548,27.73741047,8.100621686,Low,89,FALSE
7/4/2081,Hawaiian Islands,-2.276101052,70.16560226,30.47963192,8.097461724,High,156,FALSE
7/11/2081,Hawaiian Islands,8.027534623,-30.04460748,26.98550067,7.988802444,None,111,FALSE
7/18/2081,Great Barrier Reef,17.18357908,63.32752874,26.78254517,8.149036552,High,157,FALSE
7/25/2081,Galápagos,15.2255789,66.5135946,30.988346,8.073178888,High,150,FALSE
8/1/2081,Hawaiian Islands,23.91226373,-133.1491631,30.81017129,8.025024114,High,125,FALSE
8/8/2081,Red Sea,5.737804618,104.896858,26.56499759,7.966023604,None,105,FALSE
8/15/2081,Maldives,18.86528529,-32.45873464,29.72484425,7.985472093,High,88,FALSE
8/22/2081,Red Sea,33.8842238,34.04751698,29.30712259,8.113704933,Medium,151,TRUE
8/29/2081,Red Sea,0.43403807,-61.75186875,28.56736567,7.978016886,High,56,FALSE
9/5/2081,Maldives,-13.52062288,-71.82821715,29.09401167,7.956765729,None,54,FALSE
9/12/2081,Hawaiian Islands,4.47475814,-90.25171288,30.48498103,8.057170607,None,79,FALSE
9/19/2081,Galápagos,11.76122006,-126.1939669,29.74429347,7.978312793,Medium,71,FALSE
9/26/2081,Hawaiian Islands,1.853331885,175.0361124,28.04419689,8.014919357,Medium,57,FALSE
10/3/2081,Galápagos,3.063975655,-29.84745664,29.95559852,7.967859346,None,137,FALSE
10/10/2081,Maldives,10.26107835,120.748716,27.53685963,7.941300631,Low,54,FALSE
10/17/2081,Great Barrier Reef,9.152234921,189.3377102,30.5092019,7.994283336,Medium,140,TRUE
10/24/2081,Red Sea,8.106754142,147.9895564,26.99036027,7.991000995,High,115,FALSE
10/31/2081,Maldives,7.871612519,142.4046929,31.7566846,8.011490509,None,120,FALSE
11/7/2081,Hawaiian Islands,28.26173085,111.2043478,28.32986827,7.966147553,High,122,FALSE
11/14/2081,Hawaiian Islands,-0.372031728,79.04095445,30.1681731,8.052059078,High,158,FALSE
11/21/2081,Galápagos,3.201194227,33.54035525,29.74872362,7.99685934,None,131,TRUE
11/28/2081,Galápagos,-3.641108032,-174.401052,30.42097011,8.040968802,High,84,FALSE
12/5/2081,Hawaiian Islands,38.09339784,-58.50050307,27.12647454,8.063662596,None,115,FALSE
12/12/2081,Hawaiian Islands,-7.130424437,35.46786823,29.4989081,8.024608197,None,86,FALSE
12/19/2081,South China Sea,30.81890026,162.8686611,28.90343031,8.075237724,Low,131,FALSE
12/26/2081,Great Barrier Reef,20.24114469,-65.92305736,27.90929731,8.027066544,Medium,114,FALSE
1/2/2082,Galápagos,6.491947993,-90.17684056,28.16693105,7.994844017,Low,130,FALSE
1/9/2082,Caribbean Sea,-4.60253644,202.5860658,29.52844361,8.040439224,High,149,FALSE
1/16/2082,Maldives,-14.01258229,-190.698865,30.98703571,8.06071172,None,85,FALSE
1/23/2082,Caribbean Sea,3.46520949,84.42725403,29.42012806,8.094660581,High,142,FALSE
1/30/2082,South China Sea,9.491888428,46.08257874,29.14577727,8.017937947,Medium,89,FALSE
2/6/2082,Caribbean Sea,15.84310107,176.5337113,30.72308054,7.92330616,None,163,TRUE
2/13/2082,Red Sea,15.82888084,94.93187288,29.88091028,8.039125529,None,142,FALSE
2/20/2082,Red Sea,-9.627299065,174.0824232,28.65050742,8.074690156,Medium,132,FALSE
2/27/2082,Galápagos,2.958310472,-144.9569481,27.33580052,8.043664863,Medium,143,FALSE
3/6/2082,Great Barrier Reef,9.871863068,150.1500467,29.10123518,8.042513501,Low,138,TRUE
3/13/2082,South China Sea,33.35340448,159.0271618,27.44203327,8.016927162,Medium,124,FALSE
3/20/2082,Great Barrier Reef,8.048848133,-35.12508695,29.30567978,8.072015878,None,111,FALSE
3/27/2082,Great Barrier Reef,3.783560175,143.3360525,29.56858633,8.021854444,Low,157,FALSE
4/3/2082,Hawaiian Islands,-10.37722288,-51.08486285,28.693218,8.054509184,None,138,TRUE
4/10/2082,Caribbean Sea,23.81028817,-67.25932986,28.30604142,8.040544463,None,143,FALSE
4/17/2082,Caribbean Sea,21.857043,105.2751654,28.49229436,8.066151544,Medium,105,FALSE
4/24/2082,Great Barrier Reef,12.77337103,-219.4741064,30.49857511,8.010762328,High,77,FALSE
5/1/2082,Caribbean Sea,18.70498554,100.5932496,28.24907468,7.995210129,Medium,75,FALSE
5/8/2082,Hawaiian Islands,9.730156,35.70343317,26.54345157,8.070445287,Low,169,FALSE
5/15/2082,South China Sea,22.59272328,229.6932973,28.85748715,8.033752589,None,158,TRUE
5/22/2082,Red Sea,-8.907427865,59.9200029,28.00140385,7.971284363,Medium,128,FALSE
5/29/2082,Maldives,1.520991088,65.10414801,26.96461101,8.085663226,High,57,FALSE
6/5/2082,Galápagos,-8.456625775,-73.27249892,28.92948391,8.084991185,Medium,131,FALSE
6/12/2082,South China Sea,-1.588399855,-50.08059751,27.36505173,8.051253656,High,92,FALSE
6/19/2082,Red Sea,18.67054132,-18.91312785,28.77242638,7.977413563,Low,160,FALSE
6/26/2082,Galápagos,-25.48940078,106.55453,28.61462903,7.99132433,Medium,82,FALSE
7/3/2082,Galápagos,-0.762342555,71.13775227,26.40161214,8.074144309,None,156,FALSE
7/10/2082,Caribbean Sea,1.011396968,162.5925588,27.8974702,8.050718492,None,93,FALSE
7/17/2082,South China Sea,17.01367288,53.31061,29.00592627,8.109507066,Medium,138,FALSE
7/24/2082,Great Barrier Reef,-6.40316915,256.9828391,29.26440125,8.015873737,None,56,FALSE
7/31/2082,Caribbean Sea,31.5470098,70.8272827,29.58318516,7.95186866,High,170,TRUE
8/7/2082,Great Barrier Reef,6.086897092,-72.71921657,29.38492408,8.036858504,Medium,128,FALSE
8/14/2082,Hawaiian Islands,29.35501523,-108.8205416,28.64767117,7.923790034,Medium,85,FALSE
8/21/2082,Hawaiian Islands,5.826320325,229.0895122,31.10004413,8.002652887,Low,147,FALSE
8/28/2082,Hawaiian Islands,5.686227805,10.51451491,27.46249795,7.949111787,Medium,82,FALSE
9/4/2082,Maldives,-6.354377283,86.45583368,24.99495083,8.010662122,Medium,128,FALSE
9/11/2082,Maldives,7.884302194,55.06703651,30.3649624,8.006429353,Medium,56,FALSE
9/18/2082,Maldives,1.314198863,52.0993475,27.68041255,7.991298203,None,104,TRUE
9/25/2082,Red Sea,-4.664906628,-63.97341257,29.29996966,8.042909482,High,80,TRUE
10/2/2082,Hawaiian Islands,-1.459035378,31.81319026,27.43144883,8.099586015,None,74,FALSE
10/9/2082,Red Sea,-17.72651147,127.1011804,27.78466696,8.010861045,Low,127,FALSE
10/16/2082,Red Sea,24.4338617,-22.20546446,26.55344738,8.049713089,Medium,96,TRUE
10/23/2082,Maldives,19.76665547,-38.43590055,28.4400334,8.105347551,None,168,FALSE
10/30/2082,Maldives,-12.301659,-26.81914706,28.8195238,8.032110921,High,112,FALSE
11/6/2082,Hawaiian Islands,-2.892445862,-83.05474951,28.73061805,8.121610881,High,170,FALSE
11/13/2082,Hawaiian Islands,-0.357495065,19.85269746,30.24262099,8.008228229,None,93,FALSE
11/20/2082,Maldives,6.947400018,51.36275976,28.58456262,8.080553212,Medium,77,FALSE
11/27/2082,Maldives,-1.976205562,-51.94414374,28.32244548,8.027609261,None,130,FALSE
12/4/2082,Red Sea,-7.995684989,48.04346848,27.4668895,8.12045379,Low,64,TRUE
12/11/2082,Red Sea,24.34770296,10.75225243,28.41638968,8.083336725,High,111,FALSE
12/18/2082,Galápagos,3.632071085,-88.94688425,25.67594121,7.977535926,High,107,TRUE
12/25/2082,Caribbean Sea,23.13134736,-95.09589939,30.61561166,8.060118487,None,130,TRUE
1/1/2083,Hawaiian Islands,-13.69653102,155.8160905,29.10190114,7.96811743,High,96,FALSE
1/8/2083,Hawaiian Islands,-11.48751526,-179.6066687,26.50975049,8.064343779,Low,72,FALSE
1/15/2083,Hawaiian Islands,12.85999236,44.83507271,28.92661896,8.060241232,Medium,80,FALSE
1/22/2083,Galápagos,2.576232546,-52.72158498,28.12097989,7.95084702,High,140,FALSE
1/29/2083,South China Sea,-5.1891499,87.77538102,27.33123999,8.064629577,None,149,TRUE
2/5/2083,Galápagos,-1.421163563,302.9283336,28.41597639,8.092037735,High,71,FALSE
2/12/2083,Hawaiian Islands,3.196477343,-64.17496965,29.11069442,8.075250325,High,129,FALSE
2/19/2083,Red Sea,10.76873001,15.33772575,29.6201488,7.929498748,High,135,FALSE
2/26/2083,Maldives,35.01975597,-138.3517057,29.61751137,8.067193358,Low,75,FALSE
3/5/2083,Caribbean Sea,2.275803618,-56.1720979,28.12128628,8.002818091,Medium,104,FALSE
3/12/2083,Red Sea,-15.41652033,20.89255013,25.95175999,8.037080053,High,88,FALSE
3/19/2083,Great Barrier Reef,-14.00276832,143.2849009,26.79897166,8.098157875,High,75,FALSE
3/26/2083,Maldives,2.783970015,118.9252663,26.85809246,8.027831,Medium,88,TRUE
4/2/2083,South China Sea,17.96609722,-98.3054179,29.42451205,8.041083783,High,122,FALSE
4/9/2083,Red Sea,-9.839492231,38.0476485,26.73344761,8.028671735,Medium,84,FALSE
4/16/2083,Hawaiian Islands,16.49181112,-172.6428766,27.68165367,8.109281625,High,69,TRUE
4/23/2083,South China Sea,10.90938434,350.1439561,26.755172,8.073828714,None,56,FALSE
4/30/2083,Galápagos,1.65439525,-11.21756812,29.87408651,8.080586306,Medium,115,FALSE
5/7/2083,Galápagos,9.247568618,2.279970523,29.42387045,8.000137991,High,129,FALSE
5/14/2083,Galápagos,18.92309281,37.10563972,25.86154947,8.091850332,None,140,FALSE
5/21/2083,Caribbean Sea,-13.92680329,75.18879211,30.44839061,8.061862193,Low,148,FALSE
5/28/2083,Hawaiian Islands,25.41120045,191.7974722,27.62711471,8.056224185,High,63,FALSE
6/4/2083,Galápagos,12.53961805,179.5120697,27.64886892,8.089268823,Medium,77,FALSE
6/11/2083,Galápagos,-0.677508709,143.5253213,26.48705539,7.97997785,Low,125,FALSE
6/18/2083,South China Sea,-5.821147299,43.35375591,26.30354459,8.047194842,Low,115,FALSE
6/25/2083,Caribbean Sea,9.41220228,-20.07312744,27.52457023,8.124018401,Low,169,FALSE
7/2/2083,Red Sea,27.91988528,-37.63897533,29.77575235,8.051963647,High,88,TRUE
7/9/2083,Hawaiian Islands,20.95018579,62.26656903,29.93431341,7.945972796,High,108,FALSE
7/16/2083,Great Barrier Reef,24.00774167,76.1562857,28.81386362,8.060959544,Low,152,FALSE
7/23/2083,Great Barrier Reef,14.15103855,-20.26404841,28.24626626,8.07302638,Medium,79,FALSE
7/30/2083,Galápagos,-0.561723743,40.66201993,28.48257727,8.00834003,Low,65,FALSE
8/6/2083,Hawaiian Islands,6.34424756,-30.33350635,28.06206219,7.906355477,Low,167,FALSE
8/13/2083,Great Barrier Reef,8.115504225,177.7327708,30.62541191,8.054293309,High,90,FALSE
8/20/2083,Galápagos,-21.24746313,-9.174512885,27.71090801,8.10573477,High,86,FALSE
8/27/2083,Red Sea,29.0913891,-78.63247561,29.50747332,8.045925469,High,118,FALSE
9/3/2083,South China Sea,-11.16157779,214.059914,32.18250777,8.053365485,Low,153,FALSE
9/10/2083,Galápagos,17.5734705,68.17053705,28.16894433,8.11049013,Medium,167,FALSE
9/17/2083,Great Barrier Reef,-0.721019336,-166.8989162,32.42791724,8.0794427,High,137,FALSE
9/24/2083,Great Barrier Reef,6.980015736,57.4265372,27.08496102,8.075026089,Low,94,FALSE
10/1/2083,Caribbean Sea,-0.37498774,30.01927875,27.70928256,8.043948001,None,145,FALSE
10/8/2083,Galápagos,10.04611606,59.23769692,26.96794692,8.100341904,None,94,FALSE
10/15/2083,Great Barrier Reef,-9.344390826,168.4075543,29.00470697,7.977364382,High,159,FALSE
10/22/2083,Red Sea,-5.149611488,127.3303407,29.12710675,8.027709322,None,121,FALSE
10/29/2083,Red Sea,-6.078394235,27.55799395,26.20164536,7.938227268,None,155,FALSE
11/5/2083,Caribbean Sea,2.928353582,43.26568263,26.48695848,8.057941299,Medium,63,FALSE
11/12/2083,Red Sea,20.73817011,-25.99124245,27.93911607,8.145069752,Medium,97,FALSE
11/19/2083,Maldives,-7.688495537,-185.3750906,29.20686338,7.92806398,Low,120,FALSE
11/26/2083,Hawaiian Islands,-13.33469072,98.27331606,27.6947227,8.048189147,Low,68,FALSE
12/3/2083,Caribbean Sea,-2.120641236,-1.116444195,29.91655618,8.10819121,Low,110,FALSE
12/10/2083,South China Sea,-5.713040109,-77.75703987,30.1519818,8.119677937,Low,104,FALSE
12/17/2083,Maldives,-0.793059807,138.4703167,28.4574526,8.072066308,Low,164,TRUE
12/24/2083,Hawaiian Islands,1.99064755,51.88702882,28.93729947,8.021224622,None,106,FALSE
12/31/2083,South China Sea,2.528047386,110.9495332,31.70952034,8.152562168,Low,119,FALSE
1/7/2084,Red Sea,29.41840941,-25.35843711,28.91310746,8.079961657,Medium,103,FALSE
1/14/2084,Maldives,9.228001985,-65.35402708,28.19065208,8.175034383,None,93,FALSE
1/21/2084,South China Sea,12.96935025,-60.92088056,27.27260389,8.117989056,Medium,168,FALSE
1/28/2084,Caribbean Sea,-4.7700598,-217.1342573,28.75018039,8.008721699,High,95,TRUE
2/4/2084,Hawaiian Islands,1.88137804,11.11555856,27.83220287,8.094803839,Low,147,FALSE
2/11/2084,Hawaiian Islands,21.0476794,-31.7014468,27.30131072,8.137570147,Low,72,FALSE
2/18/2084,Hawaiian Islands,-5.867658549,223.0797968,28.81422875,8.036361319,Medium,68,FALSE
2/25/2084,Hawaiian Islands,12.86045876,-160.9130884,27.73306766,8.068040053,Medium,94,TRUE
3/3/2084,Red Sea,15.9513241,-155.2290341,28.89912742,8.10118106,None,54,FALSE
3/10/2084,Galápagos,14.00925117,10.21767741,29.82663258,8.033916795,High,64,FALSE
3/17/2084,South China Sea,15.75098509,48.46775322,27.72207542,7.985293262,None,94,FALSE
3/24/2084,Great Barrier Reef,1.735385024,-46.56476472,30.9402663,8.043782175,None,163,FALSE
3/31/2084,Great Barrier Reef,2.294106482,19.79199201,29.25005532,8.066123366,None,113,TRUE
4/7/2084,Red Sea,16.15092707,-13.24648279,30.45004412,8.052263259,High,130,TRUE
4/14/2084,Caribbean Sea,-4.482798069,-108.8299652,26.97617414,8.088532724,Medium,125,FALSE
4/21/2084,Hawaiian Islands,-8.034627319,184.106108,32.26584185,8.044385705,None,120,FALSE
4/28/2084,Hawaiian Islands,14.3540796,115.065124,26.81639842,8.081828458,Low,57,FALSE
5/5/2084,South China Sea,-4.07810896,86.0876361,27.41339232,8.110305637,Low,103,FALSE
5/12/2084,Caribbean Sea,7.601497596,193.2737082,28.95900349,7.966236537,Medium,81,FALSE
5/19/2084,Maldives,-7.322480246,-19.92087007,28.61078889,7.991812196,None,129,FALSE
5/26/2084,Great Barrier Reef,16.30731714,114.6698174,27.69763851,8.112876046,High,146,TRUE
6/2/2084,Maldives,-9.56637961,-20.74202303,26.48675397,8.052240236,Medium,109,FALSE
6/9/2084,Hawaiian Islands,2.474003653,68.90820614,29.38694269,8.069692025,None,164,FALSE
6/16/2084,Galápagos,-3.074099355,-87.98458291,33.17008626,7.99971475,High,156,FALSE
6/23/2084,South China Sea,-5.678128349,125.5664253,27.38392757,8.010871935,Low,113,FALSE
6/30/2084,Red Sea,7.320090575,-146.5048677,27.89732178,8.084885061,None,157,FALSE
7/7/2084,Maldives,15.94039585,-18.69355,26.5440147,8.073608047,High,128,TRUE
7/14/2084,Caribbean Sea,-15.73572911,-34.09981164,27.5810177,7.988149912,None,152,FALSE
7/21/2084,Great Barrier Reef,-1.312765034,-51.18552856,28.15467928,7.974218043,None,160,FALSE
7/28/2084,Great Barrier Reef,14.42982516,61.34355685,28.43108616,8.105748686,None,89,FALSE
8/4/2084,Great Barrier Reef,10.18922791,148.6093235,29.5117827,8.048349394,High,72,FALSE
8/11/2084,Hawaiian Islands,3.753025311,26.13610094,29.9902636,8.039591442,High,96,FALSE
8/18/2084,Red Sea,-13.54450378,15.46395648,27.73978557,8.035568667,Low,81,FALSE
8/25/2084,South China Sea,3.611257685,34.68180771,26.5031585,8.074835021,High,133,FALSE
9/1/2084,Galápagos,15.96478495,125.0872343,28.764862,7.995601455,Medium,131,FALSE
9/8/2084,Red Sea,19.02641773,86.90449388,28.01739001,8.073642156,Medium,100,FALSE
9/15/2084,Great Barrier Reef,8.277731176,-33.38466909,27.74568871,8.127771316,High,95,TRUE
9/22/2084,Hawaiian Islands,4.904890811,118.7422409,27.99644353,8.10358057,High,108,FALSE
9/29/2084,Hawaiian Islands,25.97251077,-32.1695262,29.52737258,8.069158264,Medium,165,FALSE
10/6/2084,Hawaiian Islands,-0.093652491,-121.9360989,26.69377738,7.971663864,Low,119,FALSE
10/13/2084,South China Sea,11.33202235,37.40807216,28.27122436,8.096327092,High,97,FALSE
10/20/2084,Hawaiian Islands,14.82311398,-154.5302417,27.25634022,8.059429988,Low,110,FALSE
10/27/2084,Red Sea,2.92644359,7.707108214,28.67980893,7.942480576,Low,109,FALSE
11/3/2084,Galápagos,15.62268242,74.68380286,27.33708443,7.950915397,None,141,FALSE
11/10/2084,Maldives,-10.26898029,47.82141551,27.38051748,8.054605075,High,63,TRUE
11/17/2084,Great Barrier Reef,-6.608038022,63.76782683,26.5647098,7.964070916,None,93,FALSE
11/24/2084,Galápagos,-11.62956874,-99.99237749,28.99211051,8.13148062,Medium,96,FALSE
12/1/2084,Maldives,7.028973686,-89.22533236,25.64809997,8.120632514,High,108,FALSE
12/8/2084,Galápagos,-3.94253567,9.760245669,30.67830494,7.987249627,None,157,FALSE
12/15/2084,Red Sea,22.1764779,-66.66788397,27.2243416,8.063170422,High,152,FALSE
12/22/2084,Caribbean Sea,-13.25123999,-226.4042997,28.16498432,8.010110057,Medium,60,FALSE
12/29/2084,Red Sea,36.67721021,59.83253645,28.66061656,8.136088181,High,80,FALSE
1/5/2085,Caribbean Sea,31.21492685,-64.15006073,25.49750334,8.111099388,None,117,FALSE
1/12/2085,Maldives,0.329618517,147.8775028,29.21645174,8.069667007,High,56,FALSE
1/19/2085,Maldives,11.33870986,35.47315997,29.41185975,8.06562315,None,107,FALSE
1/26/2085,Galápagos,41.31299234,77.60409486,30.23137132,8.168821054,High,81,FALSE
2/2/2085,Great Barrier Reef,-7.820698161,38.9097867,27.05111986,8.060763569,Medium,91,FALSE
2/9/2085,Hawaiian Islands,-1.586367406,33.37787388,26.57857737,8.023747436,Medium,83,FALSE
2/16/2085,Hawaiian Islands,-6.495572008,-93.68281565,28.2973028,7.994381115,None,148,TRUE
2/23/2085,South China Sea,12.47509907,50.7642297,28.03606458,8.018118148,High,137,FALSE
3/2/2085,Great Barrier Reef,5.493180334,63.60802579,32.03167301,8.051052077,Medium,142,TRUE
3/9/2085,South China Sea,23.98531016,87.83174583,27.63971769,8.081752772,Medium,106,FALSE
3/16/2085,South China Sea,6.171275388,98.98107758,31.18189895,8.079838755,None,143,TRUE
3/23/2085,Red Sea,-9.1677789,-264.6562011,30.95780288,8.171613953,High,168,FALSE
3/30/2085,South China Sea,33.13313807,76.64457821,30.00180908,8.039227005,High,146,FALSE
4/6/2085,Galápagos,8.170990399,53.25706708,34.16528311,8.089761099,Medium,59,FALSE
4/13/2085,Hawaiian Islands,-0.823200526,-52.80270606,28.91960034,8.100379788,None,136,FALSE
4/20/2085,Great Barrier Reef,-5.594618401,170.2412716,30.16333594,8.049932695,High,152,TRUE
4/27/2085,Maldives,30.31690392,-26.30694077,27.94912645,8.032296947,Low,128,FALSE
5/4/2085,Maldives,7.460874449,-9.177463181,29.2300404,7.957073408,None,87,FALSE
5/11/2085,Caribbean Sea,11.67492006,58.18960752,31.49810353,8.15523323,Medium,69,FALSE
5/18/2085,Great Barrier Reef,16.03903736,-108.1061249,28.25906986,7.946282365,Low,104,FALSE
5/25/2085,Red Sea,12.1676381,41.48973873,30.10925072,8.137301443,None,85,FALSE
6/1/2085,Great Barrier Reef,-6.332338187,69.17038894,31.10698429,8.005593753,None,171,FALSE
6/8/2085,Great Barrier Reef,4.521357642,-44.86769566,25.34849024,8.155518262,High,120,FALSE
6/15/2085,Caribbean Sea,14.50424621,84.60258474,29.3916729,7.993939186,High,96,TRUE
6/22/2085,Red Sea,-14.82646465,-1.800946058,27.59596137,8.073293368,High,152,FALSE
6/29/2085,South China Sea,11.85121184,-69.6489906,28.76139261,7.969608739,Low,153,FALSE
7/6/2085,Galápagos,-5.645762623,52.96615474,26.14197607,8.141407002,Low,130,FALSE
7/13/2085,Maldives,10.75529922,-147.7355884,28.47355927,7.954645872,Medium,110,FALSE
7/20/2085,Red Sea,1.224406503,201.5780041,28.63637625,8.055751068,Medium,116,FALSE
7/27/2085,Galápagos,-0.127767252,77.8102292,27.63297199,8.057807795,Medium,117,FALSE
8/3/2085,Maldives,-4.89145982,-68.06126585,26.69684444,8.154797014,Low,79,FALSE
8/10/2085,Red Sea,15.66330615,79.29734776,26.58930952,8.073985721,Medium,103,FALSE
8/17/2085,Great Barrier Reef,-9.758015328,5.297203828,29.38085624,8.028500396,High,159,FALSE
8/24/2085,Hawaiian Islands,5.362578391,70.96447805,26.67156405,8.089152257,Medium,140,FALSE
8/31/2085,Red Sea,-4.874826746,369.0183892,29.06143745,7.997510212,None,79,FALSE
9/7/2085,Galápagos,9.844227592,14.70993794,30.79896023,8.092162417,Medium,124,FALSE
9/14/2085,Great Barrier Reef,10.57572958,-75.13912382,28.28809574,8.054057693,Low,170,FALSE
9/21/2085,Maldives,3.680301995,-82.80036039,30.41947602,8.033706778,None,58,FALSE
9/28/2085,Hawaiian Islands,4.419111022,0.782135073,28.4089697,8.027128074,High,111,FALSE
10/5/2085,Hawaiian Islands,0.217500088,71.90905681,29.43532918,8.065343599,Low,102,FALSE
10/12/2085,Caribbean Sea,-14.82682947,164.6069856,28.30810794,8.128764013,None,94,FALSE
10/19/2085,Caribbean Sea,23.52185086,-0.095068591,26.55528921,8.076034399,High,141,FALSE
10/26/2085,Red Sea,29.3058992,-12.54359068,26.69719402,8.02299975,High,59,FALSE
11/2/2085,Maldives,30.02113573,21.79229951,29.43759444,7.982131889,Medium,171,FALSE
11/9/2085,Maldives,8.69871096,-28.0025881,24.85006333,8.068003622,High,80,FALSE
11/16/2085,Red Sea,-0.74756084,89.51966722,28.29984082,8.090146848,Medium,111,FALSE
11/23/2085,Maldives,22.85982888,97.09515618,30.10777734,8.023711762,None,94,FALSE
11/30/2085,Great Barrier Reef,-25.73178167,-19.04391382,30.34573709,8.0249985,None,145,FALSE
12/7/2085,Red Sea,-12.33186881,-87.0633735,26.10382623,7.916748715,Medium,135,FALSE
12/14/2085,Galápagos,4.564489599,140.3006705,28.20415756,8.039329414,High,128,FALSE
12/21/2085,Red Sea,-4.189422219,92.40447806,30.05159104,8.024024192,High,107,FALSE
12/28/2085,Maldives,-0.259271092,-59.37369556,29.37042372,8.052680364,High,62,FALSE
1/4/2086,Red Sea,5.179543833,-147.9462425,27.41426914,8.146270058,Low,166,FALSE
1/11/2086,Red Sea,16.04924051,-214.523062,28.62993065,8.104660819,None,104,FALSE
1/18/2086,Great Barrier Reef,5.328641541,-14.36654612,28.73988521,8.110608065,Medium,74,TRUE
1/25/2086,Red Sea,-5.469095012,-66.82195769,29.11020653,7.936064821,Medium,118,FALSE
2/1/2086,Hawaiian Islands,17.36964875,16.81057557,29.26927453,8.105840284,Low,167,FALSE
2/8/2086,Hawaiian Islands,14.52008698,-138.6419764,28.95355196,8.046576631,None,143,FALSE
2/15/2086,Great Barrier Reef,10.7558983,-312.7213333,29.85110193,8.141594049,Medium,110,FALSE
2/22/2086,Hawaiian Islands,17.84911795,317.451045,29.45865847,8.073440905,Medium,167,TRUE
3/1/2086,Red Sea,15.62554561,-112.2274868,25.59714105,8.039661972,Low,94,FALSE
3/8/2086,Red Sea,24.22901078,78.30171785,28.77992714,8.0577758,Medium,78,FALSE
3/15/2086,South China Sea,6.668463164,93.09745184,28.05074662,7.958494835,None,99,FALSE
3/22/2086,Great Barrier Reef,17.70024439,76.35398335,29.05462346,8.047283979,Medium,108,FALSE
3/29/2086,Great Barrier Reef,-9.954298255,55.48284304,27.15824966,8.113251649,Low,137,FALSE
4/5/2086,Galápagos,-5.125513089,116.2744081,26.74066813,8.023245183,Medium,126,FALSE
4/12/2086,Galápagos,-21.81828083,-68.52815158,29.77817159,8.056116717,Low,133,FALSE
4/19/2086,Hawaiian Islands,28.03356929,-6.959947845,28.44018355,8.001723754,High,86,FALSE
4/26/2086,Red Sea,-5.142286231,-150.3493568,27.13174562,8.078621141,Medium,162,FALSE
5/3/2086,Red Sea,-11.41535099,174.8801511,29.24843434,8.04301534,Medium,128,FALSE
5/10/2086,Red Sea,8.767410385,309.8129231,27.2672514,8.019140424,Low,140,FALSE
5/17/2086,Caribbean Sea,17.02877919,205.3207283,28.51310257,7.990293057,None,163,TRUE
5/24/2086,Maldives,4.070486914,-25.74523279,29.53723274,7.925349267,Low,140,TRUE
5/31/2086,Hawaiian Islands,-6.586012321,-12.09395602,29.35160348,8.066022396,Medium,146,FALSE
6/7/2086,South China Sea,2.024570095,-169.4433605,27.86674956,7.996702915,None,163,FALSE
6/14/2086,South China Sea,1.323091118,-48.30000346,27.93797158,8.046294621,Medium,144,FALSE
6/21/2086,Great Barrier Reef,-0.741505327,-9.734910897,28.64342392,7.96283486,Low,142,FALSE
6/28/2086,Hawaiian Islands,10.92507076,-80.20815248,28.29710595,8.032335764,None,133,TRUE
7/5/2086,Maldives,7.671695636,-8.418968934,29.18510358,8.070615755,High,67,FALSE
7/12/2086,South China Sea,12.31956567,178.7750398,25.63130785,8.128734435,None,115,FALSE
7/19/2086,South China Sea,-15.58773317,-33.47724615,26.90235326,8.1039109,Medium,92,FALSE
7/26/2086,Great Barrier Reef,-6.368875414,-25.89802566,26.2037272,8.04774239,High,133,FALSE
8/2/2086,Caribbean Sea,13.97650567,-54.10074946,27.28588142,8.002301353,Low,140,FALSE
8/9/2086,South China Sea,10.78338961,-18.80320526,26.09291631,8.107375074,High,139,FALSE
8/16/2086,Caribbean Sea,-10.98067644,272.035303,28.21659698,7.959227168,High,148,FALSE
8/23/2086,South China Sea,21.54830679,79.32223594,27.69303536,7.974940761,Medium,106,FALSE
8/30/2086,Galápagos,4.983741051,35.58365606,26.03099321,8.048974668,Medium,151,FALSE
9/6/2086,Caribbean Sea,11.85808825,-13.99144476,28.12238954,8.067609103,Low,166,FALSE
9/13/2086,Hawaiian Islands,8.524401962,2.293467039,28.92146261,7.985779196,None,133,TRUE
9/20/2086,Hawaiian Islands,-11.68501988,-68.7378454,30.1676389,8.006375096,High,148,TRUE
9/27/2086,Caribbean Sea,20.00451567,-49.91773818,27.94246252,8.003835205,Low,104,FALSE
10/4/2086,Caribbean Sea,1.453403597,216.7287277,28.95176377,7.945837028,None,121,FALSE
10/11/2086,Maldives,25.27509187,34.37345731,28.79270093,8.094293908,High,92,FALSE
10/18/2086,Galápagos,7.621151192,-81.26417214,29.94151831,8.064642438,High,81,TRUE
10/25/2086,Galápagos,-0.400087676,93.26406501,26.3290606,8.09874197,None,95,FALSE
11/1/2086,Red Sea,-2.558487815,-93.82062822,29.76034837,7.990454926,Low,101,FALSE
11/8/2086,Hawaiian Islands,-7.262313626,78.98464306,29.18829833,8.061467742,High,147,TRUE
11/15/2086,Maldives,4.112824539,-70.2927589,28.50634058,8.076301297,Medium,96,FALSE
11/22/2086,Great Barrier Reef,1.309307903,72.10555419,28.79797522,8.061484327,Low,105,TRUE
11/29/2086,South China Sea,10.9110456,-7.41870985,27.46167033,8.035247841,Low,79,FALSE
12/6/2086,Caribbean Sea,1.968183481,202.062208,29.9675049,8.057933076,High,103,FALSE
12/13/2086,South China Sea,-1.938641441,-189.6287729,27.39097861,8.114648763,Low,154,FALSE
12/20/2086,South China Sea,19.92375377,-36.48793428,29.0900972,8.036223321,Low,83,TRUE
12/27/2086,Caribbean Sea,-9.744802986,-127.958051,28.05020251,8.117870036,Medium,88,FALSE
1/3/2087,South China Sea,15.36277147,140.9876211,28.77295918,8.055185681,High,113,FALSE
1/10/2087,Maldives,-7.695590848,20.89288456,29.87772566,8.053515002,Medium,149,FALSE
1/17/2087,South China Sea,-0.359705858,21.92891703,29.39419124,8.093421971,Low,115,FALSE
1/24/2087,Galápagos,-1.674766964,97.63809878,28.40442643,7.977547825,None,106,FALSE
1/31/2087,Great Barrier Reef,16.62199382,-19.05901151,29.75163313,8.050408203,Low,124,FALSE
2/7/2087,Maldives,1.477992155,-104.4616821,29.6496941,8.014006623,None,94,FALSE
2/14/2087,South China Sea,25.30738915,-222.5388019,27.346368,8.00885635,Medium,55,FALSE
2/21/2087,Maldives,21.42698891,-122.7637596,30.54778851,8.030237995,High,124,FALSE
2/28/2087,Galápagos,6.246285268,107.3996718,31.10344107,8.135966643,None,161,FALSE
3/7/2087,Red Sea,3.951003741,166.8347987,26.5871412,8.022036769,None,171,FALSE
3/14/2087,Maldives,-8.191903455,50.60480558,25.79857293,8.062982037,High,115,FALSE
3/21/2087,Caribbean Sea,16.33813118,71.78102686,28.63435702,7.95544992,None,99,FALSE
3/28/2087,Maldives,-5.847591312,-79.3398727,27.57041288,8.066064576,Low,87,FALSE
4/4/2087,Hawaiian Islands,14.57624541,-44.32847786,27.74420977,7.959387919,High,170,FALSE
4/11/2087,South China Sea,32.48540131,222.6045837,31.75442367,7.999471997,High,107,FALSE
4/18/2087,Caribbean Sea,-1.799914507,-73.22666454,28.87596836,8.136424267,Medium,73,FALSE
4/25/2087,Caribbean Sea,17.28983048,-15.0021146,28.46560384,8.083174757,Low,55,FALSE
5/2/2087,Caribbean Sea,9.16569545,-94.21493899,29.82307687,7.975959812,Medium,110,FALSE
5/9/2087,Caribbean Sea,-0.563493423,-23.89632945,25.5875385,8.085942528,Low,87,FALSE
5/16/2087,Hawaiian Islands,-4.509218655,-20.15073917,29.55353738,8.02109217,Low,99,FALSE
5/23/2087,Caribbean Sea,9.165917755,16.76248777,26.16100002,8.061151309,None,84,FALSE
5/30/2087,Hawaiian Islands,29.51437333,94.93386736,30.27202686,7.988420767,Medium,102,FALSE
6/6/2087,Great Barrier Reef,6.418567447,161.427571,26.70954999,8.072349303,Medium,78,FALSE
6/13/2087,Hawaiian Islands,34.2093733,99.13632451,28.85402239,8.067828139,Low,76,FALSE
6/20/2087,Galápagos,-17.84286711,86.66466623,30.75592844,8.136304879,Medium,143,FALSE
6/27/2087,Hawaiian Islands,16.53664862,-293.2234035,31.76058686,8.026690991,Low,161,FALSE
7/4/2087,Red Sea,16.39903992,92.46063513,27.47845333,8.178426477,Medium,124,FALSE
7/11/2087,South China Sea,2.187847476,134.5574101,27.22985674,8.067586686,None,164,FALSE
7/18/2087,Galápagos,33.7378208,30.93327809,29.25110333,8.095413008,High,140,FALSE
7/25/2087,Galápagos,5.000552015,172.3693277,28.798615,8.154609457,High,100,FALSE
8/1/2087,Maldives,14.80097734,-91.43129166,27.30424755,8.159626483,Low,61,FALSE
8/8/2087,Hawaiian Islands,12.86463981,-38.82459544,32.09776036,8.029318914,High,130,TRUE
8/15/2087,Galápagos,13.62962377,-1.144866604,27.61506805,8.085400108,High,66,TRUE
8/22/2087,Caribbean Sea,-4.679220907,4.430991281,27.89668884,8.07692382,High,66,FALSE
8/29/2087,Great Barrier Reef,5.246829656,138.1580259,29.24365263,8.066432861,Low,152,FALSE
9/5/2087,Maldives,30.96773829,-16.75362989,32.47961888,8.035115549,High,64,FALSE
9/12/2087,Hawaiian Islands,9.52135299,-102.1972684,27.14515704,8.084901656,High,59,TRUE
9/19/2087,Red Sea,4.448824648,53.86516927,29.48303604,8.021287863,Low,145,FALSE
9/26/2087,Hawaiian Islands,-3.111979089,-10.81947117,28.70947226,8.099852744,Medium,114,FALSE
10/3/2087,Red Sea,11.98377322,-63.44320324,27.64212363,8.147319829,None,135,FALSE
10/10/2087,Great Barrier Reef,-8.052045345,14.37583789,30.84641122,8.017268246,Low,157,FALSE
10/17/2087,Maldives,0.62188672,252.2314835,28.85293284,8.09723504,Medium,131,FALSE
10/24/2087,Hawaiian Islands,-3.1284759,93.91220748,30.31718134,8.035193952,Medium,124,TRUE
10/31/2087,Hawaiian Islands,-37.33221826,-12.55287454,26.90068033,8.108625079,Low,148,FALSE
11/7/2087,Caribbean Sea,18.58126968,-72.93257348,30.34224414,8.023651401,High,137,FALSE
11/14/2087,Maldives,2.587895183,181.350319,27.85920889,8.032675233,Low,119,FALSE
11/21/2087,Caribbean Sea,-2.082600705,56.94603547,26.77641623,8.089370519,None,148,FALSE
11/28/2087,Galápagos,18.74744185,-13.92355762,28.44306582,8.025563161,Medium,77,FALSE
12/5/2087,Hawaiian Islands,-13.69686297,34.84100557,29.40123748,8.013098708,High,68,FALSE
12/12/2087,Red Sea,-10.75764593,50.39733518,28.75782867,8.042997664,High,110,FALSE
12/19/2087,Caribbean Sea,5.057861392,-147.856565,30.37200991,8.153251664,High,143,FALSE
12/26/2087,Caribbean Sea,0.475678613,102.0874896,28.19659917,8.024283674,None,153,FALSE
1/2/2088,Maldives,21.48609233,-125.1006841,29.91334151,7.995499263,High,83,FALSE
1/9/2088,Caribbean Sea,-9.675612132,91.32347745,28.05180965,8.046536074,High,79,FALSE
1/16/2088,Hawaiian Islands,8.260667855,56.53153424,28.21201462,8.000621669,Medium,78,FALSE
1/23/2088,Hawaiian Islands,19.1895169,-124.1568607,28.51291268,7.939442785,None,81,FALSE
1/30/2088,Great Barrier Reef,17.80431643,-45.25533101,30.6044566,8.063011282,High,157,FALSE
2/6/2088,Great Barrier Reef,-23.97830372,-2.258086057,24.78918358,7.945936576,None,61,FALSE
2/13/2088,Galápagos,22.15409681,181.3579766,29.89900523,8.074766295,Medium,165,FALSE
2/20/2088,Red Sea,-27.71775516,-127.8153603,27.21525277,7.946567179,None,160,FALSE
2/27/2088,Red Sea,17.18401045,-20.4593133,26.793286,8.013714821,High,57,FALSE
3/5/2088,Great Barrier Reef,-4.023590035,-70.73113071,28.51094679,8.008838909,None,80,FALSE
3/12/2088,Maldives,-4.811578858,-30.30963795,30.77160907,8.104559925,None,168,FALSE
3/19/2088,Galápagos,12.33067743,58.57228358,29.68616063,8.107653419,None,73,FALSE
3/26/2088,Maldives,-1.086240289,-48.68439643,29.96362587,8.074515224,High,120,FALSE
4/2/2088,Galápagos,-5.574099359,-117.6977188,26.71039784,8.003838538,Medium,142,TRUE
4/9/2088,Great Barrier Reef,15.18324139,114.6568245,29.42265693,8.032838345,None,91,FALSE
4/16/2088,Great Barrier Reef,14.65744994,-28.60216842,30.9142987,8.151300486,Low,164,TRUE
4/23/2088,South China Sea,11.62578501,-76.27256537,29.37798258,8.017577562,None,104,FALSE
4/30/2088,Great Barrier Reef,2.407166739,136.1867892,27.77956063,8.081411857,None,129,FALSE
5/7/2088,Hawaiian Islands,-12.79402453,-108.1280142,29.65434154,7.997426175,High,99,FALSE
5/14/2088,South China Sea,20.75081708,95.07721683,28.67732328,8.066908552,Medium,61,FALSE
5/21/2088,South China Sea,23.11258779,252.2133387,30.50078899,8.04919978,Low,101,FALSE
5/28/2088,Galápagos,11.18833575,113.9122509,26.32597514,8.074596874,None,77,TRUE
6/4/2088,South China Sea,5.917311328,-63.23157439,31.2426675,7.954158084,None,113,FALSE
6/11/2088,Caribbean Sea,2.515079521,145.7870916,28.38838509,8.045261731,High,59,FALSE
6/18/2088,Maldives,9.076473598,-141.2091014,27.70873139,8.001071668,High,70,FALSE
6/25/2088,Hawaiian Islands,9.697865641,95.93776881,30.0074297,7.984662886,Medium,77,FALSE
7/2/2088,South China Sea,-18.34848683,87.12454369,26.90994583,8.065057373,Medium,70,FALSE
7/9/2088,Maldives,14.16596466,200.3231155,28.35880815,8.082801835,None,121,FALSE
7/16/2088,Red Sea,11.90021931,-75.85750517,29.00705866,8.055815694,High,166,FALSE
7/23/2088,Hawaiian Islands,4.403837602,34.04628752,27.23281416,8.079712498,High,90,FALSE
7/30/2088,Caribbean Sea,-8.229707598,-51.81233104,27.48293504,8.085266368,Low,84,FALSE
8/6/2088,Caribbean Sea,-3.44169335,69.75441167,29.29247602,8.047560838,High,151,FALSE
8/13/2088,Hawaiian Islands,-6.723195853,142.173788,28.05969532,8.083861481,None,130,FALSE
8/20/2088,South China Sea,1.649563929,15.76487265,30.82874328,7.964049766,Medium,71,TRUE
8/27/2088,Galápagos,-0.725971166,45.27696941,28.36588982,8.007359223,None,160,FALSE
9/3/2088,Maldives,20.15727407,-10.74250156,30.58079564,8.058819981,High,71,FALSE
9/10/2088,South China Sea,-1.362489699,43.71783986,30.61174093,8.021185097,None,93,FALSE
9/17/2088,Great Barrier Reef,-17.09926059,-83.91082793,31.12638389,8.02060336,None,126,FALSE
9/24/2088,South China Sea,16.19512244,-39.31466373,28.0256471,8.146330902,High,146,FALSE
10/1/2088,Caribbean Sea,7.034638118,-168.7045067,27.98964791,8.149468409,Low,117,FALSE
10/8/2088,Red Sea,-9.377458686,-64.53855466,28.7844096,8.111224829,Medium,84,TRUE
10/15/2088,Hawaiian Islands,-22.90040172,112.0175782,27.75666342,8.021631057,Low,140,FALSE
10/22/2088,Hawaiian Islands,16.811238,69.26595128,27.81539994,8.034813843,None,71,FALSE
10/29/2088,Caribbean Sea,13.77948937,42.00816249,28.86733146,8.049393624,None,170,TRUE
11/5/2088,Maldives,16.39324004,60.02522996,28.97565586,8.118775472,Medium,65,FALSE
11/12/2088,Hawaiian Islands,-16.17610882,53.97928678,28.62088905,7.999825651,None,65,FALSE
11/19/2088,Maldives,-2.652868258,-11.28127051,30.32425013,8.048913002,Low,127,TRUE
11/26/2088,Galápagos,5.519219196,-48.06472912,28.71637717,8.071874727,None,116,FALSE
12/3/2088,Great Barrier Reef,4.471740456,7.781607426,29.63002644,8.131422822,None,146,FALSE
12/10/2088,Galápagos,20.47327986,305.7227216,31.81941282,8.080063242,None,103,FALSE
12/17/2088,Hawaiian Islands,9.984489087,-8.546644311,27.99490866,8.106044031,Medium,108,FALSE
12/24/2088,Great Barrier Reef,25.13111598,96.17073559,26.55823552,8.04630531,Medium,162,FALSE
12/31/2088,Maldives,8.759945294,-60.47783841,29.83355673,7.911254277,High,155,FALSE
1/7/2089,Caribbean Sea,8.107621376,-8.24452722,27.83749956,8.010741063,None,68,FALSE
1/14/2089,Hawaiian Islands,16.00811392,-11.1711677,29.15269584,8.013459318,High,162,FALSE
1/21/2089,Maldives,-4.640049863,-47.19295969,29.44259566,8.042839735,None,116,FALSE
1/28/2089,Red Sea,39.81714242,106.5651854,28.60582643,8.082988367,None,78,TRUE
2/4/2089,South China Sea,-1.225723431,-17.12598079,27.07799756,8.075599589,High,87,FALSE
2/11/2089,Galápagos,11.91218846,-114.0404086,27.22416502,8.09100118,Medium,157,FALSE
2/18/2089,Maldives,8.970049854,10.51051802,29.75089083,8.082815979,Medium,88,TRUE
2/25/2089,Caribbean Sea,7.721243851,-181.9813155,28.72163949,8.050327578,High,54,FALSE
3/4/2089,South China Sea,24.57989999,32.23220044,28.75965271,7.972976973,Medium,61,FALSE
3/11/2089,South China Sea,-4.186071075,177.6558974,29.31196312,8.13379737,None,131,FALSE
3/18/2089,Hawaiian Islands,-0.104479489,92.70064233,27.39057476,8.041516543,Low,85,FALSE
3/25/2089,Caribbean Sea,11.75791189,191.6749442,28.83176843,8.073032299,High,141,FALSE
4/1/2089,Galápagos,21.64677361,38.62678001,28.9066195,8.032742275,Medium,120,FALSE
4/8/2089,Hawaiian Islands,8.857074107,-130.4445187,28.00819339,8.028648211,None,146,FALSE
4/15/2089,Hawaiian Islands,-11.81257229,-150.7418799,29.14300819,8.155337411,Medium,131,FALSE
4/22/2089,Red Sea,-5.181694755,127.2209072,30.1192352,8.028004096,Low,79,FALSE
4/29/2089,Hawaiian Islands,13.96339248,49.78990437,28.07590686,8.040616859,Medium,128,FALSE
5/6/2089,Great Barrier Reef,-7.40592273,-35.06068234,27.60531144,8.063193666,Medium,64,FALSE
5/13/2089,Galápagos,1.824686546,-181.5518283,27.67602194,8.052165283,None,90,FALSE
5/20/2089,Caribbean Sea,11.77907139,88.01933685,28.9308697,8.018427875,None,96,FALSE
5/27/2089,Red Sea,21.80095895,38.12700393,28.52202405,8.001659244,High,76,FALSE
6/3/2089,Maldives,22.10250613,36.44273791,28.6694751,8.078380977,High,54,FALSE
6/10/2089,Red Sea,4.252871515,-137.1398531,28.5682201,8.086696068,Medium,168,FALSE
6/17/2089,Maldives,23.60579047,-183.3915683,28.21811987,8.056441131,None,130,FALSE
6/24/2089,Caribbean Sea,22.76107164,-49.78237485,27.4705206,8.003585338,High,112,FALSE
7/1/2089,Galápagos,15.36931,10.96956969,28.66734629,8.066127604,None,110,FALSE
7/8/2089,Caribbean Sea,6.412302416,119.0340749,29.0045039,8.090466794,Low,171,FALSE
7/15/2089,Maldives,34.23134318,-56.59504353,27.86933655,8.102512721,Medium,119,FALSE
7/22/2089,Maldives,-3.295373038,168.7740323,29.12524804,8.000161574,None,82,FALSE
7/29/2089,Galápagos,13.73584284,-33.29070779,27.98513642,8.060710847,None,55,FALSE
8/5/2089,Red Sea,-3.339968286,68.05746503,27.21239023,8.093266904,High,83,TRUE
8/12/2089,Galápagos,-8.512490191,50.50082163,29.54761658,8.019585648,Low,68,FALSE
8/19/2089,Hawaiian Islands,8.832670868,-16.02824257,29.43045141,8.101915994,High,138,FALSE
8/26/2089,Caribbean Sea,20.5946058,-9.710699371,26.18228693,8.132906778,Low,78,FALSE
9/2/2089,Red Sea,7.720441492,-27.6353334,28.89838923,8.060093121,Medium,75,FALSE
9/9/2089,Great Barrier Reef,20.84321413,-244.8887359,27.82095222,7.994438964,High,55,FALSE
9/16/2089,Caribbean Sea,-27.8316536,19.07448988,30.21156217,8.000756257,None,123,FALSE
9/23/2089,Caribbean Sea,7.790977412,-12.30978688,25.85513889,8.006637777,Low,80,TRUE
9/30/2089,Galápagos,27.10525571,85.41359478,29.88829424,7.996141066,Low,67,FALSE
10/7/2089,Caribbean Sea,23.79614544,-38.68209368,26.38829509,7.964840605,None,99,FALSE
10/14/2089,Hawaiian Islands,22.74390728,82.49131097,27.83169581,8.153580709,Low,112,FALSE
10/21/2089,Maldives,-18.42162049,3.116990416,29.20071568,8.066712634,Low,158,FALSE
10/28/2089,Red Sea,16.59637246,-20.79603565,29.81941304,8.134484749,None,116,FALSE
11/4/2089,Red Sea,2.926510585,160.5710539,28.47587527,8.04816282,None,95,FALSE
11/11/2089,Red Sea,7.487178717,6.536825465,27.28043337,8.084504787,Low,133,FALSE
11/18/2089,Great Barrier Reef,-0.057258269,-81.20458748,25.43809132,8.140033098,High,88,FALSE
11/25/2089,South China Sea,-2.68519005,-78.26605476,28.06154695,8.197769061,High,167,FALSE
12/2/2089,Hawaiian Islands,5.550687628,131.1267971,28.41620325,8.008945165,None,122,FALSE
12/9/2089,Red Sea,5.125223898,12.92475246,26.18989441,8.082875477,Medium,115,FALSE
12/16/2089,Caribbean Sea,0.786163098,202.184637,25.86291944,8.176935221,None,75,TRUE
12/23/2089,Galápagos,14.33070837,-29.14457109,29.42087684,8.072294567,Medium,150,FALSE
12/30/2089,Galápagos,7.529605993,6.790061832,29.42411775,8.083112486,Low,66,FALSE
1/6/2090,Caribbean Sea,35.68625337,121.9850822,30.79070043,8.123568161,None,76,FALSE
1/13/2090,Red Sea,8.043719412,27.194663,28.99783948,8.020615543,Medium,67,TRUE
1/20/2090,Red Sea,0.496908127,38.63753537,29.91515008,7.985881502,Low,86,FALSE
1/27/2090,Maldives,-17.32980633,92.83190363,28.54991553,8.082211055,High,120,FALSE
2/3/2090,Red Sea,11.91291969,94.96562912,29.02395682,8.142661296,None,81,FALSE
2/10/2090,Maldives,-9.117460483,23.25120832,29.57545349,8.061420602,Medium,160,FALSE
2/17/2090,Maldives,-16.56223328,-64.99722027,28.18898603,7.995787331,High,105,FALSE
2/24/2090,Caribbean Sea,1.380505971,-80.77787046,29.46771684,8.021394466,Low,148,FALSE
3/3/2090,Hawaiian Islands,13.2074823,284.6969811,30.34909811,8.034291386,High,116,TRUE
3/10/2090,Hawaiian Islands,16.22513761,-50.16191156,25.95046463,7.99254884,Medium,110,FALSE
3/17/2090,Galápagos,7.07288378,-139.9056455,29.50411725,8.097795488,High,167,FALSE
3/24/2090,Caribbean Sea,2.548244139,2.836171034,28.27347746,8.055974884,Low,125,FALSE
3/31/2090,Galápagos,-13.27231211,196.3874756,29.90909526,8.127796192,High,140,FALSE
4/7/2090,Hawaiian Islands,14.44060758,77.64200476,27.90273168,8.041751414,Medium,95,FALSE
4/14/2090,Galápagos,2.510887159,52.36037517,26.29969761,7.905433295,High,89,FALSE
4/21/2090,Hawaiian Islands,13.87863622,-148.312155,30.38364334,7.997613995,Low,147,FALSE
4/28/2090,Galápagos,-0.044547926,63.67980289,26.65455704,8.205358287,Medium,168,FALSE
5/5/2090,Maldives,-6.153926232,103.8358329,27.23558854,8.095998223,None,74,FALSE
5/12/2090,Great Barrier Reef,-17.42333947,47.22996375,27.63884076,8.128890893,Low,117,TRUE
5/19/2090,Galápagos,-17.79741194,-23.79848455,26.60593112,8.048305131,Low,132,FALSE
5/26/2090,Hawaiian Islands,9.020309802,142.5516492,27.73688109,7.96628361,High,64,FALSE
6/2/2090,Hawaiian Islands,-16.98187277,-22.51717295,30.14343357,8.109564972,Low,63,FALSE
6/9/2090,Great Barrier Reef,6.124982806,-115.1786858,30.57727548,8.035227748,Medium,111,FALSE
6/16/2090,South China Sea,3.062772498,23.85727515,29.602038,8.009617265,High,150,FALSE
6/23/2090,Maldives,-10.22477486,3.55029204,28.82401933,8.025560319,Medium,159,FALSE
6/30/2090,Hawaiian Islands,-0.775572059,8.083059267,30.30098125,8.087678777,Low,59,TRUE
7/7/2090,Maldives,5.602855642,-30.96459253,27.37316325,8.119779294,High,168,FALSE
7/14/2090,Caribbean Sea,19.30759249,-34.70366232,28.5902965,7.970368341,Low,168,FALSE
7/21/2090,Hawaiian Islands,-5.143351182,66.6351739,28.23024629,8.031091724,High,63,FALSE
7/28/2090,Galápagos,-16.10912714,5.889523712,29.79796382,8.046013496,Low,102,FALSE
8/4/2090,Hawaiian Islands,3.95761569,-49.00675728,29.79885967,7.959249475,Low,149,FALSE
8/11/2090,Caribbean Sea,-15.3120708,-1.622274384,27.57108279,7.972022149,None,156,FALSE
8/18/2090,Hawaiian Islands,4.316921146,-33.94149551,29.10039375,8.007831932,High,55,FALSE
8/25/2090,Hawaiian Islands,14.84346861,237.164484,26.49231074,8.02793799,None,165,FALSE
9/1/2090,Galápagos,14.70121001,51.67294873,26.59505088,8.080765153,Medium,116,FALSE
9/8/2090,South China Sea,-3.607224632,116.8259284,29.3339105,8.080437997,Low,157,FALSE
9/15/2090,Caribbean Sea,-0.272424944,-109.820616,26.09691187,8.085974221,Low,119,FALSE
9/22/2090,South China Sea,-6.378349344,49.75549573,27.57707778,8.112942679,None,122,FALSE
9/29/2090,Caribbean Sea,-18.93920138,88.8979789,26.69637946,8.090830694,High,107,FALSE
10/6/2090,Caribbean Sea,26.39183011,46.54683101,29.70948686,7.874099419,High,77,FALSE
10/13/2090,Great Barrier Reef,-1.540741743,-21.93606876,26.40098771,8.033618462,None,101,TRUE
10/20/2090,Galápagos,18.34344484,243.0611454,29.75671794,8.101289221,None,129,FALSE
10/27/2090,South China Sea,-6.590140395,23.35426276,31.04145493,8.036329132,Low,128,FALSE
11/3/2090,Caribbean Sea,24.7972314,-20.95082434,26.54713579,8.035190306,None,73,FALSE
11/10/2090,Maldives,-10.04168655,-70.63445046,27.80287923,8.131162865,High,126,FALSE
11/17/2090,Hawaiian Islands,-9.306705031,0.661867915,29.33512994,8.052554687,High,148,TRUE
11/24/2090,Caribbean Sea,-35.3643286,121.3351083,28.53223186,7.977323465,Low,79,FALSE
12/1/2090,Great Barrier Reef,-4.407160985,-108.0167365,28.63313953,8.196200834,None,87,FALSE
12/8/2090,Caribbean Sea,8.268346463,-18.38477316,29.46132215,7.992274951,Medium,65,FALSE
12/15/2090,Hawaiian Islands,8.814141038,102.3492102,28.95391984,8.023546153,Medium,136,FALSE
12/22/2090,Caribbean Sea,22.67360115,180.9387149,30.23010391,8.027066264,High,93,FALSE
12/29/2090,Caribbean Sea,15.42276534,33.7811854,29.32123821,8.198078973,None,96,FALSE
1/5/2091,Caribbean Sea,16.23813661,-49.23502965,30.09866756,8.015405621,None,66,FALSE
1/12/2091,Great Barrier Reef,12.64514649,178.3366811,29.51645279,8.070770811,High,100,FALSE
1/19/2091,Red Sea,4.706741952,-29.16036069,29.15697552,8.064504829,None,69,FALSE
1/26/2091,Great Barrier Reef,-4.672478707,-108.8607499,27.7356609,8.069759078,None,82,FALSE
2/2/2091,Maldives,13.79622006,-5.502328013,28.7977535,8.136337425,None,165,FALSE
2/9/2091,Galápagos,6.530100112,153.2261548,27.37855976,7.993846537,Low,78,FALSE
2/16/2091,Red Sea,-18.94648226,-18.7899532,30.22195357,8.039775331,Medium,63,FALSE
2/23/2091,Red Sea,1.716411279,107.8693746,26.67565202,7.994798201,None,55,FALSE
3/2/2091,South China Sea,7.921377088,-0.684974577,28.54248417,8.130382247,High,135,FALSE
3/9/2091,Galápagos,1.008640638,-11.82892344,25.53810347,8.060910097,None,96,FALSE
3/16/2091,South China Sea,20.28980373,-105.9112299,29.24765242,8.050564396,Low,79,TRUE
3/23/2091,Red Sea,-22.74123438,42.77042222,28.22702055,8.047764326,Medium,155,FALSE
3/30/2091,Galápagos,-5.25273896,-3.088225804,28.38315842,8.018389241,Medium,142,FALSE
4/6/2091,Galápagos,18.47103345,-27.16009405,29.84003383,8.105347534,Low,97,FALSE
4/13/2091,Great Barrier Reef,16.45484655,72.44466406,28.9254735,8.079942902,High,89,TRUE
4/20/2091,Red Sea,-5.218534183,-78.01298894,30.23733322,8.114169978,High,167,FALSE
4/27/2091,Red Sea,-5.956402592,-106.0634812,31.27929256,8.051356852,Medium,134,FALSE
5/4/2091,Great Barrier Reef,6.058948918,-54.87426475,28.43878836,8.109605843,None,70,FALSE
5/11/2091,Great Barrier Reef,17.13564402,163.5380404,29.48083044,8.123592569,None,154,FALSE
5/18/2091,Great Barrier Reef,-8.314766889,278.8121198,27.73366771,8.061639357,High,169,FALSE
5/25/2091,Caribbean Sea,7.744309019,-40.28905005,28.25534628,7.983324928,Medium,122,FALSE
6/1/2091,Galápagos,-0.189008896,-16.17239348,28.60035099,8.091665342,Medium,154,FALSE
6/8/2091,Great Barrier Reef,10.4893737,-58.08651814,28.57589591,7.958636385,Medium,142,FALSE
6/15/2091,Maldives,7.729175247,-104.2965359,28.57814846,8.107774159,High,152,FALSE
6/22/2091,Caribbean Sea,22.58959941,133.5268025,27.93844857,8.069401368,Medium,106,FALSE
6/29/2091,Galápagos,8.891365672,-147.6817039,29.77039859,8.039614024,Low,142,FALSE
7/6/2091,Hawaiian Islands,-4.286021198,102.0857676,29.76445383,8.07290716,Medium,147,FALSE
7/13/2091,Hawaiian Islands,7.127392538,-87.82620087,27.88335081,8.099333196,Low,152,FALSE
7/20/2091,Red Sea,-3.70523244,-120.0043958,26.58697734,8.113078459,None,171,FALSE
7/27/2091,Galápagos,27.6539336,28.35991889,26.94041242,8.014990818,None,139,FALSE
8/3/2091,South China Sea,-12.0009734,-33.3910121,29.10922498,8.009392982,High,99,FALSE
8/10/2091,Great Barrier Reef,3.059008356,27.6961068,31.05963706,8.001220003,Medium,139,FALSE
8/17/2091,Great Barrier Reef,16.45919554,125.5319132,27.94844852,7.986734849,Medium,78,FALSE
8/24/2091,Hawaiian Islands,6.670271335,189.1691997,30.1329197,8.084884958,Medium,140,FALSE
8/31/2091,Galápagos,-5.772101672,16.61061074,27.3493186,8.085410179,Low,81,FALSE
9/7/2091,Red Sea,9.716410436,-55.11747263,28.58439369,8.10666608,Medium,130,FALSE
9/14/2091,Caribbean Sea,-3.269603987,90.70640462,27.44166512,7.970325541,Medium,74,FALSE
9/21/2091,South China Sea,14.93750754,49.31436302,26.22708143,8.065696459,Medium,118,FALSE
9/28/2091,Great Barrier Reef,9.18917812,-87.80902109,27.26150692,8.002479027,Low,105,FALSE
10/5/2091,Hawaiian Islands,-0.13834238,63.47355395,29.25961892,8.08372661,Low,127,TRUE
10/12/2091,Great Barrier Reef,32.1465083,-108.7148272,31.04553875,8.096072294,High,114,FALSE
10/19/2091,Caribbean Sea,5.811913206,-133.325797,27.90274168,8.063114854,High,116,TRUE
10/26/2091,Red Sea,-9.965455609,-60.99342148,28.18631362,8.039725742,None,80,FALSE
11/2/2091,Hawaiian Islands,-0.089649696,15.02092436,31.25818772,8.048566548,Medium,107,FALSE
11/9/2091,Red Sea,14.90765312,15.5953954,27.38190629,8.05407195,High,119,FALSE
11/16/2091,South China Sea,28.34790421,74.21615022,30.01202938,8.092531284,Medium,69,FALSE
11/23/2091,South China Sea,-0.060609787,11.66886078,31.73143123,7.992956145,None,149,FALSE
11/30/2091,Galápagos,3.332822998,84.08703148,28.56390563,7.983672093,None,58,FALSE
12/7/2091,Caribbean Sea,0.348910509,31.20968024,28.4288545,8.08942509,Medium,153,FALSE
12/14/2091,Great Barrier Reef,18.74716895,97.10884397,27.63107417,8.065922323,Low,117,FALSE
12/21/2091,Galápagos,8.542307293,28.92275821,26.23782321,8.052154834,Low,105,FALSE
12/28/2091,Great Barrier Reef,-3.046199424,259.5569269,29.18423563,7.995902594,High,110,FALSE
1/4/2092,Red Sea,0.274542855,21.08566299,30.21544098,8.061356517,High,138,FALSE
1/11/2092,Caribbean Sea,14.37588414,-35.82944585,28.35496073,8.086336641,None,57,FALSE
1/18/2092,Caribbean Sea,14.28464969,116.4752928,25.14370763,8.146650388,High,77,FALSE
1/25/2092,Maldives,32.33577667,-106.3218773,28.24412481,8.040654294,None,85,FALSE
2/1/2092,Galápagos,35.8227727,-27.14062539,28.99828613,8.085334154,None,163,FALSE
2/8/2092,Red Sea,18.31337289,37.48183254,31.07684836,8.074801911,Medium,84,FALSE
2/15/2092,Red Sea,22.39220342,-190.6665165,27.84555101,8.041606027,High,137,FALSE
2/22/2092,Galápagos,-0.782136909,39.1689415,28.76808028,8.074614598,None,78,FALSE
2/29/2092,Red Sea,5.174539689,23.9665716,30.32730936,8.068829484,None,153,FALSE
3/7/2092,Hawaiian Islands,-1.474060563,-14.15687308,29.65599417,8.110703528,Medium,81,FALSE
3/14/2092,Galápagos,-16.55611923,-230.7576624,28.33275758,7.976300704,High,158,FALSE
3/21/2092,South China Sea,24.52127318,-145.1153889,27.36852151,8.115258578,Low,81,FALSE
3/28/2092,Red Sea,-3.13664703,-78.92966488,28.36341858,8.120892601,Medium,137,FALSE
4/4/2092,South China Sea,21.08442261,70.51223286,29.36280778,8.049402478,Low,166,FALSE
4/11/2092,South China Sea,11.47088527,-81.43309119,29.15557648,7.955206045,None,83,FALSE
4/18/2092,South China Sea,16.13686953,-35.28626187,29.28351566,8.074990271,None,77,FALSE
4/25/2092,Caribbean Sea,14.51547735,-113.7266667,29.8659801,7.976178418,Medium,96,FALSE
5/2/2092,Maldives,-0.594391353,38.75098799,29.59469883,8.079612106,None,94,FALSE
5/9/2092,Red Sea,19.92379122,49.75402361,30.17308255,8.044885712,None,106,FALSE
5/16/2092,Caribbean Sea,2.759307575,104.3302123,28.08884785,8.198545364,Medium,72,TRUE
5/23/2092,Red Sea,-2.332632837,-41.51997849,25.99629076,8.101558438,High,117,FALSE
5/30/2092,South China Sea,-13.43360473,-154.6487372,26.67203529,8.074920142,Medium,125,FALSE
6/6/2092,Galápagos,-0.793732875,49.12888946,28.3134784,8.027941833,Medium,77,FALSE
6/13/2092,South China Sea,27.38049624,-226.9949245,30.07948398,8.090430338,Medium,161,FALSE
6/20/2092,Great Barrier Reef,-5.753610224,56.03442081,27.75587025,8.057394204,High,114,FALSE
6/27/2092,Hawaiian Islands,15.92723448,-113.4879587,27.41664763,8.05583223,None,130,FALSE
7/4/2092,Red Sea,-12.53276687,-31.61095966,28.53113969,8.017337083,None,85,TRUE
7/11/2092,Caribbean Sea,-7.968292157,76.35564479,27.86591169,7.992485936,Medium,114,TRUE
7/18/2092,Great Barrier Reef,52.39475616,102.7403268,28.53888053,8.02133269,None,81,FALSE
7/25/2092,Great Barrier Reef,-5.338545404,264.9219374,28.31620175,7.96612035,High,161,FALSE
8/1/2092,Maldives,10.47321331,95.02617308,29.1975226,8.116901613,Low,96,FALSE
8/8/2092,Hawaiian Islands,14.95439778,136.6155019,29.30222597,8.09892059,High,116,FALSE
8/15/2092,Galápagos,11.67575772,-108.0286249,29.1936607,8.102512195,Low,138,FALSE
8/22/2092,Hawaiian Islands,-14.57470459,-38.33741338,30.79955751,8.171858952,High,129,FALSE
8/29/2092,Caribbean Sea,-0.458170168,84.25127655,28.39352094,8.056498482,None,72,TRUE
9/5/2092,Maldives,6.104992815,-29.65929699,29.89533505,8.044382639,High,136,FALSE
9/12/2092,Galápagos,29.62250534,66.95022419,29.19349967,8.07911717,None,103,TRUE
9/19/2092,Great Barrier Reef,-0.9983474,87.65162158,28.05875131,8.024396195,Medium,128,TRUE
9/26/2092,Great Barrier Reef,12.32196262,45.73339921,28.38456799,7.955417004,High,59,FALSE
10/3/2092,Hawaiian Islands,11.18928893,-131.3530312,29.72644087,8.04451456,High,169,FALSE
10/10/2092,Red Sea,3.082635029,89.93290227,29.50586796,8.054223319,None,138,FALSE
10/17/2092,Caribbean Sea,11.08701375,65.7749402,32.0966454,8.051858448,None,142,FALSE
10/24/2092,Red Sea,-1.072963329,-200.4866122,29.57811731,8.059060936,Medium,156,FALSE
10/31/2092,Caribbean Sea,-12.96547126,-15.42278983,26.53403554,7.932448576,High,131,FALSE
11/7/2092,Hawaiian Islands,4.170815745,29.52408063,26.19330796,8.079115438,Low,88,FALSE
11/14/2092,South China Sea,3.048467732,23.82962663,28.65757505,8.028709805,Medium,106,FALSE
11/21/2092,Red Sea,12.08194008,-99.4975087,27.21684336,7.979934963,None,80,FALSE
11/28/2092,Galápagos,3.826353687,118.4494338,30.79639228,8.04557228,High,75,FALSE
12/5/2092,Red Sea,4.995287411,-32.11081576,26.85279194,7.998677609,High,150,FALSE
12/12/2092,Hawaiian Islands,-3.702102988,156.3588305,28.78189133,8.026872369,High,76,TRUE
12/19/2092,Maldives,-26.96659359,29.31026971,28.68470522,8.073902945,Medium,97,FALSE
12/26/2092,Hawaiian Islands,-5.302968355,12.96706046,27.32040333,8.035961066,High,108,FALSE
1/2/2093,Hawaiian Islands,4.21542468,3.088040946,28.53086435,8.061657566,Medium,114,FALSE
1/9/2093,Red Sea,10.67714865,20.02904217,26.2146334,8.07546813,High,138,FALSE
1/16/2093,South China Sea,2.59428401,74.50884599,26.45767233,8.103421352,High,77,FALSE
1/23/2093,Caribbean Sea,5.924487087,40.80765852,26.95892217,8.013112843,None,127,FALSE
1/30/2093,Red Sea,10.03323683,92.99459974,27.94505965,8.048822096,None,90,FALSE
2/6/2093,Hawaiian Islands,7.073519092,225.0709872,28.46964048,8.06451671,None,112,TRUE
2/13/2093,South China Sea,10.11719414,-122.2194273,29.90475947,8.067208766,Low,127,FALSE
2/20/2093,Maldives,-0.970077363,-40.25058147,28.33859809,7.936459977,None,107,FALSE
2/27/2093,Great Barrier Reef,18.47526877,-186.612645,29.34291997,8.03021083,Medium,95,FALSE
3/6/2093,Great Barrier Reef,9.56180402,-58.11607392,29.4382787,8.075058365,Medium,126,FALSE
3/13/2093,Hawaiian Islands,-0.22682048,-32.80641548,27.20593317,7.974713249,Medium,144,FALSE
3/20/2093,Maldives,-8.652545178,38.11939467,26.6874215,8.113800551,Low,167,FALSE
3/27/2093,Hawaiian Islands,14.26442413,1.347946086,26.33193054,7.978754283,Low,94,FALSE
4/3/2093,South China Sea,0.931054283,-6.020168996,28.96009904,8.044853994,Low,139,FALSE
4/10/2093,Great Barrier Reef,15.20630004,-67.004504,26.48455733,8.040072712,High,82,FALSE
4/17/2093,South China Sea,12.03417599,97.92303599,29.13711881,7.957714838,Medium,138,TRUE
4/24/2093,Hawaiian Islands,10.10613605,-39.98929709,28.15287843,8.068339707,Medium,64,FALSE
5/1/2093,Maldives,-15.38091194,-172.6382871,28.49370187,8.041470207,High,141,FALSE
5/8/2093,South China Sea,3.5433848,114.196297,29.17512465,8.128082036,Medium,164,FALSE
5/15/2093,Caribbean Sea,25.87456186,26.10932719,31.03710877,8.12360329,None,96,FALSE
5/22/2093,Maldives,22.58928104,47.1530125,24.81706803,8.103427763,Medium,170,FALSE
5/29/2093,South China Sea,30.24326712,-55.01080101,27.39787157,8.029103901,Medium,129,FALSE
6/5/2093,Hawaiian Islands,-0.183472423,-14.87731886,27.87809739,8.04263833,Low,101,TRUE
6/12/2093,Red Sea,-8.626057988,-85.58617076,30.21625739,8.112801251,Low,130,FALSE
6/19/2093,Red Sea,-0.855873485,81.05169971,30.04026113,8.076450008,Low,138,TRUE
6/26/2093,Red Sea,-10.25465774,-32.54929069,25.7174662,8.11073516,High,81,FALSE
7/3/2093,Red Sea,15.58968871,-139.8743101,30.33767081,8.106130105,Medium,169,FALSE
7/10/2093,South China Sea,14.21150834,90.77919654,28.87257731,8.038543826,Medium,157,FALSE
7/17/2093,South China Sea,27.5754085,14.49607294,29.56826774,8.134314689,Medium,149,FALSE
7/24/2093,Hawaiian Islands,-16.17172369,-95.36148563,27.5307505,8.037316579,Medium,63,FALSE
7/31/2093,Red Sea,21.62716358,135.0636261,27.74860334,8.102355884,High,120,FALSE
8/7/2093,Hawaiian Islands,11.03137691,-191.6259808,29.9758768,8.073332148,High,82,FALSE
8/14/2093,Caribbean Sea,22.10253994,-21.8563188,28.76312375,8.113674545,High,97,TRUE
8/21/2093,Maldives,-15.19259469,-144.6834605,28.45156328,8.062829826,Low,152,FALSE
8/28/2093,South China Sea,-34.69547872,-24.04579954,28.42478732,8.116659942,None,63,FALSE
9/4/2093,Great Barrier Reef,20.77395052,40.96494004,28.58991544,8.04099166,Low,155,FALSE
9/11/2093,Red Sea,11.58588249,241.7976048,27.0826808,8.167172788,None,141,FALSE
9/18/2093,Caribbean Sea,-19.29808845,143.0423631,29.26993139,7.963319248,High,130,FALSE
9/25/2093,Red Sea,10.14530539,65.5123406,28.71707422,8.061622676,High,158,FALSE
10/2/2093,South China Sea,20.84137758,-149.3801749,29.65020985,7.982907954,Medium,82,FALSE
10/9/2093,Caribbean Sea,-4.165651502,123.1008599,29.22261805,7.976754518,High,171,TRUE
10/16/2093,Red Sea,-7.893587237,89.85684596,29.10171419,8.078294797,None,110,FALSE
10/23/2093,Maldives,-13.78346605,-134.5930962,29.00413284,7.947799778,None,98,FALSE
10/30/2093,Maldives,11.50525665,-123.1479573,29.67030264,8.025869682,Low,115,FALSE
11/6/2093,Maldives,-22.16721751,116.1154753,27.97352702,8.104454148,Medium,111,FALSE
11/13/2093,Caribbean Sea,43.4932668,84.45852188,30.26426988,8.027208279,None,105,TRUE
11/20/2093,Red Sea,-15.19182047,25.35343105,27.37441777,8.014858636,None,117,FALSE
11/27/2093,Galápagos,-1.035149622,47.52283784,28.31571131,8.090311083,Low,141,FALSE
12/4/2093,Galápagos,7.15108949,-149.7280173,28.06189112,7.994910849,Medium,90,FALSE
12/11/2093,South China Sea,8.66201048,16.36640365,28.48306544,8.007012627,High,153,FALSE
12/18/2093,Caribbean Sea,19.62268025,-75.06073528,27.32883984,7.947199616,None,114,FALSE
12/25/2093,Red Sea,-20.69851678,-122.9924734,27.76258437,7.976156055,None,112,TRUE
1/1/2094,Maldives,6.190500947,-127.8553617,29.09717123,8.060956994,Low,120,FALSE
1/8/2094,Great Barrier Reef,-6.057923409,170.0318052,27.62682017,8.122678516,High,96,FALSE
1/15/2094,South China Sea,7.386394257,112.8189824,28.37852864,8.154060079,Low,63,FALSE
1/22/2094,Galápagos,-4.367530788,85.56500775,30.38139286,8.136198405,Medium,135,FALSE
1/29/2094,Caribbean Sea,2.474653602,66.62962286,30.46290678,8.049308255,High,134,TRUE
2/5/2094,Hawaiian Islands,24.73603614,-119.2171307,29.66488114,8.086911785,High,71,FALSE
2/12/2094,Great Barrier Reef,-0.789647959,93.52219997,28.25736909,8.122994908,Medium,126,FALSE
2/19/2094,Great Barrier Reef,-18.60073352,12.13704667,30.30159521,8.053954587,None,72,FALSE
2/26/2094,Galápagos,3.647217926,88.99995607,31.90312268,8.094247609,None,123,FALSE
3/5/2094,South China Sea,11.47693432,46.01922705,31.31256763,8.108655807,High,100,FALSE
3/12/2094,Maldives,3.029433613,168.5783447,27.85811854,8.02668214,None,58,FALSE
3/19/2094,Caribbean Sea,3.440220784,-2.602131467,26.40326216,8.058171422,High,147,FALSE
3/26/2094,Galápagos,-10.22611184,-26.50244068,26.12341502,8.026308397,High,126,FALSE
4/2/2094,Great Barrier Reef,-17.44556363,119.6093553,28.49389465,8.056306098,None,97,FALSE
4/9/2094,Caribbean Sea,23.26364551,201.4483293,27.97654403,8.009252271,None,107,FALSE
4/16/2094,Great Barrier Reef,-6.334655712,38.53224332,27.94484408,8.01774473,Medium,131,FALSE
4/23/2094,Caribbean Sea,-0.050525715,-74.27981453,27.89991826,7.984629196,Medium,110,TRUE
4/30/2094,Maldives,24.19827606,-146.5914034,28.64248535,8.091418726,Medium,73,FALSE
5/7/2094,Maldives,1.428766691,110.7915143,27.47821622,8.053458727,None,97,FALSE
5/14/2094,Maldives,19.4517584,18.51140244,30.01008905,8.136647401,None,169,FALSE
5/21/2094,Great Barrier Reef,8.671482448,-45.01398013,29.9510061,8.003324193,High,132,FALSE
5/28/2094,Maldives,4.731883355,25.99609165,28.31755877,8.053321531,High,144,FALSE
6/4/2094,Red Sea,-2.843449114,101.2837795,31.07183402,8.008256014,None,60,TRUE
6/11/2094,Red Sea,-8.197261947,-106.3436649,29.69435849,8.02368039,None,101,FALSE
6/18/2094,Hawaiian Islands,0.534332913,-28.18418377,28.36045638,8.061653207,Medium,102,TRUE
6/25/2094,Caribbean Sea,-14.54819108,70.41867317,27.71813636,8.05918288,None,82,FALSE
7/2/2094,Galápagos,18.02024257,-62.46355115,26.63098653,7.988000965,Low,161,TRUE
7/9/2094,Great Barrier Reef,-21.25548377,49.94453907,28.10230806,8.012672087,Medium,137,TRUE
7/16/2094,Maldives,11.32070065,66.49414683,28.73786383,8.007732436,None,161,FALSE
7/23/2094,Great Barrier Reef,8.889056524,-219.327952,27.76217324,8.006614403,High,121,TRUE
7/30/2094,Maldives,8.020074474,29.47865504,28.31304556,8.071832911,Low,171,FALSE
8/6/2094,Hawaiian Islands,10.53086842,44.36423711,26.47368895,8.082284541,Medium,101,FALSE
8/13/2094,Maldives,24.94370967,-55.53832548,31.01674875,8.006229381,None,139,FALSE
8/20/2094,Great Barrier Reef,5.769743211,75.17545849,30.20864855,8.023848723,Medium,99,TRUE
8/27/2094,Maldives,-15.22718986,-79.2440058,31.28374697,8.058366421,Medium,96,FALSE
9/3/2094,Great Barrier Reef,3.250013955,-62.98040491,30.30440925,7.992040637,None,140,FALSE
9/10/2094,Red Sea,33.81766581,59.11823757,27.13024014,7.995353181,Medium,128,FALSE
9/17/2094,South China Sea,7.615865483,-18.261719,27.44694783,8.006263987,Medium,139,FALSE
9/24/2094,South China Sea,-2.679243211,-91.61823562,30.28132777,8.067299095,Low,104,FALSE
10/1/2094,Galápagos,-3.703558634,87.00322589,28.3480437,8.173239894,Medium,166,FALSE
10/8/2094,Caribbean Sea,-1.624317561,-15.70047065,28.82847919,8.095729241,Medium,141,FALSE
10/15/2094,Galápagos,-4.348346852,-42.97136598,29.29381544,8.028268798,High,138,FALSE
10/22/2094,Red Sea,-7.586261296,8.66102316,27.6698489,8.104455234,Medium,99,FALSE
10/29/2094,Red Sea,-31.45717918,179.2723198,25.66270593,8.094126404,None,130,FALSE
11/5/2094,Red Sea,0.503664326,-15.69496263,29.34280746,7.988484099,High,60,FALSE
11/12/2094,Maldives,-0.80753131,200.605269,28.8995159,8.060023247,High,99,FALSE
11/19/2094,Caribbean Sea,-6.971344624,84.75911767,27.76817566,8.094512342,None,109,TRUE
11/26/2094,Galápagos,9.221029038,-202.3533311,29.36565176,8.070104478,Medium,91,FALSE
12/3/2094,Caribbean Sea,1.656834507,90.61400122,27.73751545,8.114603369,Medium,138,FALSE
12/10/2094,Red Sea,20.27073043,70.97795165,28.52820929,7.998848191,None,145,FALSE
12/17/2094,South China Sea,4.04160354,35.23906351,30.4210675,8.086150799,Low,144,FALSE
12/24/2094,Galápagos,3.489250192,-54.31400064,26.51552006,8.052402595,Low,125,TRUE
12/31/2094,Great Barrier Reef,-0.54322639,-96.01570274,29.00823761,8.064908277,None,93,TRUE
1/7/2095,Galápagos,16.14889957,13.88861173,30.55540726,8.150015386,High,107,FALSE
1/14/2095,Galápagos,11.94157086,186.6524306,30.71095903,8.089206564,Low,152,TRUE
1/21/2095,Caribbean Sea,22.41357978,85.98234127,29.09749285,8.043073628,None,132,FALSE
1/28/2095,Red Sea,-17.69058774,-140.7703477,26.25704832,7.955806899,Medium,170,FALSE
2/4/2095,South China Sea,4.164984623,-212.9459988,29.76204003,7.983835102,Low,155,FALSE
2/11/2095,Galápagos,10.12319271,-59.83781507,31.74897644,8.071230375,Medium,82,TRUE
2/18/2095,South China Sea,5.152614799,-46.25851745,29.86448459,8.093336447,Low,88,FALSE
2/25/2095,Caribbean Sea,-0.057530952,7.5957338,29.81263102,7.952663514,Medium,126,TRUE
3/4/2095,South China Sea,-10.62474166,24.55129349,27.5197922,8.037281915,Medium,142,FALSE
3/11/2095,South China Sea,15.80228644,107.7271827,30.05435738,7.999245063,Low,123,FALSE
3/18/2095,Galápagos,14.37446342,-61.34270186,26.72557862,8.004489515,None,116,FALSE
3/25/2095,Caribbean Sea,4.320896084,-25.88704764,29.16932854,8.014020533,Medium,119,FALSE
4/1/2095,Caribbean Sea,12.98839532,140.595788,27.94308365,8.070861135,High,120,FALSE
4/8/2095,Red Sea,-26.14352107,119.617972,28.12397361,7.973950313,Low,90,TRUE
4/15/2095,Great Barrier Reef,12.78575656,-137.6563074,27.21694764,8.023082608,Low,171,FALSE
4/22/2095,Maldives,5.534122698,50.18757233,29.221265,8.092760696,Medium,165,TRUE
4/29/2095,Galápagos,2.520327836,101.6438299,27.76990413,8.005531935,High,129,TRUE
5/6/2095,Maldives,4.140327331,54.1348883,29.62479962,8.022422282,High,105,FALSE
5/13/2095,Galápagos,12.74414698,136.3743092,30.83488031,8.022969328,Low,112,FALSE
5/20/2095,South China Sea,22.58122772,-22.22795999,28.5701989,8.083997484,None,97,FALSE
5/27/2095,Caribbean Sea,18.63455998,-213.2321992,26.98424998,8.012961038,High,163,FALSE
6/3/2095,Red Sea,16.22616983,151.4098024,29.01095013,8.028230163,High,97,FALSE
6/10/2095,Red Sea,-11.00218989,38.38711688,29.46951626,7.978073617,Low,168,FALSE
6/17/2095,Red Sea,19.79341341,-110.2886401,29.23282811,8.042096868,Medium,126,FALSE
6/24/2095,Maldives,-1.577852972,38.24021758,29.86050047,7.972040491,None,101,FALSE
7/1/2095,Great Barrier Reef,6.630719977,242.2777768,29.41019756,7.938017483,Low,150,FALSE
7/8/2095,Maldives,-3.619234388,-105.1755343,25.4274367,8.076896701,High,150,FALSE
7/15/2095,Galápagos,2.582664021,17.78039586,27.10984056,8.07506152,Low,85,TRUE
7/22/2095,Great Barrier Reef,-5.243079914,152.2716524,28.24701836,8.065601168,High,68,FALSE
7/29/2095,Hawaiian Islands,18.8934162,103.0698454,29.60952813,8.013132051,Low,107,FALSE
8/5/2095,Maldives,16.18560932,99.31960234,30.42850797,8.013703967,High,69,FALSE
8/12/2095,Great Barrier Reef,11.05581886,-85.68238805,28.2026424,8.060238913,None,158,FALSE
8/19/2095,Great Barrier Reef,25.04587845,-28.91533194,27.18725453,8.096045583,Medium,81,FALSE
8/26/2095,South China Sea,32.96674559,73.94740576,30.51152611,8.050610956,None,138,FALSE
9/2/2095,Caribbean Sea,-4.038610532,23.13547858,27.7832273,8.025489883,Medium,56,FALSE
9/9/2095,Caribbean Sea,6.534638694,-43.00557254,27.55363239,7.980689923,None,93,FALSE
9/16/2095,South China Sea,9.046176831,-113.9813552,27.6043784,7.967915155,Low,72,FALSE
9/23/2095,Galápagos,21.986245,-16.05131551,28.73476135,8.136811787,Low,152,TRUE
9/30/2095,Maldives,11.864187,227.5387997,28.67085305,7.918076986,None,123,TRUE
10/7/2095,Hawaiian Islands,18.01420731,-94.52303161,27.23874793,8.041261898,None,136,FALSE
10/14/2095,Great Barrier Reef,-4.859761271,-92.92474633,28.95003355,8.030469723,Medium,58,FALSE
10/21/2095,Galápagos,8.142731392,81.28240099,28.21878755,8.084092729,None,82,TRUE
10/28/2095,Caribbean Sea,-3.02937477,79.5487303,26.76506362,8.091263879,Medium,60,FALSE
11/4/2095,Maldives,7.608265582,48.65044456,28.72067974,8.034370893,None,101,FALSE
11/11/2095,Maldives,-3.927094452,85.82495711,32.6643771,8.032247494,High,133,FALSE
11/18/2095,Maldives,24.34163049,-14.68851629,30.37298923,8.097973809,None,72,FALSE
11/25/2095,Galápagos,27.14065728,50.91089384,28.39688166,8.099610934,High,153,FALSE
12/2/2095,Caribbean Sea,-5.513189998,193.4029162,29.77118323,8.113836563,Medium,68,FALSE
12/9/2095,Hawaiian Islands,15.56438984,-71.67244408,27.98145634,8.050024699,Low,115,FALSE
12/16/2095,Hawaiian Islands,24.85833204,1.235015609,26.853005,8.047023777,Medium,162,FALSE
12/23/2095,Maldives,-9.847226805,145.3014901,28.18816556,8.012916254,High,128,FALSE
12/30/2095,Galápagos,-21.85712566,-204.8054277,31.554223,7.998134292,Low,91,FALSE
1/6/2096,Hawaiian Islands,4.886895938,-21.91294219,28.27747303,8.055674563,None,64,FALSE
1/13/2096,Hawaiian Islands,4.280850994,-26.25089015,29.87976571,7.958008,High,89,FALSE
1/20/2096,Caribbean Sea,-8.210879636,-86.16775739,29.59718872,8.03859572,Low,70,FALSE
1/27/2096,Great Barrier Reef,3.355670455,-60.80969667,27.73537058,8.195081883,Low,112,FALSE
2/3/2096,South China Sea,16.13610302,112.3239341,26.04602842,8.007232721,Low,62,FALSE
2/10/2096,Hawaiian Islands,14.72769889,-90.15469193,28.43370448,8.129144989,High,152,FALSE
2/17/2096,Caribbean Sea,22.06555401,21.03144403,29.37805663,8.043785977,High,126,TRUE
2/24/2096,Maldives,2.539360584,157.4390169,28.41122504,8.022892217,None,159,FALSE
3/2/2096,Caribbean Sea,25.1630844,-42.26267723,30.39233897,8.003515052,High,111,FALSE
3/9/2096,Maldives,25.21371794,69.38181795,27.18007874,8.04171082,Medium,69,TRUE
3/16/2096,Hawaiian Islands,11.49714802,-110.6028669,28.24380915,8.010741537,High,119,FALSE
3/23/2096,Red Sea,-7.317862274,-145.365365,28.44592527,8.015799502,Low,69,FALSE
3/30/2096,Hawaiian Islands,3.49306235,-32.01406144,30.98815062,7.963690345,High,127,FALSE
4/6/2096,South China Sea,-6.510132317,62.38102668,31.19118708,8.081575754,Medium,55,FALSE
4/13/2096,Red Sea,24.26110246,36.26349538,28.77425681,7.992038254,None,167,TRUE
4/20/2096,South China Sea,-21.70084384,-174.5622894,29.86962757,8.02748772,High,111,FALSE
4/27/2096,South China Sea,9.147812289,-137.1494752,28.47561269,8.093673897,Low,78,FALSE
5/4/2096,Red Sea,25.32564337,-153.4986006,31.37830277,8.03649439,Medium,170,FALSE
5/11/2096,Great Barrier Reef,-3.977912771,75.78731175,28.65659723,8.028018012,Medium,162,FALSE
5/18/2096,South China Sea,8.722206131,94.33421414,27.246226,8.010593838,High,147,FALSE
5/25/2096,South China Sea,13.3864155,148.9376532,28.09583567,8.070587325,None,156,FALSE
6/1/2096,South China Sea,15.92398505,7.696430567,26.53904267,8.146177824,High,167,TRUE
6/8/2096,Galápagos,11.45994938,-49.63692478,28.29975312,7.976870493,High,59,FALSE
6/15/2096,Galápagos,22.60458133,-94.20322211,26.74930003,8.155686292,High,95,FALSE
6/22/2096,Galápagos,17.42128239,84.40966468,24.77460031,8.016836297,None,120,FALSE
6/29/2096,Maldives,-14.85648563,-148.8126692,31.13876317,8.001514043,Low,135,FALSE
7/6/2096,Red Sea,-12.86731351,35.86894252,25.3085324,8.077396505,Low,94,FALSE
7/13/2096,Red Sea,19.50830943,262.0007568,26.35241713,7.986778877,None,100,FALSE
7/20/2096,Red Sea,30.53767637,68.58969865,27.56957186,8.107354342,High,148,FALSE
7/27/2096,South China Sea,29.98232974,-124.4892722,28.32829875,8.073280245,None,65,FALSE
8/3/2096,South China Sea,-16.33515908,11.49361013,27.54235272,7.935823494,None,142,FALSE
8/10/2096,Maldives,-21.15582162,58.09751322,28.64358589,8.002546635,Medium,167,FALSE
8/17/2096,Caribbean Sea,0.757965787,108.5662789,25.7841464,8.035061638,High,110,FALSE
8/24/2096,Maldives,-16.63401087,144.0846961,27.95236479,8.051996978,Medium,111,FALSE
8/31/2096,South China Sea,5.083516306,33.48926116,26.96542309,8.051732667,Low,124,FALSE
9/7/2096,Maldives,19.53134212,-87.34167501,31.42217797,8.047309113,High,168,TRUE
9/14/2096,Galápagos,13.48601337,85.22039682,28.62429187,8.08858856,Medium,57,FALSE
9/21/2096,Hawaiian Islands,4.505915005,-73.73463772,29.45164203,8.037085242,None,60,FALSE
9/28/2096,Hawaiian Islands,-6.023788543,50.25196278,25.99960063,8.038611072,None,158,FALSE
10/5/2096,South China Sea,-6.345893089,-28.31881221,30.42084333,8.064737409,None,69,TRUE
10/12/2096,Red Sea,-9.176542836,-110.7639837,27.49834007,8.17398789,Medium,90,FALSE
10/19/2096,Galápagos,10.5062139,-131.3728355,27.52537839,8.043323591,None,117,FALSE
10/26/2096,Galápagos,-5.359104463,22.79149294,27.78130571,8.118221555,High,139,FALSE
11/2/2096,Hawaiian Islands,2.712674396,110.7048189,29.98262517,8.020197105,High,160,FALSE
11/9/2096,Red Sea,-15.37193296,-35.73722765,26.45031776,8.023478665,Medium,137,TRUE
11/16/2096,Great Barrier Reef,24.74459485,120.6396135,29.97194544,7.99763843,High,149,FALSE
11/23/2096,Caribbean Sea,-3.554754386,-10.81423465,24.11608104,8.014874251,High,171,FALSE
11/30/2096,Maldives,-17.31441931,-162.8085599,28.87426105,8.124497167,Medium,85,FALSE
12/7/2096,Galápagos,-7.036846886,34.13438979,28.39804498,8.002009786,Medium,164,FALSE
12/14/2096,Galápagos,2.685700357,29.52469055,28.58733674,8.140392249,Low,103,FALSE
12/21/2096,Red Sea,15.20222832,214.7658527,29.57578994,8.095587138,Low,61,TRUE
12/28/2096,Caribbean Sea,-10.42503215,113.8019204,27.44729036,8.085779098,Medium,142,FALSE
1/4/2097,Galápagos,12.04743746,136.934537,25.69469729,8.103494915,None,143,FALSE
1/11/2097,Galápagos,36.92083838,115.7371124,26.88041806,7.981381185,Medium,140,FALSE
1/18/2097,Caribbean Sea,-2.651518538,130.6830894,27.90475747,8.142514943,Low,99,FALSE
1/25/2097,Caribbean Sea,9.584828733,-51.80152841,26.15006133,8.095804391,None,100,FALSE
2/1/2097,Caribbean Sea,10.09904381,173.5621516,26.13654652,8.041794341,Medium,104,TRUE
2/8/2097,Great Barrier Reef,22.24661784,-91.12785801,28.14428777,8.037014438,None,121,FALSE
2/15/2097,Red Sea,24.4346482,27.48527769,28.75403829,7.990637393,High,157,FALSE
2/22/2097,Galápagos,-27.46955122,-12.67974711,28.57003318,8.040520121,None,169,FALSE
3/1/2097,Hawaiian Islands,-6.555273485,-249.4941693,28.61953734,8.012387758,Low,89,FALSE
3/8/2097,South China Sea,4.202095795,-21.59537063,30.03533812,8.123169271,None,142,FALSE
3/15/2097,Maldives,-5.87241354,79.05822165,29.80079752,7.990149756,Medium,103,TRUE
3/22/2097,Maldives,2.332417473,78.03106897,28.81888085,7.97240382,Medium,63,FALSE
3/29/2097,Maldives,5.519182917,112.0599498,28.26954392,8.086140482,Medium,116,TRUE
4/5/2097,Caribbean Sea,-1.790347894,36.78597739,29.34095083,8.121738205,Medium,136,FALSE
4/12/2097,Maldives,-2.468661056,-21.93070015,29.67802382,8.061350536,None,134,FALSE
4/19/2097,Maldives,16.42701921,50.79592852,28.36005086,8.01548292,High,115,FALSE
4/26/2097,Maldives,6.030448764,41.49878229,27.95443831,8.053020637,None,75,FALSE
5/3/2097,Caribbean Sea,7.734654501,-0.882081975,29.86572215,7.964506242,High,137,FALSE
5/10/2097,Galápagos,26.33461238,-11.87116323,31.77716951,8.057571837,Medium,132,FALSE
5/17/2097,Great Barrier Reef,30.48407576,-11.21032169,28.82007061,8.020184464,None,95,FALSE
5/24/2097,Hawaiian Islands,5.706749307,161.9964018,28.50317189,8.098263836,High,148,FALSE
5/31/2097,Hawaiian Islands,5.170824029,-54.41482735,29.8640819,8.066903443,High,115,FALSE
6/7/2097,Caribbean Sea,-0.969191913,-66.29428444,28.15405791,8.072274186,High,117,FALSE
6/14/2097,Galápagos,-10.72034866,-80.00707791,27.57932939,8.005761539,Medium,108,FALSE
6/21/2097,Great Barrier Reef,-12.06819202,-58.63402801,29.59805371,8.032361692,High,63,FALSE
6/28/2097,Hawaiian Islands,27.05132807,-34.41921651,27.90096476,8.086478477,Medium,167,FALSE
7/5/2097,South China Sea,10.29452056,226.2795421,27.30927715,8.158243893,High,166,FALSE
7/12/2097,Great Barrier Reef,0.017111414,-210.4692765,26.34516604,8.019392087,None,114,FALSE
7/19/2097,Galápagos,-7.241436424,-26.81628758,28.85574266,8.097976582,Low,128,FALSE
7/26/2097,Maldives,11.92507917,130.6993724,27.27754578,8.106784373,Low,165,TRUE
8/2/2097,Caribbean Sea,28.38725141,-101.8871969,28.71093099,8.05121129,Medium,90,FALSE
8/9/2097,Maldives,6.053857851,60.34465867,28.67951317,7.967587599,High,117,FALSE
8/16/2097,Great Barrier Reef,20.2887845,-34.20770086,28.85152532,8.056043525,Medium,61,FALSE
8/23/2097,Maldives,33.7080904,-29.79390436,30.27447946,8.170683792,Low,156,FALSE
8/30/2097,Maldives,4.874916538,87.81578905,28.07892673,8.0409253,None,56,FALSE
9/6/2097,Maldives,3.709651757,-110.8942173,27.02556147,8.001702847,None,140,FALSE
9/13/2097,Red Sea,9.487502105,-50.99880515,29.22703948,8.189873346,Medium,119,FALSE
9/20/2097,Caribbean Sea,-9.204634935,85.36373735,31.75136201,8.0404295,High,58,FALSE
9/27/2097,Red Sea,-2.754367636,39.39135757,27.49234674,8.053008353,None,80,FALSE
10/4/2097,Maldives,31.23386163,-3.377222353,28.6317616,8.100028026,Medium,96,TRUE
10/11/2097,Red Sea,19.9833681,122.4790388,27.57030667,8.042617473,Medium,59,FALSE
10/18/2097,Caribbean Sea,1.370561738,-33.73840313,25.6206929,8.065777469,Medium,102,FALSE
10/25/2097,Red Sea,19.7148374,104.1794215,27.92408809,8.006697609,Medium,134,FALSE
11/1/2097,Maldives,-8.161511835,182.6863237,30.37982,8.089722972,Medium,139,FALSE
11/8/2097,Great Barrier Reef,15.24745018,42.11776506,28.47570261,8.048169654,Medium,115,FALSE
11/15/2097,Red Sea,-20.37026868,-10.14428622,27.40223783,8.062229442,None,81,TRUE
11/22/2097,Caribbean Sea,33.10402241,-156.3310675,27.56276471,7.991751158,High,85,FALSE
11/29/2097,South China Sea,34.69157853,-7.941816443,30.12632341,7.957701489,None,98,FALSE
12/6/2097,Caribbean Sea,-22.96773906,22.39705026,29.09478967,7.942385202,Low,113,FALSE
12/13/2097,Great Barrier Reef,-6.243231378,-57.43101562,27.24758753,8.11411306,None,62,FALSE
12/20/2097,South China Sea,9.724500168,-2.792923425,28.31202037,8.039524683,Low,64,FALSE
12/27/2097,Galápagos,18.48042287,-12.09437883,29.81992659,8.010111656,Low,160,TRUE
1/3/2098,Caribbean Sea,-10.91664545,-37.99381844,29.72743176,7.964686103,High,140,FALSE
1/10/2098,Galápagos,-14.58234673,-99.32094368,27.59412902,8.038437321,Low,59,FALSE
1/17/2098,Maldives,6.752658395,161.8414217,28.41438067,8.012260171,High,60,FALSE
1/24/2098,Caribbean Sea,36.9328103,98.90495174,27.84684399,7.995917867,None,93,FALSE
1/31/2098,Galápagos,15.31279563,203.0299793,27.26184867,8.084010835,Medium,62,FALSE
2/7/2098,Caribbean Sea,13.46904392,-47.49054409,27.34045734,8.02876381,Medium,165,FALSE
2/14/2098,Caribbean Sea,-4.447715081,52.2814283,27.99201206,8.098614281,Low,92,FALSE
2/21/2098,Great Barrier Reef,7.944246205,-33.51743658,30.95254869,8.124388291,Medium,71,FALSE
2/28/2098,Hawaiian Islands,-1.002316025,70.79192409,27.63513553,8.056140629,High,141,FALSE
3/7/2098,Red Sea,6.311240469,-30.73655051,28.96574414,8.023774624,Low,85,FALSE
3/14/2098,Great Barrier Reef,-3.73630009,56.16116495,27.45435749,8.033975725,Medium,99,FALSE
3/21/2098,Hawaiian Islands,5.588602438,65.0663697,27.57653542,8.03977931,Low,86,FALSE
3/28/2098,Maldives,-13.4343973,-71.56386751,27.61411509,8.056431245,Medium,86,FALSE
4/4/2098,Galápagos,-7.391265832,157.7587229,28.72890359,8.060934062,High,92,FALSE
4/11/2098,Galápagos,32.37405379,73.55955207,27.38293618,7.88669569,None,146,FALSE
4/18/2098,Maldives,-10.47640845,-69.65252736,29.94692086,8.104123257,Medium,85,FALSE
4/25/2098,Maldives,10.59692281,-51.55244433,29.8863934,8.012925179,High,113,TRUE
5/2/2098,Galápagos,4.821204101,29.97690986,30.84640327,8.021495149,None,129,FALSE
5/9/2098,Caribbean Sea,0.591697203,-14.57785989,29.03813251,8.091613717,Medium,88,FALSE
5/16/2098,Galápagos,26.31246372,-95.78866593,29.08130735,8.010389757,Medium,159,FALSE
5/23/2098,Hawaiian Islands,3.698220364,57.50263794,30.38145462,8.091212235,Medium,111,FALSE
5/30/2098,Great Barrier Reef,2.986540588,-158.8675804,27.06964159,8.06150666,Medium,154,FALSE
6/6/2098,Caribbean Sea,21.31660913,66.61143067,28.51660224,7.977186773,High,109,FALSE
6/13/2098,Caribbean Sea,5.836458728,-44.78470668,28.84510131,8.018738834,Low,156,FALSE
6/20/2098,Caribbean Sea,18.39188138,-107.1752896,26.59342063,8.085566512,High,114,FALSE
6/27/2098,Galápagos,19.30098883,-160.5068515,29.85427292,8.047588786,High,85,FALSE
7/4/2098,South China Sea,16.02586925,13.94555948,29.1819608,8.061214886,Low,63,FALSE
7/11/2098,Hawaiian Islands,-0.250485853,-62.25490375,27.67255701,8.075302895,Medium,158,FALSE
7/18/2098,Maldives,17.2853483,-47.09494371,30.38743768,7.992079436,None,171,FALSE
7/25/2098,South China Sea,37.6604506,-46.36978959,28.27621188,8.106874709,None,77,FALSE
8/1/2098,Galápagos,-1.392584846,36.60989332,28.88638367,8.132768377,None,121,FALSE
8/8/2098,Maldives,19.08837236,-226.4869054,28.6740622,8.031559667,Medium,60,FALSE
8/15/2098,Red Sea,-5.696511467,114.6745955,29.32032427,8.053353808,Medium,55,FALSE
8/22/2098,Hawaiian Islands,8.59913831,-236.3171557,25.96231296,8.069691739,High,55,FALSE
8/29/2098,Red Sea,29.65295018,76.12728455,30.33835049,8.053283713,None,83,FALSE
9/5/2098,Maldives,-7.425057479,-222.173613,30.49789171,8.080204061,None,121,FALSE
9/12/2098,Galápagos,13.33308116,82.37241059,29.73239844,8.12721107,Medium,99,FALSE
9/19/2098,Galápagos,29.86720467,-49.95747669,29.88901723,7.990621592,High,70,FALSE
9/26/2098,Caribbean Sea,-2.772993799,-120.1702012,27.53351638,8.009631248,None,115,TRUE
10/3/2098,Great Barrier Reef,-14.32836327,-103.4946741,24.47614537,8.117829023,Low,104,FALSE
10/10/2098,Hawaiian Islands,-11.5617997,-164.4609205,28.69649903,8.085470545,None,74,FALSE
10/17/2098,Galápagos,7.453915989,39.72362488,29.85697697,7.960594887,High,74,FALSE
10/24/2098,Caribbean Sea,-2.511330211,-35.78124171,28.22865082,8.006299212,Low,141,TRUE
10/31/2098,Galápagos,17.4230283,-13.22934975,26.94439131,8.070143136,Medium,142,FALSE
11/7/2098,Hawaiian Islands,4.620104231,99.32170266,26.81276816,8.019746424,None,132,TRUE
11/14/2098,Caribbean Sea,-4.098921591,87.63787742,33.2909743,8.074598986,Medium,134,FALSE
11/21/2098,Great Barrier Reef,-7.344526775,12.85361182,27.90292254,8.109139832,Medium,151,FALSE
11/28/2098,Great Barrier Reef,-1.117123616,5.206675396,28.99857964,8.021298474,None,57,FALSE
12/5/2098,Caribbean Sea,19.11494045,-7.590208267,27.5333684,8.144396965,None,104,FALSE
12/12/2098,Caribbean Sea,15.18778089,-199.4631719,29.94043148,7.957047026,Medium,73,FALSE
12/19/2098,Great Barrier Reef,-26.67126878,-86.35122729,28.47934246,8.059139152,High,84,FALSE
12/26/2098,Galápagos,37.83926876,45.6823407,29.21700113,8.090315185,High,61,FALSE
1/2/2099,South China Sea,-13.52527361,195.3833014,28.44137804,8.087622225,None,143,FALSE
1/9/2099,Great Barrier Reef,7.702212774,291.7251563,29.4594075,8.078262857,High,122,FALSE
1/16/2099,South China Sea,1.232270587,-13.57228041,26.68253675,8.01609481,None,58,FALSE
1/23/2099,South China Sea,14.56254669,117.7138705,26.26021599,8.048979759,High,149,FALSE
1/30/2099,Great Barrier Reef,32.60692943,8.101425573,27.24435101,8.030813576,Low,95,FALSE
2/6/2099,South China Sea,18.35984344,209.4117757,29.35692152,8.110238944,None,163,FALSE
2/13/2099,Maldives,-21.78159233,109.1574964,28.23030205,8.037234788,None,133,TRUE
2/20/2099,Maldives,1.377059361,123.2088821,30.36061286,7.919732776,Medium,66,FALSE
2/27/2099,Galápagos,-6.523872635,134.5211817,29.50030548,8.021994611,None,73,FALSE
3/6/2099,Caribbean Sea,13.40107751,139.0165097,28.41308201,8.061178324,None,128,FALSE
3/13/2099,South China Sea,4.992587485,-81.93608441,30.80058591,8.068599943,High,140,FALSE
3/20/2099,Great Barrier Reef,-14.14107602,21.97996757,29.23885226,8.024285576,Low,64,FALSE
3/27/2099,Galápagos,23.81793227,110.1920458,27.74610187,8.172623606,Medium,124,FALSE
4/3/2099,Great Barrier Reef,5.87483283,-99.82031789,30.98250919,7.984681828,Low,59,FALSE
4/10/2099,Maldives,-11.47744038,-76.63821235,28.22801645,8.056051477,High,135,FALSE
4/17/2099,South China Sea,4.572906127,-76.42209297,27.82012243,8.006554664,Medium,115,FALSE
4/24/2099,South China Sea,-6.404647783,61.19379031,28.21214939,8.108113631,None,66,FALSE
5/1/2099,Galápagos,-17.57295127,-15.5168927,28.36607121,8.034879596,Medium,110,FALSE
5/8/2099,Galápagos,-1.494173841,-5.666041662,25.75416357,8.004548096,None,159,FALSE
5/15/2099,Great Barrier Reef,-10.51791933,-29.62282179,29.20388774,8.054176415,Medium,138,FALSE
5/22/2099,Great Barrier Reef,-7.463265659,98.6633631,28.29354036,8.061507114,None,61,FALSE
5/29/2099,Maldives,-14.24988011,110.836593,26.79445947,7.99810048,Low,150,FALSE
6/5/2099,Red Sea,14.37641743,-20.2360561,30.90432641,7.996213305,None,110,FALSE
6/12/2099,Red Sea,3.431695125,-146.7678183,29.61120914,8.013879726,High,166,TRUE
6/19/2099,Red Sea,-15.298235,101.5679926,26.42600684,8.0625897,None,107,FALSE
6/26/2099,Red Sea,14.69898927,15.83594613,26.14657364,8.045640605,None,62,FALSE
7/3/2099,South China Sea,9.221494299,-84.88862239,27.76763931,8.00861313,High,157,FALSE
7/10/2099,Maldives,-11.88963411,102.3887665,26.33188718,8.035473417,Low,60,FALSE
7/17/2099,Maldives,3.418570416,93.05878738,28.05769045,8.002362921,None,148,FALSE
7/24/2099,Maldives,-39.4970198,68.9047439,30.93820926,8.096538331,Low,73,FALSE
7/31/2099,Maldives,-21.73667783,62.29552384,30.20973802,8.120990845,High,74,TRUE
8/7/2099,Hawaiian Islands,13.09896202,-57.04379594,29.74164163,7.915760447,Medium,121,FALSE
8/14/2099,South China Sea,11.73419094,-159.7677937,29.64812782,8.049879989,Low,144,TRUE
8/21/2099,South China Sea,15.51569935,-53.69669782,29.26662742,8.029087951,High,148,FALSE
8/28/2099,South China Sea,-5.088733552,-124.0513949,25.38224384,8.109364328,High,153,FALSE
9/4/2099,Galápagos,24.2129196,37.70341367,26.75799395,8.031240483,Low,156,FALSE
9/11/2099,Maldives,13.22521441,104.6625332,26.36699627,8.109823415,High,101,TRUE
9/18/2099,South China Sea,13.32480582,150.9641633,29.95019834,8.052178792,Medium,77,FALSE
9/25/2099,Galápagos,20.48784355,-26.23714092,26.82349254,8.01856463,High,168,FALSE
10/2/2099,Caribbean Sea,12.12460785,-140.3217283,26.18389229,8.030748751,None,68,FALSE
10/9/2099,Red Sea,2.17514269,-9.676824478,27.97819676,8.128778782,High,75,FALSE
10/16/2099,Hawaiian Islands,2.76018008,-183.9854512,28.71692565,8.042822866,Medium,163,FALSE
10/23/2099,South China Sea,12.50497698,133.9290639,26.63994566,8.201103101,Medium,92,TRUE
10/30/2099,Galápagos,-7.516974187,156.4049594,29.39158446,8.023075459,None,73,FALSE
11/6/2099,Hawaiian Islands,8.061395106,266.082374,28.42120845,8.025102802,Low,137,FALSE
11/13/2099,South China Sea,-4.094228661,34.16293826,29.38181612,7.982980612,Medium,153,FALSE
11/20/2099,Hawaiian Islands,17.60443188,-42.54084136,27.5916826,7.936633301,None,61,FALSE
11/27/2099,Red Sea,2.897820027,-12.92729982,28.50166896,8.059079936,High,129,FALSE
12/4/2099,Maldives,17.4153327,-54.448725,28.25695509,8.034238331,None,162,FALSE
12/11/2099,Great Barrier Reef,25.07502129,-154.7526893,26.96210938,8.127213652,Low,158,FALSE
12/18/2099,Hawaiian Islands,10.22203509,166.3159522,29.25026166,8.097092103,Medium,78,FALSE
12/25/2099,Hawaiian Islands,15.48799217,39.75809784,28.58641131,8.026434765,Low,92,FALSE
1/1/2100,Red Sea,-12.70092397,184.1827027,25.67918208,7.992821196,None,71,FALSE
1/8/2100,South China Sea,1.90900572,-44.57532536,27.9501884,7.993843104,None,169,FALSE
1/15/2100,Hawaiian Islands,12.20199518,64.94504462,26.43394728,8.071665044,High,82,FALSE
1/22/2100,Hawaiian Islands,-0.147063271,-187.0410096,26.93807814,8.103502161,Medium,97,FALSE
1/29/2100,Red Sea,4.101055154,-56.60835381,28.57265387,7.966247327,High,150,FALSE
2/5/2100,Red Sea,15.98642339,77.18432064,31.01491729,8.101462011,Medium,161,TRUE
2/12/2100,Galápagos,-0.227020373,-136.6044362,28.78380526,8.011911386,Low,74,FALSE
2/19/2100,Galápagos,-14.06747938,-37.76742336,27.01183903,8.072774431,Medium,107,TRUE
2/26/2100,Red Sea,7.885118269,-78.09134828,29.5461455,8.131971583,High,150,TRUE
3/5/2100,Caribbean Sea,3.841679035,-92.77235448,28.07662249,8.084307536,Low,79,TRUE
3/12/2100,Red Sea,0.975751877,-125.1026229,28.79869629,7.987827399,Medium,150,FALSE
3/19/2100,Caribbean Sea,3.346633226,159.157143,30.6243641,8.060966084,Low,69,FALSE
3/26/2100,Hawaiian Islands,-1.311896708,-29.0502049,31.23197489,8.154013026,None,163,FALSE
4/2/2100,South China Sea,-28.80689053,215.8917515,29.13506918,8.028779193,High,155,TRUE
4/9/2100,Maldives,-2.88495767,7.97873049,26.86116573,8.008325195,High,133,TRUE
4/16/2100,South China Sea,4.514125595,-289.1806656,26.10093633,8.049644194,None,105,FALSE
4/23/2100,South China Sea,0.847036799,148.3849456,30.5485542,8.053825555,Medium,60,FALSE
4/30/2100,South China Sea,-7.494875419,-81.05346726,29.39536852,8.122259213,Medium,66,FALSE
5/7/2100,Hawaiian Islands,8.903600909,-40.12928862,27.43285429,8.014230096,Medium,107,FALSE
5/14/2100,Galápagos,-6.586733095,172.2445497,28.37931548,8.036114363,High,67,FALSE
5/21/2100,Red Sea,9.197686642,-147.9612617,29.64823139,8.115292883,None,142,TRUE
5/28/2100,South China Sea,28.40729737,-90.52171377,30.2133557,8.073053988,Low,83,FALSE
6/4/2100,Galápagos,3.237314531,217.5146243,28.40622889,8.08163886,Low,161,FALSE
6/11/2100,South China Sea,-4.747818809,45.7922053,26.66810514,8.036449623,Medium,169,FALSE
6/18/2100,Galápagos,-6.135944158,15.95573844,26.50295274,8.10886016,Medium,136,FALSE
6/25/2100,Caribbean Sea,14.11827105,1.882013204,30.72087242,8.043040299,Medium,170,FALSE
7/2/2100,Red Sea,6.130543139,145.3984537,29.83325262,8.058610936,None,60,FALSE
7/9/2100,Galápagos,33.82478718,201.3266391,28.35667736,8.070850346,Medium,118,FALSE
7/16/2100,Great Barrier Reef,-24.49407014,-43.22529961,29.73888124,8.095534621,High,83,FALSE
7/23/2100,South China Sea,9.763969822,-107.0130529,29.76661161,8.01020101,Low,75,TRUE
7/30/2100,Red Sea,3.358487748,66.23955412,27.46172971,8.011675643,None,98,FALSE
8/6/2100,Galápagos,-4.926184002,88.62634246,28.70148488,8.109288314,Low,165,FALSE
8/13/2100,Caribbean Sea,7.941259809,162.9339183,26.47463571,8.086343814,None,135,FALSE
8/20/2100,Red Sea,-4.096759984,65.84463009,28.73126593,8.113801852,High,138,FALSE
8/27/2100,Great Barrier Reef,-7.555155923,-68.15414037,27.05512408,7.995828925,High,115,FALSE
9/3/2100,Caribbean Sea,-16.17950294,-82.16161599,27.47519607,8.01328115,High,129,FALSE
9/10/2100,Galápagos,-5.537238757,-10.98283074,29.44332892,8.060102829,Low,118,FALSE
9/17/2100,Galápagos,-4.42253097,-38.52418257,26.19431905,8.105187578,High,129,FALSE
9/24/2100,Great Barrier Reef,4.909569373,-53.68798811,28.06911012,7.924238617,High,164,FALSE
10/1/2100,Caribbean Sea,9.540985767,9.674179894,28.81040312,8.060411344,Medium,150,TRUE
10/8/2100,South China Sea,1.463598232,-34.95780921,28.41092832,8.160512987,Medium,91,FALSE
10/15/2100,Galápagos,8.731221855,37.14772774,29.84457386,8.033763034,Medium,120,FALSE
10/22/2100,Great Barrier Reef,-3.76625972,32.46530198,27.69327705,8.042996586,Medium,101,FALSE
10/29/2100,Hawaiian Islands,6.71300802,32.18064998,29.77585126,8.002356418,High,118,FALSE
11/5/2100,Maldives,0.53530161,5.754937699,24.36548256,8.036107199,High,88,FALSE
11/12/2100,Red Sea,9.221112481,-70.08996664,29.81649692,8.062390483,Medium,96,FALSE
11/19/2100,Red Sea,-3.630164782,-36.67600624,27.89373394,8.064920398,Low,79,TRUE
11/26/2100,Great Barrier Reef,3.53092331,69.68631366,28.74020139,8.029419792,High,88,FALSE
12/3/2100,Galápagos,-0.042534909,-42.62938647,30.48082025,8.206792261,None,63,FALSE
12/10/2100,Red Sea,6.72777361,2.821391172,30.08502499,8.087553368,Low,170,FALSE
12/17/2100,Great Barrier Reef,13.48613347,-120.0401855,27.4419642,8.119870781,Low,150,FALSE
12/24/2100,Maldives,14.22641539,93.13334113,28.72335007,8.097521124,None,74,FALSE
12/31/2100,Maldives,19.49244971,109.2665099,27.26793205,8.011898847,None,161,FALSE
1/7/2101,South China Sea,-9.280375835,-33.11121054,27.97235953,7.98322804,None,59,FALSE
1/14/2101,Galápagos,18.1613918,61.15891806,26.82166959,8.111521373,None,143,TRUE
1/21/2101,Caribbean Sea,5.281665815,-119.9823935,27.65534738,8.01589985,Low,76,FALSE
1/28/2101,Great Barrier Reef,-11.73509533,106.499207,26.32866661,8.064761752,Medium,78,FALSE
2/4/2101,Galápagos,26.63410429,44.28766915,27.51066215,7.952518797,Low,86,FALSE
2/11/2101,Caribbean Sea,23.9938782,-39.05839294,27.96809028,8.11666314,Low,59,FALSE
2/18/2101,South China Sea,-2.800419003,-196.3801802,27.73084205,8.189268145,None,77,FALSE
2/25/2101,Maldives,-5.289717193,-25.2676948,28.47566468,8.080335013,High,108,FALSE
3/4/2101,Great Barrier Reef,-2.106990971,-205.654723,30.30841022,8.157949741,High,102,FALSE
3/11/2101,Caribbean Sea,22.01498864,191.3015965,27.60218679,8.089003877,Medium,99,FALSE
3/18/2101,South China Sea,29.39654013,-23.78297719,26.55271183,8.089427019,None,160,FALSE
3/25/2101,Maldives,-22.52772757,-89.95290285,29.36285568,8.025168984,High,84,FALSE
4/1/2101,Red Sea,-8.31152325,97.69523383,29.67512847,8.006248557,None,151,FALSE
4/8/2101,South China Sea,27.51615066,75.45541349,29.16576382,8.009052011,None,91,FALSE
4/15/2101,Maldives,-0.032551975,-127.4491079,28.32477341,8.06421442,None,61,FALSE
4/22/2101,Galápagos,-0.537411924,41.98910677,28.56539908,8.100841534,High,58,TRUE
4/29/2101,Maldives,-0.616454119,-24.2317736,25.69229782,8.125425764,High,65,FALSE
5/6/2101,Maldives,8.357867114,207.2715487,27.63059879,8.13886084,None,70,FALSE
5/13/2101,Hawaiian Islands,4.221775435,32.31548342,24.91134706,8.080537048,High,55,FALSE
5/20/2101,Hawaiian Islands,-1.94098941,-76.61231863,29.4389325,8.08398841,None,123,FALSE
5/27/2101,Maldives,-2.908559206,148.1601686,27.88829557,7.942583187,None,116,FALSE
6/3/2101,Caribbean Sea,14.73180938,47.3472715,27.79933552,8.056942449,Medium,102,FALSE
6/10/2101,Galápagos,2.30182301,102.1828241,26.74875195,7.964254,None,171,FALSE
6/17/2101,South China Sea,20.82984683,-130.7197897,28.08132743,8.001005581,High,86,FALSE
6/24/2101,Red Sea,-17.7629647,-98.52986034,28.23693415,8.040175271,High,158,FALSE
7/1/2101,Maldives,9.120275767,-43.61318755,29.05088514,8.099094203,High,138,FALSE
7/8/2101,Galápagos,25.84606691,-107.9499047,29.58204641,8.131895092,High,66,FALSE
7/15/2101,South China Sea,-3.674641174,-165.6651252,30.37442708,8.035373418,Medium,91,FALSE
7/22/2101,Maldives,-0.670149493,38.88024156,29.1414707,8.046163631,High,61,FALSE
7/29/2101,Red Sea,4.659867897,-32.29865637,28.84362797,7.993786852,High,95,FALSE
8/5/2101,Hawaiian Islands,14.6936852,-197.3966547,28.67810537,8.019954256,Medium,106,FALSE
8/12/2101,Caribbean Sea,-10.1324877,9.081506802,27.89478801,8.121119467,None,54,FALSE
8/19/2101,South China Sea,-8.623463324,124.7965771,26.03089446,8.047362401,None,95,FALSE
8/26/2101,Red Sea,27.86678121,-140.995208,28.59178985,7.993122939,Low,122,TRUE
9/2/2101,Red Sea,-13.48591262,75.65962829,30.54034985,8.013874068,Low,133,FALSE
9/9/2101,Maldives,22.26467211,-59.16414461,26.12310748,8.126658952,Medium,61,FALSE
9/16/2101,Galápagos,16.32718144,70.42781711,26.3052261,7.931864622,None,94,FALSE
9/23/2101,South China Sea,8.377277239,41.89545561,27.69107583,8.102774276,None,73,TRUE
9/30/2101,Caribbean Sea,24.94938975,31.94312073,30.36926473,8.01484682,None,162,FALSE
10/7/2101,Hawaiian Islands,-10.43667648,113.0669944,26.45649864,8.121241767,None,161,TRUE
10/14/2101,South China Sea,2.155196229,96.07261164,27.38155621,7.99949755,Medium,151,FALSE
10/21/2101,Hawaiian Islands,14.51332593,-61.50288838,29.20261628,8.013649777,High,99,FALSE
10/28/2101,South China Sea,8.208457991,-29.06871631,27.94528257,8.043152345,Medium,141,FALSE
11/4/2101,South China Sea,11.70364124,146.342155,28.11480257,8.033057288,High,110,TRUE
11/11/2101,Galápagos,5.080691881,-181.0621249,29.28831047,8.024866328,High,143,FALSE
11/18/2101,Maldives,-9.628116817,150.2136537,27.57674013,7.960162911,None,140,FALSE
11/25/2101,Red Sea,8.866543239,-95.41576676,28.00954344,8.000587964,None,161,FALSE
12/2/2101,Hawaiian Islands,-5.167613642,20.28633934,31.20350113,8.023249742,None,103,FALSE
12/9/2101,Red Sea,-5.288770703,113.6371082,31.31533255,8.027990338,None,58,TRUE
12/16/2101,Galápagos,-7.707162421,-13.61848525,26.2944496,7.977269632,None,55,FALSE
12/23/2101,Caribbean Sea,17.36985399,197.6978782,25.58396056,8.019417508,None,114,FALSE
12/30/2101,Maldives,20.24638016,96.50140913,28.97773478,8.096571218,Low,65,FALSE
1/6/2102,Maldives,13.18112839,93.93939322,28.60609793,8.032227735,Low,160,FALSE
1/13/2102,Red Sea,-8.438446741,-225.105455,26.99542699,8.021111748,None,134,FALSE
1/20/2102,Galápagos,-19.56382875,145.0226801,27.26054021,8.020830417,High,154,FALSE
1/27/2102,South China Sea,3.916412314,-15.03797007,30.27268924,7.937697811,None,154,FALSE
2/3/2102,Caribbean Sea,-3.261132918,91.7979398,26.48855951,8.031709296,None,159,FALSE
2/10/2102,South China Sea,4.549947962,-283.9507753,28.47230105,7.994405703,High,140,FALSE
2/17/2102,Maldives,29.86151138,-35.58755217,26.40646065,8.037668188,None,56,FALSE
2/24/2102,Galápagos,3.518701447,139.0659688,27.07585774,8.134956548,Medium,142,TRUE
3/3/2102,Galápagos,25.1895416,109.1605753,26.51555291,8.061162507,High,126,FALSE
3/10/2102,Red Sea,-3.216189874,-62.53306383,27.61442877,8.122368184,High,99,TRUE
3/17/2102,South China Sea,11.29632193,32.32400604,28.7723451,8.049279294,None,156,TRUE
3/24/2102,South China Sea,5.659806511,135.8706764,28.85562572,8.177376404,None,100,FALSE
3/31/2102,Red Sea,14.87325024,30.65128615,28.21672866,7.964446655,Medium,82,FALSE
4/7/2102,Hawaiian Islands,7.159255062,-180.8320104,29.22995605,8.145246087,High,136,TRUE
4/14/2102,South China Sea,15.98910802,-74.1784548,27.31106812,8.021227568,High,169,FALSE
4/21/2102,Galápagos,9.077879474,-134.8464366,27.60953942,8.062878463,None,57,FALSE
4/28/2102,Hawaiian Islands,7.180557959,7.892744253,29.00310555,8.12685532,None,61,FALSE
5/5/2102,Red Sea,14.1346219,83.36023229,27.89835348,7.99485486,Medium,135,FALSE
5/12/2102,Hawaiian Islands,-0.830162378,-68.87086723,29.9658221,8.095592128,Medium,154,TRUE
5/19/2102,Galápagos,5.093550256,-46.04867401,27.38771078,7.960559423,Low,92,FALSE
5/26/2102,Caribbean Sea,33.20557048,94.95767091,27.61735191,8.028277941,None,96,TRUE
6/2/2102,Caribbean Sea,19.76591262,-163.5591885,30.44354357,8.073197322,Medium,115,FALSE
6/9/2102,Galápagos,14.32847622,49.87592532,26.88625984,8.099948912,None,131,FALSE
6/16/2102,Galápagos,20.77477671,60.58428421,29.91186293,7.983561105,None,129,TRUE
6/23/2102,Galápagos,-17.43097008,123.8190661,27.73655431,8.075943579,Medium,63,FALSE
6/30/2102,Red Sea,15.34571443,-65.16573262,28.12249653,8.026063422,None,149,FALSE
7/7/2102,South China Sea,-11.77613354,-135.8622718,28.23062258,8.048442203,None,153,TRUE
7/14/2102,Great Barrier Reef,-7.88633773,-157.1213489,28.32463714,8.103442192,None,106,FALSE
7/21/2102,Hawaiian Islands,26.23084535,-8.253494837,28.79814309,8.071928607,None,69,TRUE
7/28/2102,Great Barrier Reef,16.52294546,137.6326235,28.53016467,8.027973045,None,99,FALSE
8/4/2102,South China Sea,3.297471717,83.26465423,29.24072949,8.105953031,None,87,FALSE
8/11/2102,Hawaiian Islands,3.81878395,150.5836311,29.76715972,8.154308182,Low,89,FALSE
8/18/2102,Maldives,-7.899666991,85.72357313,28.56294013,8.120441048,High,125,TRUE
8/25/2102,Caribbean Sea,6.711727133,31.93564656,26.26034519,8.073785449,Medium,165,FALSE
9/1/2102,Red Sea,-0.7883477,26.00638311,27.70209681,8.098145799,Medium,71,FALSE
9/8/2102,Caribbean Sea,-8.231615165,18.18873275,30.82844859,8.113534036,None,170,FALSE
9/15/2102,Red Sea,5.30176092,-122.3583206,29.08108987,8.04489714,Low,126,FALSE
9/22/2102,Maldives,-11.42182966,-172.2846736,30.59611802,7.988780539,High,75,TRUE
9/29/2102,South China Sea,7.506723938,169.2696703,28.95358538,8.111721537,Low,111,FALSE
10/6/2102,Maldives,-1.141109104,148.5392853,27.52068371,8.026621395,Medium,149,TRUE
10/13/2102,Galápagos,3.891213818,40.26816074,27.56769101,8.013754961,None,129,FALSE
10/20/2102,Great Barrier Reef,26.48690629,241.5236925,29.00249309,8.031501108,Medium,107,FALSE
10/27/2102,Hawaiian Islands,-8.516066841,-63.64390227,28.80989952,8.109407757,High,56,FALSE
11/3/2102,Great Barrier Reef,4.545524391,-26.98519002,28.63556909,8.03303273,Medium,141,FALSE
11/10/2102,Maldives,2.099878124,-35.4971634,26.06833237,8.110375754,Low,60,FALSE
11/17/2102,Galápagos,32.91848111,58.24098023,28.9375959,8.05881672,Low,94,FALSE
11/24/2102,Caribbean Sea,7.63363267,40.69136321,27.56007212,7.992965144,Low,97,FALSE
12/1/2102,Red Sea,-22.05646703,81.30116906,27.41090363,8.131150615,None,55,FALSE
12/8/2102,South China Sea,19.26881965,27.94655514,32.04060806,8.032642621,Medium,73,FALSE
12/15/2102,Caribbean Sea,-15.50198278,-15.53407043,31.75106991,8.098865468,Low,95,FALSE
12/22/2102,Maldives,37.21293287,118.1035816,27.50538193,8.024564361,Medium,65,FALSE
12/29/2102,Galápagos,8.085580317,-115.6418347,31.97161358,8.125564653,High,113,FALSE
1/5/2103,Red Sea,6.868535065,-83.47071056,29.11155364,8.011474502,None,144,FALSE
1/12/2103,Caribbean Sea,1.231788784,-241.4289327,25.86987714,8.066669036,Low,59,FALSE
1/19/2103,South China Sea,2.91393541,-52.8254639,24.97286201,8.082353642,None,77,TRUE
1/26/2103,Hawaiian Islands,18.37713653,137.5494353,29.20477324,8.043069668,High,142,FALSE
2/2/2103,Caribbean Sea,-0.78943357,-130.3549966,29.50187934,8.069019908,Medium,141,FALSE
2/9/2103,Hawaiian Islands,29.3629465,56.0366294,28.41351626,8.127418634,High,138,FALSE
2/16/2103,Maldives,3.817774864,-35.84107955,26.5069286,8.003167632,Low,126,FALSE
2/23/2103,Great Barrier Reef,-6.558859806,27.64857711,28.39550352,8.065615756,None,103,FALSE
3/2/2103,Galápagos,4.039343405,66.46498506,27.99161326,8.035748224,High,132,FALSE
3/9/2103,Hawaiian Islands,-7.291739515,293.8980934,29.69020279,7.99644589,Low,94,TRUE
3/16/2103,Red Sea,16.10324211,-38.73877831,29.497881,8.165750312,Low,128,FALSE
3/23/2103,Maldives,-1.652587372,31.57033265,31.08515046,7.977081864,None,94,FALSE
3/30/2103,Caribbean Sea,0.935751307,-11.49251438,27.00922324,8.08686678,Medium,97,FALSE
4/6/2103,Galápagos,6.958090074,-78.0286101,28.05383261,8.004605075,High,63,FALSE
4/13/2103,Caribbean Sea,23.1511204,-125.4926326,28.29522566,7.95328749,High,169,FALSE
4/20/2103,Caribbean Sea,-2.623218918,-50.6225641,27.01810337,8.047979362,Low,109,FALSE
4/27/2103,Galápagos,11.26124116,73.21826721,25.84974239,7.983511629,None,65,TRUE
5/4/2103,Galápagos,10.54744652,14.24357044,28.72043034,8.066091432,None,78,FALSE
5/11/2103,Red Sea,-2.837974952,237.427115,28.96990439,8.170675956,None,79,FALSE
5/18/2103,Galápagos,0.057274088,55.05864105,28.32198839,7.921009652,None,60,FALSE
5/25/2103,Hawaiian Islands,8.060925788,-157.6778883,28.20980036,8.078599393,Low,81,FALSE
6/1/2103,Galápagos,-1.249604847,144.6629028,26.57692458,7.912956237,Medium,154,TRUE
6/8/2103,Maldives,-12.28080204,-83.15988901,29.06099216,7.973470287,Medium,129,FALSE
6/15/2103,Galápagos,27.49042358,-53.00215273,30.19521863,8.170003254,Medium,159,FALSE
6/22/2103,South China Sea,-2.098433424,192.0490148,29.75173021,8.014932536,None,111,FALSE
6/29/2103,Hawaiian Islands,16.87518132,-58.83022928,28.92183232,8.099684983,Medium,114,TRUE
7/6/2103,Maldives,0.355985046,-116.9229701,28.52223004,8.159864809,High,151,FALSE
7/13/2103,South China Sea,2.881088566,92.79006852,29.82823778,8.034265479,None,65,FALSE
7/20/2103,Red Sea,8.391795765,316.0982795,28.94813414,8.015461737,High,152,FALSE
7/27/2103,South China Sea,32.34572679,200.9054386,28.198223,8.000202165,High,115,FALSE
8/3/2103,Hawaiian Islands,21.48482467,29.51655523,28.30798052,7.973327943,High,56,TRUE
8/10/2103,Galápagos,0.367911511,-33.85288371,29.09895198,8.051737022,None,169,FALSE
8/17/2103,Caribbean Sea,-2.063283993,-94.3496929,29.31610907,8.054389722,None,63,TRUE
8/24/2103,Caribbean Sea,7.490727473,-227.4159788,29.62247071,8.011452663,Medium,163,FALSE
8/31/2103,Caribbean Sea,-4.682784421,69.30832569,28.97570293,8.027773852,High,95,FALSE
9/7/2103,Hawaiian Islands,30.19364814,197.6996589,25.39494631,8.036216218,None,82,FALSE
9/14/2103,Caribbean Sea,27.84510535,147.1877284,27.02325665,8.154829691,Low,158,FALSE
9/21/2103,Hawaiian Islands,1.639237681,147.4489346,28.72962825,8.044390345,None,76,FALSE
9/28/2103,Galápagos,9.486421636,60.67754877,30.35083759,8.158318469,High,116,FALSE
10/5/2103,Caribbean Sea,13.36781087,246.1180905,30.60944902,7.991676527,High,85,FALSE
10/12/2103,Caribbean Sea,6.360629465,85.25075215,29.32043339,8.127336013,High,152,FALSE
10/19/2103,Caribbean Sea,26.87766572,44.73835392,28.14327861,7.990181138,Medium,128,FALSE
10/26/2103,Caribbean Sea,-5.372003721,167.6347623,27.29636024,8.04926098,None,95,FALSE
11/2/2103,Red Sea,-7.355085514,22.09034907,26.050079,8.02996025,Low,79,FALSE
11/9/2103,Maldives,-4.728505018,-139.1648858,28.11679196,8.166216168,High,154,TRUE
11/16/2103,Hawaiian Islands,2.305226921,-178.9193079,27.73037868,8.108554046,Medium,127,FALSE
11/23/2103,Caribbean Sea,-22.85604336,63.95832085,27.4847359,8.091684492,None,159,FALSE
11/30/2103,Maldives,21.39218698,-187.8536632,29.10271936,8.027317714,None,93,TRUE
12/7/2103,Red Sea,-0.053986183,244.8453676,27.52210609,7.994857617,Medium,137,FALSE
12/14/2103,Red Sea,22.01367258,0.47091474,27.07660989,8.004624183,Low,116,FALSE
12/21/2103,Hawaiian Islands,-10.88135394,66.04025541,28.03277902,8.089964824,High,121,FALSE
12/28/2103,Caribbean Sea,-0.042659255,-21.52294719,28.01496864,8.175526153,Low,154,FALSE
1/4/2104,Maldives,6.646661196,-31.81623033,28.96520469,7.999489884,Medium,55,FALSE
1/11/2104,Maldives,-5.213834588,131.0663517,28.40274514,8.161377081,Medium,107,FALSE
1/18/2104,Maldives,-8.471133932,158.9787201,29.75625217,8.066943741,High,166,TRUE
1/25/2104,South China Sea,18.51881568,169.6863255,26.12303376,8.032310914,None,95,FALSE
2/1/2104,Hawaiian Islands,19.1759137,-23.82381658,29.7142563,8.054736753,None,101,FALSE
2/8/2104,Hawaiian Islands,41.64571756,4.084483593,28.95905371,7.959158356,Low,60,FALSE
2/15/2104,South China Sea,1.391348624,141.2412036,27.76832314,7.969581063,Low,60,FALSE
2/22/2104,Galápagos,9.15856641,28.9161922,27.36319018,8.113820626,None,111,FALSE
2/29/2104,Red Sea,21.87301242,109.8522183,27.21091846,7.957172398,Medium,118,FALSE
3/7/2104,Maldives,-2.206638594,-11.15264213,27.3802931,8.086965978,None,57,FALSE
3/14/2104,South China Sea,-9.220088478,-17.70559332,31.15985555,7.979123799,High,154,FALSE
3/21/2104,Great Barrier Reef,12.09135688,72.60380612,29.90089166,8.083613482,Medium,116,FALSE
3/28/2104,South China Sea,7.72901856,-178.0614568,29.05943353,8.084400625,Medium,79,FALSE
4/4/2104,Galápagos,-12.09481592,-1.611563781,29.35940735,8.039718686,None,65,FALSE
4/11/2104,Galápagos,-8.729130611,28.17698321,29.59566408,8.05590962,None,69,FALSE
4/18/2104,South China Sea,16.17752591,-72.56928431,27.82235978,8.096127067,High,153,TRUE
4/25/2104,South China Sea,18.18577072,123.44835,30.61008878,8.20713821,None,102,TRUE
5/2/2104,South China Sea,6.226758188,-37.52494723,30.39558705,8.055098197,Medium,113,FALSE
5/9/2104,Great Barrier Reef,6.022385585,-49.18976409,30.80984427,8.051377553,Medium,64,FALSE
5/16/2104,South China Sea,3.154462225,80.36664284,27.31832722,8.038576654,High,80,FALSE
5/23/2104,Hawaiian Islands,-18.61337316,-102.2986977,31.16005072,8.110148053,High,149,FALSE
5/30/2104,Hawaiian Islands,-0.004745201,-37.38186156,29.68875651,8.034965529,High,104,TRUE
6/6/2104,Caribbean Sea,-5.284386455,61.23056121,27.60020188,8.078886837,Low,65,FALSE
6/13/2104,Caribbean Sea,2.253095958,-100.2085685,24.93966722,8.11976585,Low,171,FALSE
6/20/2104,Great Barrier Reef,36.03349259,68.13166044,26.67009566,8.036154723,None,86,FALSE
6/27/2104,Hawaiian Islands,17.95203812,-45.92947883,27.69887713,8.108020087,Medium,72,FALSE
7/4/2104,Caribbean Sea,1.631723865,-81.82752038,28.20467213,8.001297303,None,119,FALSE
7/11/2104,Great Barrier Reef,1.703833076,32.68913924,29.35287442,7.945285567,None,120,FALSE
7/18/2104,Hawaiian Islands,4.052398148,-30.41711834,29.66004106,8.074886202,High,149,FALSE
7/25/2104,Maldives,-10.87567453,196.5840711,29.63999513,8.054062642,None,147,FALSE
8/1/2104,South China Sea,14.3905667,8.665136122,28.37351078,8.114466266,None,159,FALSE
8/8/2104,Caribbean Sea,5.633160301,48.20372289,30.05762739,7.98191282,Low,165,FALSE
8/15/2104,Galápagos,-10.00100775,-180.3560827,28.97963659,8.130068247,High,72,FALSE
8/22/2104,Red Sea,4.173252388,-9.319488264,31.07828938,8.005466129,High,100,FALSE
8/29/2104,Galápagos,11.08977585,-52.3283744,27.38754639,7.983250247,High,57,TRUE
9/5/2104,Red Sea,2.841021032,45.44780688,26.9185801,8.0204177,None,61,FALSE
9/12/2104,Caribbean Sea,-1.573343189,-2.579796928,26.46517618,8.164158787,High,142,FALSE
9/19/2104,Galápagos,4.14296473,69.02097979,29.19441926,7.939171034,None,65,TRUE
9/26/2104,Caribbean Sea,14.64083963,31.49872862,28.12752982,8.091688735,High,111,FALSE
10/3/2104,South China Sea,12.31615534,128.1307098,28.46241454,8.137534859,None,129,TRUE
10/10/2104,Great Barrier Reef,0.149488411,17.18253294,27.56814463,8.138912601,Medium,85,FALSE
10/17/2104,Maldives,-0.025980448,-6.892519619,28.44760678,8.037311868,High,152,FALSE
10/24/2104,Maldives,3.52199424,38.91057944,27.80946862,8.024496741,None,79,FALSE
10/31/2104,Red Sea,9.781491818,21.30273505,28.63728426,8.02808106,Low,91,FALSE
11/7/2104,Maldives,2.027709547,194.1399181,29.44125965,8.083596886,None,71,FALSE
11/14/2104,South China Sea,15.24612494,28.24825304,29.56261964,8.064788856,None,114,FALSE
11/21/2104,Caribbean Sea,-0.872605696,48.46883705,29.49813822,8.066919833,None,164,FALSE
11/28/2104,South China Sea,-2.837173206,-31.34655959,29.87070586,8.052991442,Medium,93,TRUE
12/5/2104,Red Sea,22.00489465,97.40023952,27.87985669,8.061895923,High,166,FALSE
12/12/2104,Red Sea,25.30756581,-40.0899359,28.16381116,8.105645437,Low,108,FALSE
12/19/2104,South China Sea,26.05412802,166.4546025,27.37092633,8.168715138,High,153,FALSE
12/26/2104,Maldives,2.752402009,28.79780913,27.5083374,8.0173568,High,145,FALSE
1/2/2105,Maldives,-14.25762188,33.80024346,26.80702083,8.056577293,None,140,FALSE
1/9/2105,Hawaiian Islands,24.67528039,67.00826902,26.08924586,8.088504091,None,144,FALSE
1/16/2105,Maldives,-6.877520435,154.0377777,29.04236964,8.058320674,Medium,145,FALSE
1/23/2105,Caribbean Sea,11.62406615,-127.4076602,26.89593656,8.147312656,High,150,TRUE
1/30/2105,Red Sea,11.90197369,74.51128696,29.5338392,8.174445666,High,130,FALSE
2/6/2105,Galápagos,11.60080627,-111.5842565,30.69781996,8.062867885,Medium,76,FALSE
2/13/2105,South China Sea,23.88751648,-298.2566043,27.6992694,8.016142836,None,117,TRUE
2/20/2105,Red Sea,-11.00193007,-37.81096136,28.12991615,8.101297886,High,64,FALSE
2/27/2105,Caribbean Sea,3.571085548,125.405558,27.42567525,8.057246328,Medium,142,TRUE
3/6/2105,Caribbean Sea,-11.99814807,179.0308144,29.11016715,8.090364759,Medium,154,FALSE
3/13/2105,South China Sea,28.02622895,177.0187584,27.98245694,8.02732559,Medium,146,TRUE
3/20/2105,Red Sea,11.36369597,140.9186793,27.53290952,8.047206824,High,141,FALSE
3/27/2105,Great Barrier Reef,10.15682984,-42.21142445,26.67167233,8.051456579,None,125,FALSE
4/3/2105,Maldives,4.347569543,116.1051675,29.07717101,8.000733508,Low,84,FALSE
4/10/2105,Great Barrier Reef,10.74408397,-54.85447354,28.06335471,8.041477633,Low,116,FALSE
4/17/2105,Maldives,8.945690082,147.2792614,26.60930773,8.022991308,Medium,65,FALSE
4/24/2105,Red Sea,26.51223439,-136.4513809,28.46889134,8.020605183,None,58,FALSE
5/1/2105,Galápagos,23.21575122,-67.70443904,29.85138454,8.075617983,None,139,FALSE
5/8/2105,South China Sea,15.80317117,-59.24584212,25.56759859,7.976379551,None,71,FALSE
5/15/2105,Maldives,-22.2651268,7.393637159,26.77763179,8.171672243,High,126,FALSE
5/22/2105,Galápagos,6.716565368,161.508139,27.65257722,7.965556958,None,168,FALSE
5/29/2105,Red Sea,-19.62864132,104.4833068,28.21025132,8.01721357,None,115,FALSE
6/5/2105,Hawaiian Islands,13.71216478,-261.6216795,27.02609231,7.982706236,None,60,FALSE
6/12/2105,South China Sea,15.0069091,199.214039,29.12206467,7.929700593,Low,94,FALSE
6/19/2105,Galápagos,18.27565144,-53.29162638,29.01635591,8.029384398,Medium,125,FALSE
6/26/2105,Great Barrier Reef,-1.685985819,-41.78556493,28.51191451,8.058603663,Low,72,FALSE
7/3/2105,South China Sea,8.574785359,-44.25743309,27.13867321,8.037076663,Medium,126,TRUE
7/10/2105,Great Barrier Reef,7.160574799,-11.52230534,29.56096093,8.088235397,None,105,FALSE
7/17/2105,Maldives,24.94981456,170.1038846,27.86404946,8.062975192,Low,168,FALSE
7/24/2105,Hawaiian Islands,-17.36930662,177.9466119,29.86256489,8.100385273,High,171,FALSE
7/31/2105,Caribbean Sea,-2.638573791,-171.1804723,27.0503485,7.967928713,Medium,64,TRUE
8/7/2105,Caribbean Sea,6.570174617,13.13768781,27.47038061,7.998067957,High,121,FALSE
8/14/2105,Great Barrier Reef,-7.912632701,19.64572016,29.35058539,8.056511744,None,156,FALSE
8/21/2105,Red Sea,16.89600681,-11.13558006,29.87203156,8.047066549,High,121,FALSE
8/28/2105,Great Barrier Reef,-24.39283354,-166.4398877,30.09026616,8.106376131,None,124,FALSE
9/4/2105,Caribbean Sea,10.70999936,97.10341468,26.72035728,8.010684839,High,97,FALSE
9/11/2105,Maldives,-7.753199434,-81.68052219,26.52211036,7.967690321,Medium,88,FALSE
9/18/2105,Caribbean Sea,-0.545590614,-239.678324,27.17803663,8.044500053,Low,168,FALSE
9/25/2105,Red Sea,14.62081422,124.347821,28.65382723,8.109299241,High,83,FALSE
10/2/2105,Galápagos,16.31523001,-54.82561619,27.1510693,8.029545914,Low,140,FALSE
10/9/2105,Hawaiian Islands,25.16666135,77.88110094,30.82268201,8.099077613,Low,114,FALSE
10/16/2105,Maldives,-26.6765223,9.352156491,28.61011638,8.084105348,None,125,FALSE
10/23/2105,Maldives,19.64088991,36.94143351,27.4671465,8.188754709,High,103,FALSE
